Artist,Count
Lady Gaga,451
Charli xcx,346
Britney Spears,315
Ariana Grande,269
Taylor Swift,261
Chappell Roan,255
Madonna,223
Rihanna,181
girl in red,178
Billie Eilish,163
Beyoncé,163
Mitski,139
Charity Gayle,138
Sabrina Carpenter,123
"Tyler, The Creator",116
Doja Cat,110
Kim Petras,109
DigBar,103
Slayyyter,103
Reneé Rapp,102
Katy Perry,102
Ayesha Erotica,100
Dua Lipa,99
Cavetown,99
Whitney Houston,98
Troye Sivan,96
Kylie Minogue,94
Kesha,92
Mindless Self Indulgence,88
Penelope Scott,85
Mad Tsai,85
Nicki Minaj,84
TV Girl,82
Hozier,80
Gloria Gaynor,79
Gorillaz,76
Olivia Rodrigo,73
Stray Kids,73
Conan Gray,71
Fall Out Boy,68
Clairo,68
Playboi Carti,68
Zara Larsson,67
Lana Del Rey,66
Mariah Carey,66
The Weeknd,64
Lil Uzi Vert,63
Kanye West,62
Phoebe Bridgers,62
MARINA,62
SYLX,61
Drake,60
Mother Mother,60
Donna Summer,59
David Guetta,58
RuPaul,58
The Neighbourhood,57
ABBA,56
Megan Thee Stallion,56
Azealia Banks,54
Doechii,54
Travis Scott,52
Miley Cyrus,52
The Pussycat Dolls,52
Frank Ocean,51
Dixon Dallas,51
Radiohead,51
Childish Gambino,51
Kendrick Lamar,50
SZA,50
McCafferty,50
Queen,49
Melanie Martinez,48
Ricky Montgomery,48
Laufey,47
Cher,47
Shashwat Sachdev,46
Udit Narayan,45
Calvin Harris,43
Tove Lo,42
Chase Icon,42
Jennifer Lopez,42
Arctic Monkeys,42
Cobrah,42
SOPHIE,41
Alex G,41
YoungBoy Never Broke Again,41
$uicideboy$,40
Badshah,40
Pierce The Veil,40
Christina Aguilera,40
Pritam,39
Addison Rae,39
Lucy Dacus,39
Bruno Mars,39
Paramore,39
The Marías,39
Tate McRae,39
Shygirl,38
Mac DeMarco,38
Arijit Singh,38
My Chemical Romance,38
PinkPantheress,38
Sam Smith,38
Panic! At The Disco,38
FLETCHER,37
Will Wood,37
AJR,36
Slipknot,36
Gwen Stefani,36
Demi Lovato,36
MUNA,35
Odetari,35
Marvin Gaye,35
Robyn,35
Rina Sawayama,34
KATSEYE,34
Alka Yagnik,34
Deftones,34
Nelly Furtado,34
Gigi Perez,34
cupcakKe,33
Diana Ross,33
Lil Peep,33
JAŸ-Z,33
Kusorare,33
Offer Nissim,33
Kali Uchis,32
Ethel Cain,32
Weezer,32
Fergie,31
Jack Stauber's Micropop,31
Ashnikko,31
Juice WRLD,31
Bebe Rexha,31
boygenius,30
Cardi B,30
G Flip,30
Lil Nas X,30
Justin Bieber,29
Måneskin,29
Simon & Garfunkel,29
Carly Rae Jepsen,29
Lizzo,29
femtanyl,28
Janet Jackson,28
Steve Lacy,28
The Living Tombstone,28
21 Savage,28
Spice Girls,28
100 gecs,28
Shakira,28
Chris Cox,27
P!nk,27
Fuerza Regida,27
Junior H,27
Lemon Demon,27
Malcolm Todd,27
David Bowie,27
Julien Baker,27
Lil Wayne,27
Lorde,27
Dolly Parton,27
Rio Romeo,26
Pi’erre Bourne,26
Future,26
NOAHFINNCE,26
Jorge Rivera-Herrans,26
Korn,26
SG Lewis,26
Rodney Carrington,26
Eminem,26
Ari Abdul,26
Barry Harris,26
Pitbull,26
beabadoobee,26
The Weather Girls,26
The Front Bottoms,25
Tommy february6,25
Seoul Music Ensemble,25
Tally Hall,25
Brandi Carlile,25
October London,25
Orville Peck,25
Iggy Toma,25
Lil Baby,25
Zedd,25
Jeffery Self,25
JT,25
Imagine Dragons,24
Madison Beer,24
Tiësto,24
The Smiths,24
6arelyhuman,24
Hole,24
Ecco2k,24
KAYTRANADA,24
Elton John,24
Goodbye June,24
Avril Lavigne,24
Billy Joel,24
Hayley Kiyoko,24
3OH!3,23
Toadies,23
Crystal Waters,23
Crystal Gayle,23
Princess Nokia,23
Hex Hector,23
YonKaGor,23
Sir Mix-A-Lot,23
Bad Bunny,23
Sylvester,23
Dazey and the Scouts,23
Dominic Fike,23
Deva Premal,23
Maya Simantov,22
Nusrat Fateh Ali Khan,22
George Michael,22
Janelle Monáe,22
Eve,22
Florence + The Machine,22
ADÉLA,22
Gracie Abrams,22
mgk,22
Car Seat Headrest,22
Sarah and the Safe Word,21
Caroline Polachek,21
Surf Curse,21
Kankan,21
CeCe Peniston,21
ppcocaine,21
The Soul of Philly,21
Bo Burnham,21
The Cure,21
Rebelution,21
will.i.am,21
Destiny's Child,21
Kacey Musgraves,21
Electro Circuit,21
The Blake Robinson Synthetic Orchestra,21
Irshad Kamil,21
Mamonas Assassinas,21
Bronski Beat,20
She Wants Revenge,20
Amitabh Bhattacharya,20
Pendulum,20
Adele,20
Kehlani,20
Pharrell Williams,20
Deborah Cox,20
Central Cee,20
Ken Carson,20
Bob Marley & The Wailers,20
blue for you,20
Sade,20
Harry Styles,20
Reinaeiry,20
Fleetwood Mac,20
Sleep Token,20
System Of A Down,20
J. Cole,20
Halsey,19
Wheeler Walker Jr.,19
Madds Buckley,19
Hot Freaks,19
Ava Max,19
Wham!,19
Todrick Hall,19
CG5,19
Nirvana,19
Metro Boomin,19
Scissor Sisters,19
Vishal-Shekhar,19
Tame Impala,19
Cage The Elephant,19
Gay Dicks,19
5 Seconds of Summer,19
Lazy Jay,19
Grimes,19
Shania Twain,19
Sufjan Stevens,19
Village People,19
Twenty One Pilots,18
GloRilla,18
Omar Apollo,18
Glass Animals,18
Cast of EPIC: The Musical,18
Green Day,18
Iggy Azalea,18
Lil Tecca,18
Beach Bunny,18
Post Malone,18
King 810,18
Kelly Rowland,18
RAYE,18
Barrett Wilbert Weed,18
Stevie Wonder,18
Young Miko,18
DaBaby,18
Anup Ghoshal,18
Icona Pop,17
Pent Up Pup,17
JUNGI,17
Jasmine Sandlas,17
Biscuit Beats,17
Ghost,17
James Prophet,17
Akon,17
Annapantsu,17
Prince,17
Wallows,17
Timbaland,17
Insane Clown Posse,17
Patrick Cowley,17
Diplo,17
Willie Nelson,17
Evanescence,17
Cigarettes After Sex,17
Cartel De Santa,17
Badflower,16
Oingo Boingo,16
Daft Punk,16
Sexyy Red,16
Diljit Dosanjh,16
Sophie Ellis-Bextor,16
Little Mix,16
BLACKPINK,16
Jimmy Console,16
ur pretty,16
Ty Dolla $ign,16
Linkin Park,16
mxmtoon,16
Sir Chloe,16
Joshua Sherman,16
Selena Gomez,16
A$AP Rocky,16
Olly Alexander (Years & Years),16
Tinashe,16
Marino,15
Rose Gray,15
Sagi Kariv,15
Polo G,15
Justin Timberlake,15
Yeat,15
Norman Nodge,15
Sam Haft,15
Elliott Smith,15
Red Hot Chili Peppers,15
Andrew Underberg,15
OR3O,15
Saweetie,15
Colby O'Donis,15
Foo Fighters,15
Ben Platt,15
Wanda Wonderful,15
Tegan and Sara,15
Snoop Dogg,15
lozeak,15
Pet Shop Boys,15
t.A.T.u.,15
Arcane,15
Rico Nasty,15
Ed Sheeran,15
Sister Sledge,15
KMFDM,15
Nxdia,15
King Princess,15
Maretu,15
Jack Stauber,15
The Dresden Dolls,14
Khalid,14
Brent Faiyaz,14
Arca,14
YUNGBLUD,14
Dance Gavin Dance,14
Abdul moiz,14
Robin S,14
Rebzyyx,14
Rita Ora,14
Zolita,14
Young Thug,14
Reble,14
Amber,14
The Killers,14
Boy Pussy,14
Bryson Tiller,14
M.I.A.,14
Bigstevedzn,14
Bee Gees,13
League of Legends,13
LUCKI,13
"Earth, Wind & Fire",13
Blondie,13
One Direction,13
Maya,13
FISHER,13
overtonight,13
Laura Les,13
All Time Low,13
Lay Bankz,13
Lil Tjay,13
Dove Cameron,13
Aretha Franklin,13
Karan Aujla,13
Cyndi Lauper,13
Yuno Miles,13
Missy Elliott,13
KPop Demon Hunters Cast,13
Sia,13
Orchestral Manoeuvres In The Dark,13
Jessie J,13
CORPSE,13
Fifth Harmony,13
Remi Wolf,13
Kate Bush,13
KeepitEZ _,13
Dead Or Alive,13
Rebecca Sugar,13
CHIC,13
Paris Hilton,13
Betu,13
alex_g_offline,13
AKUGETSU,13
Jessie Ware,13
Coldplay,13
Will Wood and the Tapeworms,13
Set It Off,13
Papa Roach,12
A Boogie Wit da Hoodie,12
Dylan Brady,12
Morgan Wallen,12
Wiz Khalifa,12
Chaka Khan,12
Adrianne Lenker,12
Bill Withers,12
Wheels on the Bus,12
JENNIE,12
Annie Lennox,12
Roar,12
Gucci Mane,12
King Von,12
XXXTENTACION,12
Eyedress,12
The Beatles,12
Kelly Clarkson,12
Soft Cell,12
Big Thief,12
Tanishk Bagchi,12
Vishal Dadlani,12
Steven Universe,12
Noah Kahan,12
Peter Rauhofer,12
Lauren Sanderson,12
Stacey Q,12
Crookers,12
BL8M,12
PARK BYEONG HOON,12
Magdalena Bay,12
Lata Mangeshkar,12
Ultra Naté,12
SIX,12
Daniel Caesar,12
Aliyah's Interlude,12
Kikuo,12
Faye Webster,12
Yung Spinach,12
REI AMI,12
Bareback Boys,12
SEGA SOUND TEAM,11
Current Joys,11
Chance the Rapper,11
Depeche Mode,11
Jazmin Bean,11
Original Broadway Cast of Hamilton,11
JADE,11
Gary Valenciano,11
76th Street,11
Mac Miller,11
Mohammed Rafi,11
Poppy,11
kets4eki,11
Pixel Hood,11
Hazbin Hotel,11
USHER,11
Moizee,11
Kygo,11
Frankie Goes To Hollywood,11
The Stupendium,11
Wage War,11
New Order,11
Black Gryph0n,11
Mary Lambert,11
Adam Lambert,11
The Backseat Lovers,11
Tyga,11
Ryan McCartan,11
Joji,11
Eurythmics,11
TLC,11
Tamia,11
carpetgarden,11
s0rrow,11
Purple Disco Machine,11
HOLYCHILD,11
bbno$,11
The Isley Brothers,11
Direlm,11
KAROL G,11
Bree Runway,11
Black Eyed Peas,11
Becky G,11
Hatsune Miku,11
AC/DC,11
Tears For Fears,11
Steven Musso,11
Kaden Slay,11
Sushi Soucy,11
Autoheart,11
Carrie Underwood,11
Big Sean,11
Halestorm,11
DUD,11
EJAE,11
Lil Guy,11
Lil Zesty Guy,11
The Strokes,11
Sachin-Jigar,11
Kumaar,11
PEGGY,10
STOMACH BOOK,10
LSDXOXO,10
Tokischa,10
Gunna,10
Nile Rodgers,10
Juicy J,10
Kid Ink,10
Ella Langley,10
KolossalKocks,10
Kodak Black,10
Offset,10
TWICE,10
Toby Fox,10
Estelle,10
John W,10
Rae Sremmurd,10
Mr.Cum,10
Dorian Electra,10
Larray,10
dat1quietkid,10
Disclosure,10
Chris Brown,10
The Supremes,10
Chris Lake,10
The Cardigans,10
Ryn Weaver,10
Modern Baseball,10
The Chicks,10
HUNTR/X,10
Maroon 5,10
Camila Cabello,10
Deee-Lite,10
David Morales,10
Faithless,10
Miranda Lambert,10
Maren Morris,10
Dave Stewart,10
Teddy Hyde,10
Paula Abdul,10
Alec Benjamin,10
The Shapeshifters,10
Alice Lee,10
Sleeping With Sirens,10
The Orion Experience,10
Shreya Ghoshal,10
Lord Huron,10
Christian Borle,10
Dave Audé,10
Luis Alvarado,10
AUDREY NUNA,10
Tammi Terrell,10
George Daniel,10
Flo Rida,10
Lizzy McAlpine,10
Matt Maltese,10
The Taxpayers,10
Tammy Wynette,10
Millionaires,10
chloe moriondo,10
Dayvi,10
The Rare Occasions,10
Taylor Dayne,10
Nickelback,10
Nine Inch Nails,10
Irene Cara,10
Mom Jeans.,10
I DONT KNOW HOW BUT THEY FOUND ME,9
blackbear,9
Tyla,9
MF DOOM,9
Coheed and Cambria,9
Betty Who,9
Lil Fruity,9
The Blessed Madonna,9
Luke Combs,9
AJJ,9
Brandon Lake,9
Caleb Hyles,9
cade clair,9
Lin-Manuel Miranda,9
The Crane Wives,9
Luther Vandross,9
Divine,9
Bad Omens,9
Duran Duran,9
Ciara,9
blink-182,9
Yan Cook,9
Moizee Khan,9
Don Toliver,9
Bowling For Soup,9
Normani,9
Jessica Keenan Wynn,9
Elle McLemore,9
Bladee,9
Michael Kovach,9
Ghost and Pals,9
Le Tigre,9
Ne-Yo,9
Bonnie Tyler,9
Thalia,9
Neha Kakkar,9
Sublime,9
Power Bottom,9
Michael Gray,9
Self,9
Emily Yacina,9
TOMORROW X TOGETHER,9
Ranjani-Gayatri,9
Junior Vasquez,9
Isaac Dunbar,9
Rubyeye,9
The Temptations,9
T-Pain,9
Galactum,9
Lil' Kim,9
Mýa,9
Baby Queen,9
C418,9
Metallica,9
Cascada,9
BJ Lips,9
Blake Roman,9
And One,9
Luke Bryan,9
Patsy Cline,9
dodie,9
Ms. Lauryn Hill,9
GRLwood,9
Michael Jackson,9
Kaskade,9
Starbomb,9
Club Shy,9
Good Kid,9
El León Y Su Gente,9
Migos,9
Jhené Aiko,9
Jax Jones,9
Ice Spice,9
Ace of Base,9
passengerprincess,9
Marty Robbins,9
Disco Lines,9
Maluma,9
Joel Corry,9
KittenSneeze,8
Neon Trees,8
Nigpro,8
Girls Aloud,8
saoirse dream,8
Mac Quayle,8
No Doubt,8
Scott Kennedy,8
Sailo,8
Brennen Grey,8
Kaiser (K S R),8
Pleasurekraft,8
Angry Children,8
Three Days Grace,8
LeAnn Rimes,8
Porter Robinson,8
Majestic,8
Boys Noize,8
Cahill,8
Benny Benassi,8
Agnes,8
Destroy Boys,8
Brandy Clark,8
Devourment,8
Lil Durk,8
Kevin Murphy,8
C!naH,8
Florida Georgia Line,8
Jelly House,8
Pabllo Vittar,8
Liana Flores,8
Tracy Chapman,8
Laurence O'Keefe,8
La Bouche,8
Faheem Abdullah,8
Repudilation,8
Coyote Theory,8
Peso Pluma,8
Melanie C,8
Major Lazer,8
BROCKHAMPTON,8
STARSET,8
WILLOW,8
Knock2,8
NewJeans,8
Joey Valence & Brae,8
Vacations,8
KK,8
Linda XO,8
ORION,8
The Magnetic Fields,8
Bananarama,8
The Communards,8
Fcukers,8
Fred again..,8
Frank Sinatra,8
Daniel Deluxe,8
MGMT,8
OneRepublic,8
Rick James,8
Al Green,8
Ash Costello,8
Kellin Quinn,8
Atif Aslam,8
Black Box,8
Honey Dijon,8
Gloria Trevi,8
Pan-Pot,8
Thunderpuss,8
Ludacris,8
James Ruskin,8
Andrew Rannells,8
Kelis,8
Tory Lanez,8
Phil Wickham,8
Derivakat,8
Ado,8
Anastacia,8
of Montreal,8
Reba McEntire,8
Victoria Monét,8
Trixie Mattel,8
Steve Grand,8
Leslie Odom Jr.,8
Sunidhi Chauhan,8
Jakeneutron,8
Mark Broom,8
The Gaslight Orchestra,8
R3HAB,8
Dean Blunt,8
Duster,8
Cody Belew,8
Sub Urban,8
Elevation Worship,8
Rage Against The Machine,8
Lorna Shore,8
Anne Louise,8
pichuu,8
Dom Dolla,8
Basement Jaxx,8
Pepper,8
yeule,8
Trippie Redd,8
quannnic,8
Jess Glynne,8
Alex Newell,8
bôa,8
A. G. Cook,8
Anderson .Paak,8
Chase Atlantic,8
NF,8
De La Soul,8
Eric Prydz,7
Zegovia,7
Dinosaur Jr.,7
Wyclef Jean,7
Of Monsters and Men,7
Edson Pride,7
Fried By Fluoride,7
Guy Scheiman,7
Akimbosa,7
Ancient Methods,7
Ness,7
Waylon Jennings,7
People & Songs,7
Nancy Ajram,7
ScHoolboy Q,7
Gloc-9,7
The Oozes,7
Wheatus,7
UMEK,7
Beats By AI,7
AI Larry Bob,7
Torren Foot,7
Advanced Human,7
Trinity (AU),7
Fanon Flowers,7
Stephanie Sykes,7
SLV,7
Lewis Fautzi,7
Neoni,7
Cults,7
Suki Waterhouse,7
FKA twigs,7
Galantis,7
Duke Dumont,7
Birat Bitz,7
TR/ST,7
Jeff Buckley,7
Disney,7
Poor Man's Poison,7
Lollia,7
Mustard,7
Fetty Wap,7
Red Velvet,7
Pastel Ghost,7
PWR BTTM,7
Jo Dee Messina,7
Freemasons,7
Limp Bizkit,7
LGBTQ+,7
Idina Menzel,7
S3RL,7
CeCe Winans,7
Hypaton,7
Otis Redding,7
Katie Pruitt,7
6FU;,7
PNAU,7
Tito Double P,7
Dr. Dre,7
Chris Housman,7
Big Freedia,7
Nicole Scherzinger,7
Fedde Le Grand,7
Benny Dayal,7
A.R. Rahman,7
Jubin Nautiyal,7
Muse,7
Chief Keef,7
Culture Club,7
La Zowi,7
London Yellow,7
Army Of Lovers,7
a-ha,7
Susannah Joffe,7
Peggy Gou,7
Lil Yachty,7
Sodikken,7
PARTYNEXTDOOR,7
MIKA,7
Disturbed,7
Lola Young,7
Tommy Love,7
Jeanie Tracy,7
Clean Bandit,7
Bring Me The Horizon,7
hoshie star,7
Slightly Stoopid,7
Lincoln,7
Tomoya Ohtani,7
Redman,7
Hirsute Pursuit,7
Stellar,7
Flo Milli,7
Erasure,7
311,7
Rahat Fateh Ali Khan,7
Skillet,7
Heavenly,7
Ghostemane,7
Isabel LaRosa,7
julie,7
Daddy Yankee,7
ILLIT,7
Cast Recording,7
Kah-Lo,7
Miguel,7
Artemas,7
Mason,7
Princess Superstar,7
Loretta Lynn,7
Olivia Dean,7
Rainbow Kitten Surprise,7
Baasik,7
The Lumineers,7
Rebecca Black,7
3LAU,7
Gabe Liedman,7
Kool & The Gang,7
Wolf Parade,7
felix jaehn,7
Brooks & Dunn,7
The Offspring,7
girli,7
Sleepy Hallow,7
GRANT KNOCHE,7
Guns N' Roses,7
Gigamesh,7
Sigala,7
Speed Gang,6
Hydracoque,6
Bob the Drag Queen,6
Rabi Ghosh,6
Joy Again,6
underscores,6
Natalia Lafourcade,6
Niv Ast,6
Elfenberg,6
juju<3,6
Faith Hill,6
The Beaches,6
Zach Bryan,6
Mika Singh,6
Kanaria,6
Alex Brightman,6
Biscits,6
YOASOBI,6
Nina Simone,6
Hilary Duff,6
Cloudy June,6
John Summit,6
whatsaheart,6
SIDEPIECE,6
Only Fire,6
The Pointer Sisters,6
TEMPOREX,6
Calle 24,6
John + Jane Q. Public,6
S. D. Burman,6
The Growlers,6
Los Campesinos!,6
Busta Rhymes,6
Tribal Eo,6
Anuel AA,6
Alan Jackson,6
Céline Dion,6
The Japanese House,6
Walker & Royce,6
Ricky Martin,6
Snatam Kaur,6
Elio Mei,6
half•alive,6
BRONZE AVERY,6
Father John Misty,6
Mark Ronson,6
The Brobecks,6
Lil Mariko,6
Peach PRC,6
Lil Tracy,6
Joan Jett & the Blackhearts,6
Crystal Castles,6
Bon Iver,6
WRABEL,6
tenseup,6
Tdf,6
Bob Dylan,6
Sheff G,6
Mabel,6
Sean Paul,6
pølaroit,6
The Daughters Of Eve,6
The Police,6
The Clash,6
Crush 40,6
Sameer Anjaan,6
G-Eazy,6
Scott Joplin,6
Johnny Cash,6
The B-52's,6
Melissa Etheridge,6
"TINH HÀ ""SAY HI""",6
The Oh Hellos,6
The Highwomen,6
Natalie Hemby,6
Amanda Shires,6
Soundgarden,6
Hercules & Love Affair,6
Sarah Jane Morris,6
Electric Light Orchestra,6
Eternal Suffering,6
Confetti,6
grandson,6
DJ Freshly,6
The Tamperer,6
Avicii,6
Steven C,6
Amy Winehouse,6
Lykke Li,6
LAUV,6
Cheryl Lynn,6
Shekhar Ravjiani,6
Shilpa Rao,6
Madhubanti Bagchi,6
Vishal Mishra,6
Nikhita Gandhi,6
Schmekel,6
Squee,6
Brooke Eden,6
Young Slo-Be,6
J Fletch,6
Mikky Ekko,6
The Veronicas,6
Crystal Gale,6
Yseult,6
Egg,6
Bunny,6
Shayfer James,6
50 Cent,6
Kishore Kumar,6
Kevin Jones,6
Plumtree,6
Pavement,6
NLE Choppa,6
2 Chainz,6
Thelma Houston,6
City Girls,6
Daryl Hall & John Oates,6
Jonny McGovern,6
Keith David,6
That Handsome Devil,6
Lil Skies,6
St. Vincent,6
Shep Pettibone,6
Indresh Upadhyay,6
Ikky,6
Navaan Sandhu,6
Best Coast,6
Selena Gomez & The Scene,6
The Dare,6
The All-American Rejects,6
KC & The Sunshine Band,6
LIZ,6
Macklemore,6
Loleatta Holloway,6
Awaken Love Band,6
ivycomb,6
Mo Beats,6
Greyson Chance,6
GFOTY,6
FETISH,6
Björk,6
Orla Gartland,6
benny blanco,6
Chela Rivas,6
John Michael Howell,6
Gregory Alan Isakov,6
Lightris,6
LISA,6
Cherub,6
lexycat,6
WillyRodriguezWasTaken Archive,6
Amaarae,6
Anand Bakshi,6
Meg Stalter,6
Harrison,6
Alice Deejay,6
Swae Lee,6
SNAP!,6
Anuradha Paudwal,6
James Brown,6
Devon Hendryx,6
TonyPitony,6
MNEK,6
Clementine Douglas,6
Boys Go To Jupiter,6
AJ Dispirito,6
Billy Idol,6
Barry White,6
Alexis Jordan,6
The Smashing Pumpkins,6
Metric,6
Gladys Knight & The Pips,6
Kevin McKay,6
Marshmello,6
The Cranberries,6
asteria,6
Yinon Yahel,6
Armando Julián,6
Veronica Fusaro,6
Ellie Goulding,5
Paulina Rubio,5
DANNA,5
Robin Schulz,5
Third Eye Blind,5
Tikkle Me,5
Christine and the Queens,5
ChristianAdamG,5
sombr,5
Outliers,5
Isaac Rodriguez,5
Heidi Montag,5
Isak Danielson,5
The Fray,5
ROSALÍA,5
FLAVOR FOLEY,5
TrapStarMula,5
Beach House,5
LSG,5
Chris Grey,5
Portishead,5
Tim McGraw,5
Jatin-Lalit,5
Becky Hill,5
Nessa Barrett,5
Kacy Hill,5
Jagwar Twin,5
Randy Nota Loca,5
Ashe,5
IAMX,5
Omar Rudberg,5
LE SSERAFIM,5
Claud,5
Leith Ross,5
AFROJACK,5
Edgardo Nuñez,5
Logic,5
X Ambassadors,5
Sherine,5
Kero Kero Bonito,5
3 Doors Down,5
Tom Odell,5
The Walters,5
Kings of Leon,5
Show Me the Body,5
Spiritbox,5
Alok,5
Ryan Lewis,5
Macklemore & Ryan Lewis,5
Asha Bhosle,5
Two Feet,5
Ashley O,5
Kevin Maye,5
Kate Gill,5
Frances Forever,5
B Praak,5
DJ Khaled,5
Sam Cooke,5
Ve'ondre,5
Alex Warren,5
Kósmos,5
COIN,5
Jessica Simpson,5
Mina,5
The Drums,5
RÜFÜS DU SOL,5
YOTTO,5
Elsie Lovelock,5
RAC,5
Flume,5
The Rolling Stones,5
Shubh,5
Teagan Earley,5
Hiten,5
Jeremih,5
Roddy Ricch,5
Amit Trivedi,5
Payal Dev,5
Tee Grizzley,5
Caterina Caselli,5
NateWantsToBattle,5
The Velvet Underground,5
Pouya,5
America,5
Haddaway,5
Altar,5
The Foundations,5
MISS LUXURY,5
Brokencyde,5
Rob Zombie,5
Beth McCarthy,5
Delli Boe,5
Savage Ga$p,5
Amannda,5
Backstreet Boys,5
Reysha Rami,5
Drowning Pool,5
EBK Jaaybo,5
Adriana Figueroa,5
overtonight throwaways,5
Nadeem Shravan,5
Madan Mohan,5
Black Polish,5
George Martin,5
Remnant House,5
Negative XP,5
Gesaffelstein,5
Sidney Gish,5
Lily Allen,5
En Vogue,5
Anugama,5
Phillipa Soo,5
Shankar-Ehsaan-Loy,5
Jonathan Peters,5
Rucka Rucka Ali,5
The Magician,5
Alesso,5
AURORA,5
Mura Masa,5
Victor Calderone,5
Blue Franklin,5
The Chainsmokers,5
Jacques Lu Cont,5
Furfriend,5
Xana,5
Dent May,5
That Kid,5
Britney Manson,5
Fred Falke,5
Oliver Tree,5
Damian Marley,5
Kunaal Vermaa,5
Zac Brown Band,5
Amanda Hufford,5
Anthony Amorim,5
Her's,5
The Kid LAROI,5
Oublaire,5
Sting,5
AP Dhillon,5
Madhur Sharma,5
Eric Kupper,5
Kairikibear,5
25時、ナイトコードで。,5
Yeah Yeah Yeahs,5
Hailee Steinfeld,5
thrown,5
Peysoh,5
6LACK,5
Ella Mai,5
The Basement Boys,5
Yaeji,5
Towa Bird,5
G Herbo,5
Japanese Breakfast,5
Channel Tres,5
The Lorax Singers,5
Ed Helms,5
The Chemical Brothers,5
Kim Wilde,5
Candi Staton,5
Frizk,5
Zac Efron,5
Brown Eyed Girls,5
CHUNG HA,5
LOONA,5
DECO*27,5
Ella Red,5
Iration,5
Tribal Seeds,5
Brian Mart,5
Josh Fawaz,5
Leonard Cohen,5
Lee Morse,5
Lynyrd Skynyrd,5
Rick Ross,5
Rex Orange County,5
Ryan Beatty,5
OsamaSon,5
Glokk40Spaz,5
Olivia Newton-John,5
Black Dresses,5
Yaelokre,5
EDX,5
Loud Luxury,5
Laura Dreyfuss,5
Original Broadway Cast of Dear Evan Hansen,5
Imogen Heap,5
Ranjani,5
Gayathri,5
Shefali Alvares,5
XLOV,5
Chris Lorenzo,5
Shawn Mendes,5
Lumi Athena,5
Michelle Duffy,5
Ron Henley,5
Moneybagg Yo,5
Charlie Puth,5
atlas,5
A Taste Of Honey,5
Regina Spektor,5
Mafumafu,5
Camellia,5
Gang of Youths,5
Ezra Williams,5
Queen Latifah,5
jnhygs,5
Enjambre,5
BIA,5
Boney M.,5
Mike Sherm,5
YG,5
The Trammps,5
Martina McBride,5
Defbeatsai,5
Tunnelberg,5
ATLUS GAME MUSIC,5
ATLUS Sound Team,5
Heaven Pierce Her,5
Vundabar,5
Yhapojj,5
Trent Reznor and Atticus Ross,5
horrormovies,5
Ryan Kennedy,5
Sugarland,5
Del The Funky Homosapien,5
Milky,5
Prince Daddy & the Hyena,5
Paris Paloma,5
iann dior,5
Travis Barker,5
Erika Henningsen,5
Taylor Louderman,5
Oh Wonder,5
Natanael Cano,5
alexgoffline,5
Dan Hartman,5
SAKIMA,5
GSWAG,5
Alvvays,4
INOHA,4
Anna Lea,4
Zerb,4
Fey,4
Grey Henson,4
PiNKII,4
Ramshackle Glory,4
Cuco,4
Kid Rock,4
ATEEZ,4
ELEVATION RHYTHM,4
Good Charlotte,4
Jeremy Jordan,4
Capoxxo,4
Thaiboy Digital,4
yungatita,4
Ellise,4
Lizzie Freeman,4
ZAMination,4
Glitch Whisper,4
Mickey Singh,4
Djo,4
Mt. Joy,4
Joy Division,4
Breaking Benjamin,4
HUGEL,4
Tannit & Neythan,4
Pusha T,4
Axwell,4
CID,4
Christopher Larkin,4
Film Rachanun,4
Lookmhee Punyapat,4
Sonya Saranphat,4
Tems,4
Sweet Trip,4
Alexandra Burke,4
Santana,4
Caamp,4
Roger,4
2Pac,4
Jackie Wilson,4
Ella Eyre,4
DJ Fresh,4
Martin Solveig,4
skyemane,4
Therese,4
StoneBridge,4
Dannii Minogue,4
Taio Cruz,4
Maná,4
Luis Miguel,4
WALK THE MOON,4
Passion Pit,4
Dayglow,4
Enrique Iglesias,4
Wilbur Soot,4
Foxes,4
ISOxo,4
Toy-Box,4
K.Flay,4
Omar Courtz,4
Fur:Trash,4
jorj1357,4
Dexter and The Moonrocks,4
Original Broadway Cast of Mean Girls,4
Jay Rock,4
OHGEESY,4
Shoreline Mafia,4
Falling In Reverse,4
Lindsay Lohan,4
Bag Raiders,4
Full Tac,4
Hotel Ugly,4
Fiona Apple,4
Fedge,4
Chrissy Chlapecka,4
Feist,4
Simon Curtis,4
David Archuleta,4
Michael Medrano,4
Tom Aspaul,4
Oscar Velazquez,4
Girls Love Cakepop,4
MOTHICA,4
grentperez,4
Hojean,4
Kennyoung,4
Eslabon Armado,4
Tom Morello,4
Kaden MacKay,4
r u s s e l b u c k,4
MEDUZA,4
Ethan Bortnick,4
Earlene Bentley,4
snuffles,4
Sega Bodega,4
Roses Gabor,4
SOFI TUKKER,4
Sophia Anne Caruso,4
NPC,4
Modern Talking,4
Everything But The Girl,4
ProdByAbnormal,4
Julia Wolf,4
A Touch Of Class,4
Wideboys,4
Bruno Lisboa,4
Beck,4
Loreen,4
Miho Hatori,4
Perfume Genius,4
Dexys Midnight Runners,4
Jamiroquai,4
Blur,4
Kid Cudi,4
Alexander Lewis,4
Y2K,4
Ofenbach,4
Picture Me Broken,4
Godspell (The New Broadway Cast Recording),4
Nakash Aziz,4
Dimmu Borgir,4
La Santa Grifa,4
Alex Farolfi,4
Get Far,4
Kanika Kapoor,4
Sugababes,4
Cafuné,4
Dr. Dog,4
Anthony Rosenthal,4
Kimiko Glenn,4
Will Roland,4
Renée Elise Goldsberry,4
Odd Mob,4
George Jones,4
Luis R Conriquez,4
Neton Vega,4
Clave Especial,4
Mars Argo,4
Alex Chapman,4
Confidence Man,4
Lil Darkie,4
Kristóf Hajós,4
Real McCoy,4
Gossip,4
Oakwood,4
Mukesh,4
EXID,4
Hikaru Utada,4
JVKE,4
Eli,4
kwn,4
Meghan Trainor,4
Brandon Uranowitz,4
NewDad,4
BoyWithUke,4
Mohit Chauhan,4
Joey Bada$$,4
Ayron Alexander,4
Miguel Veloso,4
Giga,4
Tila Tsoli,4
Jack Harlow,4
Massive Attack,4
INJI,4
Daughter,4
Kevin Atwater,4
Ninja Sex Party,4
Willy Strokem,4
Angie Stone,4
Caralisa Monteiro,4
Jaani,4
Alex Schor,4
Anamanaguchi,4
Neeraj Shridhar,4
Aastha Gill,4
"Hank Williams, Jr.",4
Nitty Gritty Dirt Band,4
Amanda Miguel,4
Rod Wave,4
Ñengo Flow,4
Eloy,4
Hex Hector and Mac Quayle,4
CALEIDESCOPE,4
Lilcockpump,4
Alice Phoebe Lou,4
Gurinder Gill,4
Daniel Hart,4
EL AVANDERADO MUSICS,4
BOMBOMBUM,4
Ida Corr,4
Cheryl,4
Alice Longyu Gao,4
Vance Joy,4
Ceechynaa,4
Patrice Rushen,4
Ella Henderson,4
John Travolta,4
Girls' Generation,4
The Shirelles,4
Master Andross,4
James Arthur,4
Raveena,4
Paisley Fields,4
FLO,4
NextYoungin,4
Ennaria,4
Why Don't We,4
Mithoon,4
Sparkbird,4
Syd,4
Kris Kristofferson,4
Zapateo Nation Vip,4
Panchiko,4
Pepper Coyote,4
Martemusic,4
Mor Avrahami,4
The Number Twelve Looks Like You,4
The Chalkeaters,4
BABYMETAL,4
Club 69,4
Stephanie Mabey,4
Eurobeat Brony,4
The Jackson 5,4
Sohodolls,4
Clover!,4
Rina Whorgan,4
Nicxletina,4
Remembrance,4
Boys Town Gang,4
Barbra Streisand,4
Anne-Marie,4
HIM,4
Kevin Aviance,4
Mommy Long Legs,4
Lil Jon,4
Khan Saab,4
Mike WiLL Made-It,4
Miss Construction,4
Sonny Fodera,4
Aatig,4
Baby Tate,4
Machine Girl,4
Shaggy,4
T.I.,4
Bleachers,4
Random Encounters,4
Kavita Krishnamurthy,4
Shaan,4
Tego Calderón,4
Ninajirachi,4
Mistic Music By Moizee,4
Sleeping At Last,4
Ironmouse,4
Nancy Sinatra,4
Clarion,4
Shankar Mahadevan,4
Vengaboys,4
Say Hi,4
Action Bronson,4
Nao,4
sudbath,4
Shady Moon,4
iamjakehill,4
TINI,4
Roberta Flack,4
Ben E. King,4
Shahzad Ali,4
Afsana Khan,4
Jyoti Nooran,4
Sudhir Yaduvanshi,4
A Heartwell Ending,4
Weathers,4
Men I Trust,4
Danell Arma,4
The Hacker,4
Villano Antillano,4
GusToso,4
The Long Faces,4
Pixies,4
KANKAN,4
Wuki,4
Konshens,4
Coi Leray,4
The Jacksons,4
B Darlings,4
Joe Diffie,4
aespa,4
sero,4
Bob Smith,4
Bryansanon,4
Mamta Sharma,4
Dragonette,4
wifiskeleton,4
Justice,4
lil Cumtism,4
Jimmy Buffett,4
EMELINE,4
Lustra,4
Los Gemelos De Sinaloa,4
Benson Boone,4
Haifa Wehbe,4
Chloe Breez,4
Romy,4
SONIKKU,4
Iniquity Rhymes,4
The Goo Goo Dolls,4
Superheaven,4
Natasha Bedingfield,4
Kim English,4
Kristine W,4
AOA,4
Hoobastank,4
Chris Travis,4
datealyfe,4
Sayako,4
Lily Rose,4
Brian Falduto,4
Armaan Khan,4
Token,4
JËVA,4
They Might Be Giants,4
The Mountain Goats,4
L.Dre,4
Teddy Swims,4
Nef The Pharaoh,4
El Alfa,4
Jocelyn Enriquez,4
The Emotions,4
TROY,4
Mad Mix,4
Mital Hardik Singot,4
Soap&Skin,4
Javed Ali,4
DJ Mitch Ferrino,4
La Roux,4
Yacht Money,4
Javed Akhtar,4
BigXthaPlug,4
Rauf & Faik,4
The Mamas & The Papas,4
Wilson Pickett,4
Micah Tyler,4
GROUPLOVE,4
Jimmy Eat World,4
I Set My Friends On Fire,4
Sam Tinnesz,4
Evelyn Evelyn,4
Caribou,4
Peter McPoland,4
Title Fight,4
salvia palth,4
Train,4
Pearl Jam,4
Drakeo the Ruler,4
Whethan,4
Etta James,4
Pretty Lights,4
Jamie xx,4
Kyle Allen Music,4
Danity Kane,4
Toni Braxton,4
Elizabeth Ann,4
Steven Rodriguez,4
JAWNY,4
Daisy the Great,4
YNW Melly,4
dj Shawny,4
Sagar,4
Harry Nilsson,4
Boyfriend Dick,4
Aqua,4
Crusher-P,4
Danny L Harle,4
Adventure Time,4
Dog Fashion Disco,4
Montell Fish,4
The Lightning Seeds,4
Butthole Surfers,4
The Garden,4
Corey Voss,4
Bastille,4
AmaLee,4
Bailey Zimmerman,4
Donny Hathaway,4
999999999,4
Myylo,4
Frost Children,4
54 Ultra,4
Dylan Espeseth,4
GoonRock,4
Tierra Whack,4
KANDY,4
Louis The Child,3
Florence Welch,3
Lee Cabrera,3
Bleech,3
Tiffany,3
Talk Talk,3
Wynter Gordon,3
acloudyskye,3
Ramin Djawadi,3
Lost Frequencies,3
Tom Petty and the Heartbreakers,3
Ricky Nelson,3
Bea Miller,3
yfitopS on top,3
Peter Peter,3
The Greeting Committee,3
Joriah Kwamé,3
Waterparks,3
Ruth B.,3
Sharon Jones & The Dap-Kings,3
BYNX,3
Jack Wolfe,3
EsDeeKid,3
Zain Zohaib,3
Simon Doty,3
Monica Naranjo,3
Au/Ra,3
Kathy-Chan,3
Rachie,3
Gorgon City,3
Internet Money,3
Eric Luttrell,3
Nora En Pure,3
Cobra Starship,3
Tim Tama,3
La Cruz,3
YOHIO,3
Elliot Norlander,3
Xavier Youngboy,3
Get Scared,3
Saint Motel,3
Studio Killers,3
Rue Oberkampf,3
The Irrepressibles,3
Sabrina Johnston,3
Dana International,3
My Little Pony,3
Khia,3
Pooh Shiesty,3
Momina Mustehsan,3
Robopup,3
angel veil,3
The Unicorns,3
NBSPLV,3
Leo Sayer,3
Wilson Jermaine Heredia,3
Thai McGrath,3
JT Music,3
Team Clutch,3
Ferraro,3
Barbara Wangui,3
Autumn!,3
Roy Ayers,3
Alex Gopher,3
Padded Cell,3
Patrick Hernandez,3
Anthony Rapp,3
Tracie Thoms,3
Taye Diggs,3
Tom Cardy,3
Sharvi Yadav,3
EBK Young Joc,3
Sleeping Forest,3
Social House,3
Geeta Dutt,3
Hemant Kumar,3
kiki wera,3
TX2,3
George Benson,3
Amit Kumar,3
Kailash Kher,3
Sonu Nigam,3
Little Big Town,3
Giraffage,3
Lilli Cooper,3
Jonathan Groff,3
Jesse L. Martin,3
RASA,3
The Drifters,3
Sam & Dave,3
Chandler Moore,3
MKTO,3
Gramma,3
ROSÉ,3
alt-J,3
Odd Sweetheart,3
my bloody valentine,3
Sean Kingston,3
Kelly Ruíz,3
Victor Cardenas,3
Ben Böhmer,3
Hippie Sabotage,3
MC Virgins,3
Hadestown Original Broadway Company,3
André De Shields,3
Jennifer Laura Thompson,3
Michael Park,3
Steven Dookie,3
KJ Burkhauser,3
Mason Olshavsky,3
Rammstein,3
JP47,3
Tony Moran,3
Sophie B. Hawkins,3
Adeva,3
Freddie Mercury,3
Manhattan Clique,3
Lydia the Bard,3
Roop Kumar Rathod,3
Cottontail,3
Jon,3
Kato,3
Blood Orange,3
Wolf Alice,3
Bassvictim,3
Jukebox The Ghost,3
Ark Patrol,3
Alex Vile,3
Yo La Tengo,3
Chris Stapleton,3
Yot Club,3
Luke Holt,3
Hector Fonseca,3
Baccara,3
Harold Melvin & The Blue Notes,3
Pop Smoke,3
Lul Tys,3
Empire Of The Sun,3
Noizu,3
Bright Light Bright Light,3
Cameron Hawthorn,3
R. D. Burman,3
Sahir Ludhianvi,3
Roshan,3
Hanumankind,3
Olivia,3
David Gentiles,3
Skylar Grey,3
Alan Braxe,3
Guéna LG,3
Hot Chelle Rae,3
Boy 8-Bit,3
Tina Turner,3
Yung Nugget,3
NR,3
Emily Warren,3
Rag'n'Bone Man,3
A$AP Ferg,3
DJ Travesura,3
Ice Cube,3
DARA,3
Soluna,3
Funky Green Dogs,3
Alexis Mvgler,3
M People,3
Brave Girls,3
After School,3
Swavve,3
Pink Panda,3
Ty Herndon,3
h3artcrush,3
Russ,3
The Jammin Kid,3
DEZI,3
Bikini Kill,3
Lily-Rose Depp,3
Goldfrapp,3
Pam Tillis,3
Patty Loveless,3
ODECORE,3
dolldamage,3
Quavo,3
Black Noise,3
BONNIE PARKER,3
DEVO,3
Toby Keith,3
Starley,3
R.E.M.,3
Mary J. Blige,3
Imael Angel,3
Lil Mama,3
STANGAH,3
Manoj Muntashir,3
Belinda,3
Ely Oaks,3
SunnahTheSage,3
Hannah Montana,3
Skrillex,3
Vika Jigulina,3
DJ Aron,3
Mark Stereo,3
Alana Puig,3
Joseph Sinatra,3
Zetaphunk,3
Gelli Haha,3
Joshua Rifkin,3
Paradox,3
Burna Boy,3
Emilia,3
"Grover Washington, Jr.",3
Billy Paul,3
Anand-Milind,3
PnB Rock,3
Quality Control,3
Daniel Johnston,3
Tarsem Jassar,3
Raj Ranjodh,3
Mild Minds,3
Edward Maya,3
Bootsy Collins,3
LEOPOLD,3
Erika Vikman,3
Erykah Badu,3
Wale,3
DEV,3
The Cataracs,3
Far East Movement,3
The Debut: Dream Academy,3
Tommy Cash,3
Pomplamoose,3
Beth Sacks,3
The Freemasons,3
Steve Smith,3
Chlöe,3
Rochelle Jordan,3
Wisin & Yandel,3
Paloma Faith,3
Mika Montag,3
Mötley Crüe,3
Dutch Melrose,3
BØRNS,3
Soccer Mommy,3
Belinda Carlisle,3
"Hop Along, Queen Ansleis",3
M3SHKA,3
Peaches,3
Jen Foster,3
Boygirl Rising,3
yell at god,3
Bella Kay,3
KAZAKY,3
SyKo,3
Men At Work,3
Twista,3
Martin Garrix,3
New West,3
Luis Fonsi,3
$wag Nightmare,3
Katie Herbert,3
Marky Mark And The Funky Bunch,3
Booty Luv,3
Soulsearcher,3
Amanda Wilson,3
Che,3
Toxic Lipstick,3
Sunday Cruise,3
Jason Aldean,3
Gretchen Wilson,3
Arslan Nizami,3
Steve Mac,3
Jewel,3
Vanessa Carlton,3
Joyner Lucas,3
Denzel Curry,3
J Balvin,3
serpentwithfeet,3
Motionless In White,3
重音テト,3
Mal Blum,3
Landon Cube,3
What Lies Below,3
The Real Tuesday Weld,3
Paul Parker,3
Nina Kraviz,3
Judy Garland,3
Chelsea Grin,3
Annotations Of An Autopsy,3
Mosquito,3
Ryan Riback,3
Moin,3
Mcki Robyns-P,3
Townes Van Zandt,3
Okaymar,3
1oneam,3
Sixteenrain,3
Geez,3
Micky Friedmann,3
Netta,3
Allan Natal,3
Studio 40,3
Lorena Simpson,3
Jsanz,3
Kaico,3
Infant Annihilator,3
umru,3
BAND-MAID,3
Banda Go Home,3
Nonô,3
AYYBO,3
David Solomon,3
Boy Harsher,3
Keri Hilson,3
Gloria Estefan,3
Keala Settle,3
Jupither,3
THOT SQUAD,3
Kelela,3
Carly Simon,3
9Lana,3
Sex Pistols,3
The Colleagues,3
Declan McKenna,3
BOI WHAT,3
Brooke Candy,3
Midnite Candles,3
Lthrbtmboi,3
Q,3
JubyPhonic,3
Jamie Paige,3
Cakes da Killa,3
Zendaya,3
Shannon,3
Berlin,3
MIND,3
Freddy Freeman,3
"Peter, Paul and Mary",3
Filipe Guerra,3
Lipps Inc.,3
ella jane,3
Nikki Valentine,3
DJ Goozo,3
Anna Kendrick,3
Silk Sonic,3
Nicole Dollanganger,3
Sukha,3
Shinda Kahlon,3
yunomarr,3
Las Bibas From Vizcaya,3
Tom Lehrer,3
The Psychedelic Furs,3
Ozzy Osbourne,3
OK Go,3
Mark Lower,3
Block & Crown,3
Daddy Sounds,3
YSF,3
Rascal Flatts,3
Fountains Of Wayne,3
Strawberry Guy,3
Amii Stewart,3
Paul Lekakis,3
The Happy Fits,3
American Football,3
Laura Leon,3
Yuri,3
BBpanzu,3
The Moldy Peaches,3
TheDooo,3
Bryant Myers,3
Teddy Pendergrass,3
TWRP,3
Miracle Musical,3
Adam Port,3
Moe Money,3
Chris Shanaz,3
Shaun Ryder,3
Lonely God,3
Rose Royce,3
L.T.D.,3
Annette Hanshaw,3
Ruth Etting,3
PVRIS,3
Jorsshh,3
Jaideep Sahni,3
Asees Kaur,3
Jonita Gandhi,3
Shalmali Kholgade,3
edd2e,3
QARAN,3
Neeti Mohan,3
Nora Fatehi,3
Sơn.K,3
Salt-N-Pepa,3
Stephanie J. Block,3
fredo disco,3
Lil Mosey,3
Parijat,3
French Montana,3
Christopher Jackson,3
MKSM,3
Duncan Laurence,3
CircusP,3
cosMo@Bousou-P,3
Fruit Bats,3
The Temper Trap,3
MEEK,3
carolesdaughter,3
Rory in early 20s,3
Chuy Montana,3
MAX,3
Stromae,3
Fish in a Birdcage,3
She & Him,3
Kimya Dawson,3
Modjo,3
buitruonglinh,3
JSOL,3
Steve Angello,3
Madison Avenue,3
Taras,3
"Nick ""Fierce"" Fiorucci",3
VƯƠNG BÌNH,3
CONGB,3
Stephen Schwartz,3
Aluna,3
Kyle Watson,3
遠野高志,3
Ivan Cornejo,3
Ash King,3
Bb trickz,3
Petal Supply,3
Vampyx,3
Creepy Nuts,3
VALORANT,3
Tom Nethersole,3
Jimmy Somerville,3
Patti LaBelle,3
Belanova,3
Whirr,3
Basement,3
Novulent,3
Semler,3
Kungs,3
Michael Lange,3
Boris Dlugosch,3
Johnny Vulture,3
Indigo Girls,3
Moloko,3
Internal Bleeding,3
Quinn XCII,3
Shordie Shordie,3
The 1975,3
Kevin Winebarger,3
Waitress Original Broadway Cast Ensemble,3
Nikki Blonsky,3
Kevin Abstract,3
A Great Big World,3
Parson James,3
Anitta,3
Rêve,3
Silverstein,3
Iyowa,3
Zephyrianna,3
Gina Young,3
The Human League,3
Bob,3
Meet Bros Anjjan,3
Intense,3
Zack Knight,3
A Day To Remember,3
Type O Negative,3
Siinamota,3
Madge,3
Andrew Choi,3
H.E.R.,3
KEY,3
i-dle,3
Alicia Keys,3
Underworld,3
Kenshi Yonezu,3
Nieri,3
Funk Wav,3
Alex & Sierra,3
Thundercat,3
Foster The People,3
Theory of a Deadman,3
The Score,3
Deeper Purpose,3
Juanpa Salazar,3
Laura Bell Bundy,3
Kimbra,3
Blixemi,3
Sir Tonino,3
Freddie Dredd,3
Ben Delay,3
DJ Snake,3
Bonnie Pointer,3
Vince Staples,3
Riton,3
AlunaGeorge,3
Stevie Nicks,3
Wisp,3
flyingfish,3
C & C Music Factory,3
Corona,3
ZEE MACHINE,3
Snow Wife,3
ETHAN,3
Bentley Robles,3
XtraGreen_,3
Mia Rodriguez,3
Mom,3
Melleefresh,3
Devault,3
PARANOiD DJ,3
Jhariah,3
Feid,3
MUDRAT,3
Ship Wrek,3
Gotye,3
dj-Jo,3
Daniel Cooney,3
Beetlejuice Original Broadway Cast Recording Ensemble,3
George Salazar,3
Yo Yo Honey Singh,3
Izzy Camina,3
AMARA ctk100,3
Limbo,3
Fenix Flexin,3
Rio Da Yung Og,3
Billy Brokeback,3
Lonnie Gordon,3
Hazell Dean,3
Keith Carnal,3
KiNG MALA,3
Def Leppard,3
KISS,3
Aerosmith,3
Billy Currington,3
AViVA,3
Abra,3
Frankie Cosmos,3
Jessie Paege,3
RL Grime,3
ISOKNOCK,3
takihasdied,3
Healthy Boys,3
Banes World,3
Los Retros,3
Sou,3
Garbage,3
Buena Vista Social Club,3
The Buggles,3
Giorgio Moroder,3
Donald Byrd,3
Lonnie Liston Smith and the Cosmic Echoes,3
The Blackbyrds,3
Fitz and The Tantrums,3
Caroline Kingsbury,3
Amaal Mallik,3
Adam Mac,3
DNCE,3
Tommi Aura,3
Gia Woods,3
FLAVIA,3
Bootie Brown,3
Tina Weymouth,3
Deana Carter,3
Kenny Chesney,3
Eric Church,3
Creed,3
Seafret,3
Atwood,3
Ezra Collins,3
Sean Carter,3
Hayley Williams,3
Elley Duhé,3
iio,3
Pepper Mashay,3
Molchat Doma,3
Loonie,3
Emei,3
HR,3
Alessia Cara,3
Ronnie Milsap,3
Eddie Rabbitt,3
New Circuit Music,3
Hallie Coggins,3
Chely Wright,3
Gateway Worship,3
Sorority Noise,3
Eliezer,3
ITZY,3
Kevin Kaarl,3
Los Macorinos,3
J Spooks,3
J. Davi$,3
Rob $tone,3
The Notorious B.I.G.,3
Pigface,3
ENHYPEN,3
Trillian,3
Terri Clark,3
Zachary Preciado,3
Mumford & Sons,3
Robbie Rivera,3
Michal S.,3
Azumi Takahashi,3
Trisha Yearwood,3
Flyleaf,3
TOOL,3
Chevelle,3
ACRAZE,3
BLOND:ISH,3
Kitty Wells,3
Heated Rivalry,3
Sum 41,3
Philharmonia Orchestra,3
Talya Sindel,3
Swedish House Mafia,3
Godsmack,3
Inaya Day,3
Gojira,3
Write Out Loud,3
Deedee Magno Hall,3
Tom Tom Club,3
Grace Jones,3
Delta Goodrem,3
Rosa Walton,3
Love and Theft,3
Four Tops,3
TTV RealWebbyt,3
INSXMNIA,3
JORDY,3
Solo,3
Cub Sport,3
Herr Lang,3
gabby start,3
Hannah Diamond,3
Dasgasdom3,3
fun.,3
Spooky Visions,3
Regularfantasy,3
Promoting Sounds,3
SIENNA SPIRO,3
Maria Mena,3
Domo Wilson,3
Snake River Conspiracy,2
Andes Fellas,2
Rizz Records,2
Dj Wisam,2
Mario Judah,2
The Go-Go's,2
NTO,2
Bryce Vine,2
jagger finn,2
MAVI,2
DC THE DON,2
Vansire,2
4 Non Blondes,2
Omori,2
scruff archive,2
Marracash,2
Cocaine Boyz,2
Artie 5ive,2
Sfera Ebbasta,2
Guè,2
ericdoa,2
Glitch Gum,2
CMTEN,2
brakence,2
thasup,2
Lazza,2
Salmo,2
Militarie Gun,2
Kublai Khan TX,2
F1 The Album,2
Cmoney2423,2
Jodie Harsh,2
UPSAHL,2
awfultune,2
Fancy Hagood,2
Asbjørn,2
DONT MAKE THIS WEIRD,2
Frankie Grande,2
Cole Redding,2
Jude York,2
Pearce Joza,2
Chandler Kinney,2
Carla Jeffery,2
Kylee Russell,2
Meg Donnelly,2
Milo Manheim,2
Jamie Parker,2
Original Broadway Cast of The Great Gatsby - A New Musical,2
Yung Lean,2
Rico Ace,2
Frankie Knuckles,2
Livin' Joy,2
Woodkid,2
Art Fact,2
Ditonellapiaga,2
Vaundy,2
Tove Styrke,2
Tessa Violet,2
Key Glock,2
Valencia Grace,2
Lena Raine,2
SHELLY PHETSAI,2
PUNDAO,2
Namtan Tipnaree,2
Kristian Stanfill,2
Chris Tomlin,2
Gracie Binion,2
Claire Smith,2
Ultravox,2
Yemi Alade,2
Alex Party,2
Hoku,2
Simple Plan,2
Lee Foss,2
Oliver Heldens,2
Lauren Bennett,2
LMFAO,2
Roosevelt Stewart,2
Chelsea Plank,2
Kenzie Walker,2
ONE HOUSE,2
SEU Worship,2
Carla Morrison,2
Wisin,2
Shouse,2
Given,2
Bipolar Sunshine,2
Alphaville,2
guardin,2
fromis_9,2
Xookwankii,2
Vylet Pony,2
a picture of her,2
the pillows,2
125 Rue Montmartre,2
Aaron Suiss,2
Anthony Ramos,2
Alesha Dixon,2
Seungmin,2
Sarah Stiles,2
Tauren Wells,2
Cody Carnes,2
Angèle,2
Jazzy,2
Wawa,2
MMB,2
NATTI NATASHA,2
AZALI,2
morgue,2
akkiemi,2
DJ ZUP RAlii,2
SEVENTEEN,2
Engelwood,2
Puma Blue,2
LP Giobbi,2
Conrad Taylor,2
The Wombats,2
John Mayer,2
Lit,2
AVAION,2
Nicky Jam,2
Mora,2
La Pantera,2
Quevedo,2
Jay Wheeler,2
Built To Spill,2
LeaF,2
Purity Filter,2
Frums,2
Ab-Soul,2
Harper Grae,2
Ashley McBryde,2
King Topher,2
Ralphi Rosario,2
Paul Woolford,2
Cash Cash,2
Tanya Tucker,2
DallasK,2
Jaisean,2
Mike Posner,2
"Dream, Ivory",2
leo.,2
Forrest Frank,2
SOG,2
UNDREAM,2
Masked Wolf,2
Vicetone,2
benches,2
Coma Cinema,2
Martyn Norris,2
Jon Dixon,2
Juelz Santana,2
Sisqo,2
Silk City,2
Alice Chater,2
WestFunk,2
Steve Smart,2
Meg Smith,2
TIMMS,2
emlyn,2
Panda Bear,2
bo en,2
DJ Cassidy,2
Sam Obernik,2
Tim Deluxe,2
Junior Jack,2
Dezrok,2
Widelife,2
Nadia Ali,2
Thunderpuss (Barry Harris and Chris Cox),2
Lara Fabian,2
Veronica,2
Pluto Koi,2
Mild High Club,2
The Gregory Brothers,2
Markiplier,2
Geoff Castellucci,2
Forest,2
Kiss the Scientist,2
Milk In The Microwave,2
Djsmell,2
Mel 4Ever,2
Hardwell,2
Endor,2
Aphex Twin,2
Don Diablo,2
Audien,2
Keith Power,2
Cody Fry,2
Nathan Dawe,2
Blinkie,2
Cosmo Sheldrake,2
Bowling Shoes,2
Tryhardninja,2
Jorge Aguilar II,2
Groundbreaking,2
Isles & Glaciers,2
Curse One,2
Smugglaz,2
Flict G,2
A Bullet for Pretty Boy,2
Nico,2
NAKISO,2
¥$,2
Nemzzz,2
JayDaYoungan,2
Tommy Genesis,2
Your Favorite Martian,2
GABRIELLA RAELYN,2
Rockwell,2
Bobby Caldwell,2
'Falsettos' 2016 Broadway Company,2
Karey Kirkpatrick,2
Wayne Kirkpatrick,2
'Something Rotten' Ensemble,2
Yumi,2
Sammie,2
Soulja Boy,2
Coems,2
Major Sosa,2
ZooWii Papa,2
Smokey Robinson,2
Ms Nina,2
Disco Inc.,2
Hospital Bracelet,2
Pigeon Pit,2
RJ Pasin,2
ptasinski,2
Loose Joints,2
Shadab,2
dye,2
Porch Light,2
NVM,2
Shiki-TMNS,2
SARIAH,2
Nonna,2
Ray Dalton,2
Meaningful Stone,2
Manni Sandhu,2
Tegi Pannu,2
Gur Sidhu,2
Cheema Y,2
Prodgk,2
Chani Nattan,2
Gminxr,2
The Internet,2
Melina KB,2
Naethan Apollo,2
It Boys!,2
Pink Floyd,2
Don McLean,2
Will King,2
Kurtis Conner,2
Jaydes Archive,2
ivri,2
Team Sleep,2
Yokai,2
Her Demise My Rise,2
CyYu,2
Trey Parker,2
The Mad Stuntman,2
Reel 2 Real,2
Technotronic,2
Freedom Williams,2
NAV,2
Fischerspooner,2
Jimmy James,2
TV Themes,2
JEL: The Digital Dream Girl,2
Audiotree,2
Scotty Sire,2
Fox Stevenson,2
Sleigh Bells,2
[[LUCA]],2
Stephanafro,2
DizzyEight,2
Ramon Tapia,2
Brabo,2
WHOKILLEDXIX,2
Royal & the Serpent,2
Slush Puppy,2
32ki,2
Gurlez Akhtar,2
Bette Midler,2
MixSingh,2
thiarajxtt,2
Amrinder Gill,2
Xavlegbmaofffassssitimiwoamndutroabcwapwaeiippohfffx,2
Mattel,2
Monster High,2
Yung Buttpiss,2
Bridgit Mendler,2
Indigo De Souza,2
Ø [Phase],2
A*S*Y*S,2
T78,2
Miraidempa,2
Shenseea,2
late night drive home,2
Empress Of,2
Seese17,2
The Ready Set,2
Tay-K,2
Gloria May,2
Frankie F,2
Ruby Brothers,2
Shaboozey,2
Gully Boys,2
Moaning Lisa,2
Swirlies,2
Incubus,2
POESY,2
Earle Gresham Jr.,2
Janani K. Jha,2
Mike Rivera,2
Brandon McInnis,2
Anaïs Mitchell,2
Rosvelt,2
Heatwave,2
The Tenders,2
Christina Modestou,2
Mike Faist,2
Tristan Caldwell,2
Dennis Diaz,2
Junkie XL,2
Fonda Rae,2
Wish,2
Steps,2
Jamie Wiltshire,2
Kira Stone,2
number2toilet,2
--,2
Ratwyfe,2
Destroy Lonely,2
Hotboii,2
Riproducer,2
SkyDxddy,2
A2M,2
Unfound,2
Leikeli47,2
Zebra Katz,2
Mall Grab,2
Sixpence None The Richer,2
astrid,2
Maezi666,2
FLASCH,2
Neutral Milk Hotel,2
Enjoy,2
Allison Russell,2
Bedouine,2
D.I.,2
YBN Nahmir,2
Stunna 4 Vegas,2
That Mexican OT,2
Jason Mraz,2
Passenger,2
Peremotka,2
Kevin Gates,2
PARRI$,2
Tima Belorusskih,2
GAZIROVKA,2
The White Stripes,2
INTERWORLD,2
Lauren Daigle,2
Tiffany Hudson,2
Mass Anthem,2
Anthem Worship,2
Aminé,2
Soultade,2
Disco Bahía,2
ZTVZ,2
Unlike Pluto,2
Blonde,2
Alexandra Prince,2
Jackie Moore,2
Evelyn Thomas,2
Natalie Cole,2
Exposé,2
Sinitta,2
Shiloh Dynasty,2
Not The Proper Attire,2
Maniac,2
see through person,2
Abbey Glover,2
Clarence Clarity,2
Adam Levine,2
GuruGanesha Singh,2
Armand Van Helden,2
Abhijeet,2
Average White Band,2
Zapp,2
Anand Raj Anand,2
Amrita Kak,2
Rekha Bhardwaj,2
Sajid-Wajid,2
Wajid,2
Danger Mouse,2
CeeLo Green,2
Toploader,2
LOVELI LORI,2
d00mscrvll,2
BEAUZ,2
Riyoon,2
Talking Heads,2
Steve Aoki,2
Ratatat,2
Tyler Smyth,2
Blue Öyster Cult,2
Astrid S,2
Lil Barnacle,2
Dustin Lynch,2
Sam Hunt,2
Grey,2
6ix9ine,2
F3miii,2
André 3000,2
Alanis Morissette,2
Joe P,2
Dhruv,2
Camryn Bowcutt,2
David Kushner,2
Futuristic,2
Benjamin Gibbard,2
Cybertrash,2
Vaeo,2
4cf,2
rouri404,2
Maisie Peters,2
GIVĒON,2
Apes of the State,2
Matt Pless,2
Wingnut Dishwashers Union,2
Molly O'Leary,2
Gaustad,2
Tim Abend,2
Shinedown,2
Vini Oliveira,2
Minimal Monkey,2
Jonathan Kstiyo,2
Auxiliary tha Masterfader,2
Ritt Momney,2
TOXIC LOVE,2
DAN,2
Hank Williams,2
Luis De La Fuente,2
Fumaratto,2
Dj Dasten,2
rainy bear,2
CHiCO with HoneyWorks,2
Sawano Hiroyuki,2
Murder Person for Hire,2
NATHY PELUSO,2
hey daisy,2
Nicky Youre,2
Aidan Bissett,2
Big Time Rush,2
Knxwledge,2
NxWorries,2
DJ DMG,2
Smino,2
monte booker,2
Bazzi,2
Zion,2
Jowell & Randy,2
Tainy,2
Mambo Kingz,2
DJ Luian,2
Arcángel,2
Noriel,2
Trap Capos,2
Anonimus,2
Circuit House Mx,2
the bird and the bee,2
Fulltone,2
Christian Löffler,2
jigitz,2
Kharon ASMR,2
ASMRBeanie,2
NOTION,2
Chrystal,2
fkblnde,2
Arlo,2
Caravan Palace,2
Spiller,2
DJ Koze,2
W. AVE,2
Lilith Morris,2
Adeem the Artist,2
Lindsay Mendez,2
DMX,2
Styles Of Beyond,2
Fort Minor,2
Sudha Ragunathan,2
Arun Paudwal,2
C-Kan,2
Dharius,2
MAILPUP,2
Cody Johnson,2
Tracy Byrd,2
New Young Pony Club,2
Steve Edwards,2
Relient K,2
Thể Thiên,2
CAPTAIN BOY,2
Wren Evans,2
DILLAN,2
Amerie,2
Meat Loaf,2
Kansas,2
Wings,2
The Who,2
Pentatonix,2
J Boog,2
Topshakaz,2
Brothertiger,2
George Clanton,2
SadBoi,2
Jorja Smith,2
Muni Long,2
BAYLI,2
kojo,2
Nosgov,2
Alcazar,2
Geri Halliwell,2
From Indian Lakes,2
Anarbor,2
Ani DiFranco,2
Shura,2
Loathe,2
Midrift,2
Citizen Way,2
Lady Radiator,2
ThxSoMch,2
HOYO-MiX,2
SLAVE.V-V-R,2
Aimie Atkinson,2
Matthew Risch,2
Manuel Herrera,2
'Legally Blonde' Ensemble,2
Kate Shindle,2
Amber Efe,2
Owata-P,2
Kate Rockwell,2
Rob McClure,2
Kerry Butler,2
KXNVRA,2
Kenya Grace,2
Adam Beyer,2
VOILÀ,2
Jenn Carter,2
TaTa,2
Consequence,2
Tina Charles,2
Alan Menken,2
Howard Ashman,2
Presley Regier,2
Yoko Gold,2
Oscar Maydon,2
Chino Pacas,2
Disco Fries,2
Tommie Sunshine,2
Lone,2
Gabito Ballesteros,2
O'Flynn,2
Lancey Foux,2
Julia Kleijn,2
Repiet,2
RSCL,2
The Real Thing,2
Leland,2
Helene Fischer,2
3BallMTY,2
Sentidos Opuestos,2
La Dispute,2
saturdays at your place,2
Joyce Manor,2
The Flat Stanleys,2
Free Throw,2
Hot Mulligan,2
Allmondsville,2
Monica,2
CoolKid,2
IVAN,2
16thattempt,2
MAXIMUM THE HORMONE,2
AXIE,2
The Brothers Johnson,2
Smokey Robinson & The Miracles,2
Jimmy Ruffin,2
MandoPony,2
Thomas Sanders,2
Aperture Science Psychoacoustic Laboratories,2
Rusty Cage,2
HYPERPUP,2
Can of Bliss,2
Carl Bean,2
Soul Solution,2
Tony Coluccio,2
Xuân Định K.Y,2
KIMLONG,2
WEAN,2
Song Luân,2
HURRYKNG,2
CODYNAMVO,2
Jaysonlei,2
Quang Hùng MasterD,2
Will Stetson,2
ISSBROKIE,2
Haruomi Hosono,2
Connie Francis,2
Eagles,2
Brian & Tony Gold,2
Player,2
Chandra Bose,2
Indravathi Chauhan,2
Devi Sri Prasad,2
Rochak Kohli,2
Darshan Raval,2
Monali Thakur,2
Grupo Cross Norteño,2
Revolver Cannabis,2
Coco Jones,2
First Choice,2
Hardrive,2
Sabaton,2
Emile Battour,2
Boston Manor,2
DM DOKURO,2
"Goodnight, Texas",2
Bay Faction,2
Gulzar,2
Dyme,2
Leona Lewis,2
Savage,2
Jessica Folcker,2
Boko Yout,2
SAWTOWNE,2
Lucki,2
Sharkey,2
Caramella Girls,2
Goreshit,2
Edison Lighthouse,2
Bon Jovi,2
DaLuZ,2
Sara Bareilles,2
BANNERS,2
Divya Kumar,2
Skootch,2
Feng,2
Frank Zappa,2
Paul Anka,2
Luvcat,2
Amitabh Bachchan,2
NJOMZA,2
CAZZETTE,2
Flux Pavilion,2
Sudha Malhotra,2
The Story So Far,2
The Postal Service,2
Daveed Diggs,2
Barry Manilow,2
Nu Aspect,2
Astrality,2
all things break,2
Keinemusik,2
Dean Lewis,2
duskydemise,2
Burl Ives,2
Lazy Ade Monsbourgh,2
Ayah Marar,2
Yellow Claw,2
EVERGLOW,2
BoA,2
Lil Eazzyy,2
The Aces,2
Hayden Joseph,2
FELICIA,2
Amir Talai,2
Leslie Kritzer,2
Okieriete Onaodowan,2
Bris,2
Acito,2
Corey Taylor,2
I Prevail,2
Catherine Carlile,2
The Kentucky Gentlemen,2
Sam Williams,2
NEIKED,2
The Home Team,2
Flatsound,2
Owl City,2
ingo ju,2
triple j,2
Daya,2
Indiwar,2
Bappi Lahiri,2
Majrooh Sultanpuri,2
Lou Rawls,2
Nas,2
Leo Grewal,2
Subhadeep Das Chowdhury,2
Jack Love,2
Babu Singh Maan,2
Ranjit Kaur,2
Muhammad Sadiq,2
Charanjit Ahuja,2
Ginuwine,2
James Brown & The Famous Flames,2
Ray Charles,2
Satinder Sartaaj,2
Vaibhav Gupta,2
Qveen Herby,2
Tiger Goods,2
Asiahn,2
Kalyanji-Anandji,2
Sapna Mukherjee,2
Nabil El Houri,2
Sons of Yusuf,2
Khaled,2
Jason Derulo,2
Keri Sreb,2
Bombay Rockers,2
Bob Sinclar,2
Roger Sanchez,2
James Blake,2
Remy Boyz,2
Demrick,2
Darin,2
Calum Scott,2
Hugh Jackman,2
Maddie Zahm,2
lace,2
Sgt Slick,2
ELMAGODELFLOW,2
Fior de la Cruz,2
Dj EPP,2
Petey Pablo,2
A Flock Of Seagulls,2
Keiynan Lonsdale,2
Benedict Cork,2
LIE NING,2
Will Young,2
Nimstarr,2
Powerwolf,2
Dimitri From Paris,2
Finger Eleven,2
OCT,2
wavvyboi,2
Jessie Shelton,2
Amanda Palmer,2
Esham,2
Twiztid,2
margø,2
Banshee,2
Lil Rocket Launcher,2
Bonnie McKee,2
Gatlin,2
Elias Rojas,2
Colton Ford,2
Moto Blanco,2
Cdamore,2
Danny Verde,2
BlushCrunch Studio,2
Kid Souf,2
Gregory Dillon,2
Cougar MacDowall,2
The Musical Ghost,2
Alex Rochon,2
NerViSon,2
Xploshi,2
Dross,2
Igor Rabelo,2
B2Better,2
Allison Nunes,2
Balu Brigada,2
Haiden Henderson,2
Briston Maroney,2
Thomas Solvert,2
Mike Taveira,2
Blusher,2
Avery Cochrane,2
Layson Finn,2
Dylan Gossett,2
STELLA LEFTY,2
TWOPILOTS,2
Mr. Belt & Wezol,2
Mark Alvarado,2
Elee Bermudez,2
Fran Albuquerque,2
Breno Barreto,2
Nalaya,2
Clementaum,2
Nacho Chapado,2
VINCINT,2
Lotus Juice,2
Sex Bob-Omb,2
xaviorthemachine,2
Dev1lHawk,2
Dev1lCat,2
Nina Flowers,2
Jesus Montañez,2
TheExorcist,2
Halocene,2
B3NCH3S,2
DESLEON,2
Lewis Capaldi,2
Niall Horan,2
Julia Michaels,2
Sir Babygirl,2
Jadakiss,2
Bella Poarch,2
Fuzzy Butt Bassel,2
Livingston,2
BENEE,2
Brendon Urie,2
Lilyisthatyou,2
Dead Sara,2
Kailee Morgue,2
Morganne,2
Portugal. The Man,2
Mos Def,2
Bobby Womack,2
Sparks,2
Mystery Skulls,2
Smash Into Pieces,2
Hamish Hunkydory,2
Avtomat,2
Hollywood Undead,2
Spandau Ballet,2
Vendredi sur Mer,2
Promis3,2
Big Dipper,2
Miss Benny,2
Fatboy Slim,2
Groove Armada,2
Madlib,2
Madvillain,2
DJ BORING,2
Billen Ted,2
Brando,2
Javi Soleil,2
Erik Lenfair,2
Popdorian,2
Rick Glam,2
James Indigo,2
Bill Coleman,2
"John ""J-C"" Carr",2
Antonio Liranzo,2
Oscar Repo,2
Fangoria,2
Syleena Johnson,2
Chris Martin,2
Jamie Foxx,2
Sugar Ray,2
DJ Dan,2
Kummerspeck,2
Róisín Murphy,2
ALMA,2
Fana Hues,2
Teezo Touchdown,2
Jaden,2
Teniwoha,2
hachi,2
Hachioji P,2
ワンダーランズ×ショウタイム,2
Vivid BAD SQUAD,2
Rejjie Snow,2
King Harvest,2
Maxine Nightingale,2
Eek-A-Mouse,2
Otha,2
Rosabel,2
Chris Smith,2
Philip Larsen,2
Alisha Chinai,2
Gregor McMurray,2
"The Cast of Rupaul's Drag Race All Stars, Season 3",2
Ayushmann Khurrana,2
Salim–Sulaiman,2
Deuter,2
Shastro,2
Karunesh,2
Lydia Ingegneri,2
Daniel Epps-Benn,2
Impact Worship,2
Keyshia Cole,2
Yebba,2
Michaela Dietz,2
Superfruit,2
Kuraiinu,2
JerBear,2
Stephanie Beatriz,2
Billy the Happy,2
Van Morrison,2
Akira Yamaoka,2
Snail Mail,2
Griffinilla,2
Johnnie Guilbert,2
Jake Webber,2
Mary Wells,2
Frankie Valli & The Four Seasons,2
The Marvelettes,2
Dion,2
DJ Katch,2
The Beach Boys,2
Amélie Farren,2
Leighton Meester,2
Fleeky Bang,2
HalaCG,2
shirobeats,2
Aku P,2
VocaloKAT,2
wasty,2
Vyzer,2
D010930000,2
The Replacements,2
vistlip,2
princess paparazzi,2
g0r3c0r3,2
Boy Fantasy,2
Iron Maiden,2
Turnstile,2
Led Zeppelin,2
Precious Pepala,2
VIC MENSA,2
Yuki Chiba,2
JHAYCO,2
Bad Gyal,2
Liza Anne,2
Fred Durst,2
Kenndog,2
OFFAIAH,2
nimino,2
Amr Diab,2
Escape from New York,2
Tech N9ne,2
KARLOU,2
Genes,2
Spencer Jordan,2
Nuno Freitas,2
Kane Rodriguez,2
Rob Thomas,2
Ken Ashcorp,2
wolfi,2
J9,2
Tia Jade,2
Erwin Do,2
Eddie Murphy,2
Basshunter,2
ItaloBrothers,2
O-Zone,2
*NSYNC,2
Camden Cox,2
Joseph Qas,2
DJ Pepo,2
DJ Tuto Loco,2
Darek Sotelo,2
Dj Esli,2
Jan Blomqvist,2
Spencer Brown,2
Helsloot,2
Tinlicker,2
Terry Hunter,2
Hajime Hattori,2
Dean Martin,2
Edoardo Bennato,2
Liu Rosa,2
Forever Tel Aviv,2
XG,2
World Scout: The Final Piece,2
Jason Ross,2
Cosmic Gate,2
Gouryella,2
Ferry Corsten,2
A-Wall,2
The Emerging Sound,2
Late Verlane,2
Molina,2
ZillaKami,2
Qrion,2
Nova Twins,2
IC3PEAK,2
PassCode,2
Colby Brock,2
Waka Flocka Flame,2
Auxili,2
Oques Grasses,2
Aditya Dev,2
Divide Music,2
Chi-Chi,2
Vernessa Mitchell,2
Razor-N-Guido,2
TheFatRat,2
Lost Sky,2
Nightcore,2
KIDS SEE GHOSTS,2
Layton Greene,2
Summer Walker,2
Olivia O'Brien,2
Big & Rich,2
Joey Beltram,2
Hardfloor,2
DFX,2
Offstage Acting,2
Told Not To Worry,2
Ted Williams,2
Luv Foundation (UK),2
Big Wild,2
mazie,2
ricedeity,2
Marc Piñol,2
Zenker Brothers,2
Big Bunny,2
Soulwax,2
Snuff Crew,2
Jason Kendig,2
Andrew Butler,2
Nathan Micay,2
Last Vision,2
Daniele Travali,2
The Juan Maclean,2
Amtrac,2
House Rhythms,2
Bobby Konders,2
Emmanuel Top,2
Vane Lily,2
Jordin Sparks,2
MØ,2
High School Musical Cast,2
MAMAMOO,2
Kim Ann Foxman,2
Psychedelic Research Lab,2
Ghost Culture,2
Urban Tribe,2
Outlander,2
DjRUM,2
Ascended Masters,2
Santa Fe Klan,2
Los Dareyes De La Sierra,2
Ryan Castro,2
Chuyin,2
Techno Tupac,2
BABY J,2
BIJOU,2
WhoHeem,2
Ravon,2
Twaimz,2
KREAM,2
Alan Cumming,2
Kristolyn Lloyd,2
Stephen Oremus,2
Kristin Chenoweth,2
The Melody Men,2
Ferreck Dawn,2
Shift K3Y,2
George Z,2
Original Cast of Billy Elliot,2
鹿谷樹,2
糸目幸士郎,2
明美圭一,2
田村唯,2
百合絢斗,2
ジミー,2
矢口恭介,2
加島優,2
Taylor Girlz,2
Topic,2
MK,2
Barbara Mandrell,2
Jaime Wyatt,2
Jósean Log,2
Manu Chao,2
Jack Wins,2
Cycoriot,2
Djerv,2
Mandy Moore,2
Michelle Branch,2
Cheat Codes,2
MKLA,2
Dynoro,2
Syn Cole,2
TRFN,2
Stefflon Don,2
Black Sabbath,2
Trapt,2
Maurice Joshua,2
The Alias,2
Paul Oakenfold,2
The Saturdays,2
Mon Laferte,2
Thirty Seconds To Mars,2
Hook N Sling,2
Maya Azucena,2
jj,2
Wray,2
Christina Milian,2
Pantera,2
DJ Hell,2
Lime,2
Musique,2
Satyajit Ray,2
Alex Acosta,2
The Bitches,2
Roger Grey,2
Ice Mc,2
Mike Cruz,2
Patrick Sandim,2
Nikki,2
Bailey Tzuke,2
Rationale,2
Kito,2
Amber Run,2
Kenny Rogers,2
Temper City,2
Bowman,2
August Ponthier,2
Charlie Brennan,2
David Michael Hawkins,2
Sam Bettens,2
Eli Young Band,2
Maddie Rean,2
Brothers Osborne,2
Lucius,2
The Cowgays,2
Allie X,2
KATYA,2
Sergi Ibor,2
The Carters,2
Alison Krauss,2
Brad Paisley,2
Lee Brice,2
Lee Ann Womack,2
Sara Evans,2
Jake Owen,2
Coil,2
ylxr,2
Bulrog,2
Miss Monique,2
Birdman,2
Dat Boa Follow,2
Compay Segundo,2
Omara Portuondo,2
Los Pamperos,2
Rodrigo Amarante,2
Frankie Valli,2
Space,2
Rupert Holmes,2
Roy Ayers Ubiquity,2
Leon Ware,2
Gil Scott-Heron,2
Lovejoy,2
Smallpools,2
Death Cab for Cutie,2
MARIS,2
Kasimyn,2
Ibrahim Ashk,2
Babul Supriyo,2
Prem Jitendra,2
Prem Mukta,2
Loy Mendonsa,2
Vasundhara Das,2
Prashant Ingole,2
Nazia Hassan,2
vi0let,2
Anita Ward,2
Lil Big Stack,2
Rednex,2
Baby Keem,2
Tre Loaded,2
Lupe Fiasco,2
Pröz,2
xoni,2
removeface,2
Jon Lajoie,2
samUIL Lee,2
KEVIN WOO,2
Danny Chung,2
Neckwav,2
NITTI,2
ZHU,2
Saja Boys,2
Tank and The Bangas,2
Noname,2
Jamila Woods,2
HWASA,2
ZEROBASEONE,2
PJ Harvey,2
Terry Oldfield,2
Caron Wheeler,2
Soul II Soul,2
STAYC,2
TWS,2
XngHan&Xoul,2
Wonder Girls,2
Rich Brian,2
deadmau5,2
Audio Bullys,2
Eric Singleton,2
Todd Terry,2
Opus III,2
Aaman Trikha,2
Vineet Singh,2
Himesh Reshammiya,2
Tulsi Kumar,2
Sukriti Kakar,2
Angel Y Khriz,2
Don Omar,2
"Héctor ""El Father""",2
Dhvani Bhanushali,2
IP Singh,2
Christopher Fitzgerald,2
Grace Phipps,2
Frou Frou,2
Labh Janjua,2
Muza,2
Jennifer Warnes,2
Bill Medley,2
Starship,2
Michael Sembello,2
Rick Astley,2
brazy,2
Oscar D'León,2
Elvis Crespo,2
Yvncc,2
Donatachi,2
McKenna Rae,2
Ewy,2
Naomi Campbell,2
BUNT.,2
MOONLGHT,2
Matt Sassari,2
Ween,2
Kyunchi,2
Zheani,2
Emeli Sandé,2
Sonique,2
Pebbles,2
Aaron Hall,2
Sly & The Family Stone,2
Noisuf-X,2
Gloom Darkheart,2
Horace Andy,2
Ella Fitzgerald,2
The Boswell Sisters,2
The Andrews Sisters,2
Miike Snow,2
VNSSA,2
Alabama,2
Kabah,2
Alejandra Guzman,2
Ana Bárbara,2
Fatman Scoop,2
Justin Moore,2
Kyle Alessandro,2
Sekou,2
Flamyngus,2
LUNA,2
The Green,2
Yaz,2
Panucci's Pizza,2
Olivia Olson,2
Swiblet,2
Trim,2
박혜진 Park Hye Jin,2
Jayda G,2
Pretty Poison,2
Liza Minnelli,2
Mark Weigle,2
Grant Macdonald,2
little purr man,2
The Buttress,2
Cherry Glazerr,2
Debbie Deb,2
Robert Miles,2
ER,2
Armaan Malik,2
D.O.E.,2
The Greatest Showman Ensemble,2
Mykki Blanco,2
September,2
BigKlit,2
The Anti Group,2
INNA,2
SICKOTOY,2
RAHH,2
Heavy D & The Boyz,2
Right Said Fred,2
Scatman John,2
Rozalla,2
Hot 'N' Juicy,2
Mousse T.,2
Yusuf / Cat Stevens,2
Chus & Ceballos,2
Imanol Molina,2
Barbara Tucker,2
Too $hort,2
Metro Station,2
Chloe Adams,2
Jade LeMac,2
EMJAY,2
El Baby R,2
T.O.P,2
Chanel,2
Maria Becerra,2
Seth Hills,2
Josh Caffé,2
Roland Clark,2
David Tort,2
BloodPop®,2
Ajay-Atul,2
Kavita Seth,2
Trey Lewis,2
MISSIO,2
Draugr,2
Perc,2
Headless Horseman,2
Darius Rucker,2
Earl Sweatshirt,2
Fousheé,2
Chloe Lilac,2
Beezyx,2
Silk,2
Dino,2
Wet Leg,2
Rett Madison,2
Sandy B,2
DJ Chus,2
Fierce Ruling Diva,2
Tom Stephan,2
Young the Giant,2
Patrick Watson,2
Moby,2
Punkinloveee,2
Two Another,2
Don Carlos,2
Zumbi,2
iNi Kamoze,2
Dr. Luke,2
Emilia Jones,2
Jokers Of The Scene,2
Tiga,2
K.I.M,2
SonicC,2
Oliver Dollar,2
Jahcoozi,2
MC Miltinho,2
Daniel Haaksman,2
Supa Hype,2
Bruce Springsteen,2
El Roig,2
12 RODS,2
Tamino,2
Daddy,2
Mary Gauthier,2
Leftside,2
Vandelux,2
GUDFELLA,2
i wanna be a jack-o-lantern,2
witchbox,2
Laura Branigan,2
White Town,2
Nora Van Elken,2
Kaash Paige,2
Dream,2
Vuugi P,2
Evil,2
Maleigh Zan,2
Marc Stout,2
Latto,2
Dody6,2
Foot Ox,2
D.O.D,2
Idealism,2
Dido,2
Jonas Blue,2
CYRIL,2
Pamala Stanley,2
Sian,2
The Last Dinner Party,2
Martina Topley-Bird,2
Cocteau Twins,2
The Bravery,2
Rufus Wainwright,2
ZigBayGayRaps,2
The Miracles,2
Solomon Burke,2
The Contours,2
John Denver,2
Glen Campbell,2
FEVER 333,2
Brojob,2
Judas Priest,2
Faith No More,2
Amzze,2
Karam Brar,2
Kumar Sanu,2
Kausar Munir,2
Mayday Parade,2
Oliver,2
SAINTLYSILAS,2
Maejor,2
JbDubs,2
Charley Furey,2
Fabian Lenssen,2
Chuckie,2
Jamie Stevens,2
Thomas Bangalter,2
Benjamin Diamond,2
Stardust,2
French Affair,2
Maggie Rogers,2
Arlo Parks,2
Justine's Mic,2
Howard Jones,2
Estado Flotante,2
Jonah Almost,2
Niko The Kid,2
John Duff,2
A Boy Named Pony,2
Melody T,2
FJAAK,2
Starkillers,2
Ryan Cassata,2
Visage,2
Barbara Mason,2
Miquel Brown,2
Alphabeat,2
Morgan Page,2
9lives,2
Kaytoven,2
Placebo,2
NOTNORTH,2
Armin van Buuren,2
Sak Noel,2
Example,2
Q-Tip,2
AIROD,2
Maara,2
Thomas Headon,2
Ghostryder,2
Aurelio Voltaire,2
Rob Cantor,2
Юпи,2
Air Traffic Controller,2
Hunny,2
Adnan Dhool,2
Aditya Rikhari,2
Priya Saraiya,2
Jasleen Royal,2
Ahmed Jahanzeb,2
Amir Ameer,2
Rauhan Malik,2
AKASH MEHTA,2
Angaleena Presley,2
Ashley Monroe,2
Pistol Annies,2
Stephen Marley,2
hxnry,2
Natasha Mosley,2
Rohan,2
Amuka,2
Shola Ama,2
Cassie,2
TYGAPAW,2
Stephanie Mills,2
Dwele,2
Fatback Band,2
Phoebe Strole,2
Lauren Pritchard,2
Lea Michele,2
John Gallagher Jr.,2
Skylar Astin,2
Gideon Glick,2
Jonathan B. Wright,2
Brian Johnson,2
Andrea Storm Kaden,2
Ck9c,2
LittleJayneyCakes,2
Zach Callison,2
Bryce Bowyn,2
The Sissy Dicks,2
Regard,2
Harry Romero,2
Brian Sears,2
Benjamin Schrader,2
Clark Johnsen,2
Kevin Duda,2
Justin Bohon,2
Scott Barnhardt,2
Rory O'Malley,2
Josh Gad,2
Kinky Boots Ensemble,2
Full Company,2
LissA,2
Mazde,2
Katie Herzig,2
Shawn Ryan,2
Little Dragon,2
SBTRKT,2
Emancipator,2
ODESZA,2
Slow Magic,2
The M Machine,2
Mat Zo,2
Evenings,2
daena,2
Meelz,2
Toastymarshmellow,2
"The Cast of RuPaul's Drag Race All Stars, Season 2",2
Mood II Swing,2
Gina G,2
Eartha Kitt,2
Joe Smooth,2
LunchMoney Lewis,2
LJ LephemStar,2
Sara Kays,2
Clement Bazin,2
Dave Glass Animals,2
Slow Valley,2
Cassius,2
Superorganism,2
You Man,2
Dave Bascombe,2
The Ronettes,2
Swarna Shri,2
Dhruv Sharma,2
Bharat Kamal,2
Mohit Lalwani,2
JayB Singh,2
RXTRO,2
Joe Jonas,2
Deborah Cooper,2
Cat Burns,2
Conor Maynard,2
Kris Kross Amsterdam,2
Tori Amos,2
Taco,2
David Arnold,2
Aiza Seguerra,2
Louise,2
Eile Monty,2
IMLAY,1
Junior Varsity,1
Teen Jesus and the Jean Teasers,1
Los Angeles Philharmonic,1
Gooseworx,1
AnimationStation,1
Adam Sandler,1
Stickysean,1
Whitesnake,1
Volbeat,1
tsubi club,1
PHUEXE,1
kitchen drunk,1
Sascha Funke,1
Booka Shade,1
Extrawelt,1
Anja Schneider,1
Melokind,1
Recondite,1
blackwinterwells,1
osquinn,1
Harinaam Das,1
Hansraj Raghuwanshi,1
Reena Mehta,1
Anup Jalota,1
Vipul,1
NEW CG SONG DJ,1
Bat For Lashes,1
Nellee Hooper,1
Epiphany Mattel,1
Latrice Royale,1
Evan Rachel Wood,1
Rochelle Diamante,1
Orko,1
Philip Michael,1
Christine Baranski,1
Monique Heart,1
Antonio Pinto,1
Taciana Barros,1
Pequeno Cidadão,1
Bukas Palad Music Ministry,1
Cooky Chua,1
Karina Balajadia,1
Noel Cabangon,1
Jamie Rivera,1
Emma Bunton,1
Mae Muller,1
Nicola Roberts,1
Saloni Thakkar,1
Kirtan Club,1
Pankaj VRK,1
Krishna Chaturvedi,1
Devi Chitralekha,1
GAVI,1
Abhinsane,1
Rishi Kalra,1
Preston Pablo,1
Yarah,1
Elvis Presley,1
Dj Paulo,1
Dany Cohiba,1
Martha Wash,1
Concept Of One,1
josi cheeks,1
Sofi Gev,1
Anne Nederhoed,1
SERA,1
Arnaldo Antunes,1
Edgard Scandurra,1
Sylver Logan Sharpe,1
Suzanne Palmer,1
Shai,1
Sanya Dandona,1
Dhanda Nyoliwala,1
Aarush Valiani,1
Sunny Garcha,1
Vicky Dhaliwal,1
Simar Kaur,1
Mastermind,1
Gurdeep Mehndi,1
Armaan Gill,1
Arnaaz Gill,1
KriB,1
Gurman Singh,1
Mananveer Singh,1
Corey Wilder,1
Polo & Pan,1
Kiran Bajwa,1
Prince Narula,1
Haakam,1
Daaku,1
Dj Akash Rx,1
Aishwarya Anand,1
Jahaan Shah,1
Nirvaan Birla,1
Sudhir Vyas,1
Pawandeep Rajan,1
Kaushal Kishore,1
Swaradish Dr Bharat Balvalli,1
Prasad S,1
Suvarna Tiwari,1
Left at London,1
SEREN,1
Frances,1
Sinclair,1
Burry,1
Emilie Autumn,1
John Dahlbäck,1
Elliotte Williams N'Dure,1
Jolly,1
Kid Massive,1
Sabrina,1
Yazz,1
Andy Wallace,1
Christian Paul,1
Joey Purp,1
Vinyl on HBO,1
Lisa Kron,1
Jeanine Tesori,1
DJ Rhett,1
Casey McKinnon,1
Prozzak,1
Chris Mann,1
iAmMoshow,1
The Meow Meow Meows,1
Steve Goodie,1
Hectic,1
Bill Whyte,1
FASCINATING AIDA,1
Barnes & Barnes,1
Aanyl Pane,1
SungWon Cho,1
"Dominique ""SonicFox"" McLean",1
David Hyde Pierce,1
Hank Azaria,1
The Prom Ensemble,1
Sofia Nova,1
Logan Riley,1
Nico Greetham,1
Nathaniel J. Potvin,1
Jason Gotay,1
Jason Michael Snow,1
The View UpStairs Cast,1
Randy Redd,1
Original Cast of 'My Son’s A Queer (But What Can You Do?),1
Rob Madge,1
Pippa Cleary,1
Beth Malone,1
Sydney Lucas,1
Grace Rolek,1
Todd Ellison,1
Ensemble,1
Broadway Barbara,1
Kisos,1
The Remix Bros,1
Sid Static,1
Blowfly,1
Aaron Carl,1
On Deck,1
Tracy Young,1
DJ Head,1
Anton Aklin,1
Natascha Bessez,1
China Ro,1
Christopher Sieber,1
Adam Pascal,1
Rosario Dawson,1
Montaigne,1
Princess Chelsea,1
Scott Major,1
Pokopom,1
LDShadowLady,1
David Correy,1
Ghost 674,1
Alex Isley,1
Original West End Cast of Heathers,1
Jon Boydon,1
Nathan Amzi,1
Taylor Trensch,1
Lynne Shankel,1
Backseat Vagabond,1
"Todd ""DJ Penetrate"" De LA Garza",1
Frankie J,1
High Bias,1
DJ ROOTS,1
Change,1
Rufus & Chaka Khan,1
David Axelrod,1
Gong,1
David McCallum,1
Kavinsky,1
Shamir,1
Initial Talk,1
Company B,1
Kate Ryan,1
Remo Drive,1
FIDLAR,1
chromonicci,1
Smith Blaxk,1
ceZk,1
Able Heart,1
JEY,1
CAMO,1
DJ Mike Cruz,1
Snow Patrol,1
Dio,1
Slowdive,1
Shy Smith,1
Staind,1
Matt Squire,1
Eric Kupper for Hysteria Productions,1
Love To Infinity,1
Jhorge Merino,1
Vijay Deverakonda,1
Stebin Ben,1
AUR,1
Omkar Singh,1
Azaan Sami Khan,1
Yashal Shahid,1
DIPAK NIMAJE,1
Sabri Sisters,1
Asim Azhar,1
Shayra Apoorva,1
Siddhant Bhosle,1
Abhijeet Srivastava,1
Vishrut Parikh,1
Mashhad,1
RAMP,1
Juliette & The Licks,1
JustGerdy,1
G-Mixx,1
Gellokeyzz,1
Dj Benjimix,1
Kaysha,1
Bruno Martini,1
Varsity Team,1
Goher Mumtaz,1
Masroor Ali Khan,1
Rabi Ahmed,1
Varun Grover,1
Anumita Nadesan,1
Achint,1
Gajendra Verma,1
Aditya Sharma,1
Radhikka Madan,1
Human Form Divine,1
Carlos Vara,1
BENCE,1
Zach Palmer,1
Dirt Poor Robins,1
MALINDA,1
Ludo,1
Burn The Ballroom,1
Debelah Morgan,1
Diana King,1
Jennifer Paige,1
Play,1
Fefe Dobson,1
Steve Fitzmaurice,1
Ashley Ballard,1
FORTUNA 812,1
Kyler England,1
Trevor Guthrie,1
Bingo Players,1
Cover Drive,1
Havana Brown,1
Non Octo,1
Randomer,1
Synta,1
ÅMRTÜM,1
Brutalismus 3000,1
Farsight,1
Dagga,1
Space 92,1
VTSS,1
Tiger King TBL,1
Kiddy Smile,1
Pretty Pretty Awful,1
Eliot Sumner,1
Jei-Rynn,1
Bitch Stick,1
Uninvited,1
Vile Plume,1
cokeworks,1
Dagger Polyester,1
Hertzcasper,1
SpaceAcre,1
LADYBOY,1
Butch Walker,1
Jessye DeSilva,1
SH!NER,1
Torture and the Desert Spiders,1
Felin,1
Raj Chilana,1
GMAFIA,1
Sambath Gopalakrishnan,1
Aman Bhau,1
Chet Singh,1
Gurnazar,1
Shaarib Toshi,1
Sanam,1
Shahid Hussain,1
Damsaaz,1
Humnava,1
Afro Medusa,1
Junior Caldera,1
Fareoh,1
CalicoLoco,1
loveshy,1
Harmn,1
Amo Singh,1
MNLTX,1
Kamal,1
Lloyd,1
Omy Singh,1
Versatile,1
Hrmxn Sidhu,1
Lakshmeesh,1
Nikhil Aggarwal,1
Albin S Joseph,1
Rinosh Chacko,1
Qalsëng,1
J. Rancy,1
Revaan,1
Deepak Dhillon,1
Joe Satriani,1
Kitt Wakeley,1
James Vickery,1
A/K,1
BROWN & GRAY,1
Mishaal Tamer,1
jaye,1
Delta Rae,1
M49,1
MagZeen,1
RB Singh,1
The Masterz,1
Aish Tiwari,1
Balli Rajgarhia,1
Sarkaria,1
Manna Amloh,1
Angelo De Augustine,1
Catherine Feeny,1
Noah Cyrus,1
PJ Harding,1
DJ Spiller,1
Jackson Scofield,1
Blond in Car,1
Evans Barnes,1
Julian June,1
Prodéje,1
ellee ven,1
Kathleen Blackwell,1
Jack The Underdog,1
Waves Rush In,1
GOZA,1
Topel and Ware,1
Imagination,1
Double Exposure,1
Hues Corporation,1
Overwings,1
Ottawan,1
Misabella,1
Cecile Believe,1
Jaye Naima,1
Phat 'N' Phunky,1
David Garcia,1
Mark Davis,1
Anthonyxmoore,1
Ren0wned,1
RLYS,1
Sparky,1
City and Colour,1
John Selway,1
Christian Smith,1
Datar,1
Hex Hector and Dezrok for Ground Control Productions,1
DJ Rasoul,1
Hex Hector for HQ2 Enterprises,1
Mac Quayle for HQ2 Enterprises,1
Charlotte,1
Kelly Price,1
Faith Evans,1
Dubfire and Sharam,1
Whitey,1
Ash Morgan,1
ellysa,1
Lucy & La Mer,1
Raf,1
DJ Belinda,1
eto,1
Rubby,1
Ryan Mina,1
Ray Violet,1
Uliya,1
Drew Von Sheim,1
CORTIS,1
Queen Chrysalis,1
Princess Cadance,1
Never Shout Never,1
Twilight Sparkle,1
MGNA Crrrta,1
Junior Sanchez,1
Kink,1
lil RavioliSquirtBottle,1
Yves Tumor,1
Climie Fisher,1
Living In A Box,1
Men Without Hats,1
Alexandra Stan,1
JoJo,1
Nina Wang,1
Ty.,1
VAVA,1
Dominique Young Unique,1
LOLO,1
JasonMartin,1
John Riot,1
Obsydya,1
Nico Like a Rainbow,1
Die and Go Away,1
Sister Bliss,1
Rollo,1
Sleaze Sisters,1
Nigel Lowis,1
Gala,1
Carl Ward,1
Serge Ramaekers,1
Colin Peter,1
Seeing Double,1
The Head And The Heart,1
James Vincent McMorrow,1
José González,1
ROLE MODEL,1
Kevin Liu,1
Planningtorock,1
Kiesza,1
HAYLA,1
Kx5,1
Jody Barr,1
Hernan Cattaneo,1
Emily Roberts,1
GAMPER & DADONI,1
Hawaiian Music,1
#1 Hits Now,1
gardenstate,1
Matan Caspi,1
Matter,1
GMJ,1
Tantum,1
Arude,1
Joe Red,1
Javi Colors,1
Lesley Gore,1
Priyanka Chopra,1
Alan Walker,1
My Marianne,1
Will Ferrell,1
Gameboi,1
Adam Joseph,1
Timo Maas,1
The Harry Morrissey Official,1
Tom Santa,1
Eddie Floyd,1
Booker T. & the M.G.'s,1
The Righteous Brothers,1
The Spencer Davis Group,1
Jr. Walker & The All Stars,1
Merk & Kremont,1
Ishaan,1
Manohar Shetty,1
Udbhav,1
Anu Malik,1
Mahalakshmi Iyer,1
ABC,1
Generation X,1
Genesis,1
Smoke City,1
Mélanie Pain,1
Gareth Emery,1
Alex Suarez,1
Matt Pendergast,1
Alexander Lasarenko,1
Everybody Loves an Outlaw,1
Kieran Alleyne,1
Kupla,1
Elijah Nang,1
JarJarBeatz,1
Rico Del Oro,1
The Brudi Brothers,1
CJ McCreery,1
Silverchair,1
Against Me!,1
Andrew Zink,1
Eraha Barn,1
Navroz,1
Valiant Ast,1
Teenaankh,1
Pritha Mazumdar,1
Sonali Bhatawdekar,1
Shweta Pandit,1
Wynonna,1
BlkMaskDaGoat,1
Bryant Roses,1
Odie Leigh,1
Emmylou Harris,1
Linda Ronstadt,1
Anna & Elizabeth,1
Nora Brown,1
The Reverent Marigold,1
The Soul Brothers Six,1
Arthur Conley,1
Brenton Wood,1
Maurice Williams & The Zodiacs,1
Moovy B,1
ease.,1
WYS,1
Masters At Work,1
Ensiio,1
Bareback Boys Feat. Ensiio,1
ARTBAT,1
Monolink,1
Samantha Urbani,1
Lynn Anderson,1
Katya Lel,1
Nouvelle Vague,1
Pinegrove,1
Blonde Redhead,1
Strwzns,1
Swans,1
Alexander Zamparas,1
Jessica Bell,1
MONGOA,1
Just Big Hills,1
Veronika Redd,1
MORTEN,1
Like Mike,1
Dimitri Vegas,1
W&W,1
Dimitri Vegas & Like Mike,1
WhiteBuffs,1
Dray Nova,1
Tones And I,1
David Cole,1
Robert Clivillés,1
Louil Silas Jr.,1
Jody Watley,1
Zelma Davis,1
Jermaine Stewart,1
Renas,1
Claptone,1
Madison Love,1
Beéle,1
eevee,1
Harris Cole,1
Nori,1
In Love With a Ghost,1
Wünsche,1
Hakaisu,1
sophie meiers,1
Jules,1
Zeeky Beats,1
Julian Stainback III,1
Purrple Cat,1
A L E X,1
Bimbo Jones,1
Tony Arzadon,1
Stunna Girl,1
Sukihana,1
Averno,1
Bears In Trees,1
Charming Disaster,1
Dontcry,1
Tenno,1
RŮDE,1
Amanda Lepore,1
Virgin X,1
DEMISANTÉ,1
LUCIUS ARTHUR,1
Tommy Richman,1
Yan Wagner,1
Dream SMP Music,1
Corn,1
Slimmy B,1
Nfasis,1
Chael Produciendo,1
Standly,1
Keaton Henson,1
Nick Drake,1
"Sorry, Peach",1
Lomelda,1
lunaluxe,1
Christian on HD Accel at Audacious,1
Dawin,1
Remix produced and mixed by Jesse Peterson & Alan Gordon,1
Dada Life,1
Misha K,1
Jline,1
Brayton Bowman,1
Lujavo,1
Nito-Onna,1
dnvn,1
DMNDS,1
Dance Fruits Music,1
Ben Grosse,1
Dxrk ダーク,1
SANGO BLACK,1
Donna Lewis,1
InfectedSun,1
Justin Kayser,1
Christian Nodal,1
347aidan,1
GeorgeNotFound,1
M. Şerif Altun,1
Avi Bortnick,1
Jesse Murphy,1
Aaron Johnston,1
NIIKO X SWAE,1
French Braids,1
Kid Froopy,1
six days after christmas,1
A-Trak,1
Duck Sauce,1
Nightcrawlers,1
Gusto,1
Wa Wa Nee,1
Seduction,1
Kameron Ross,1
Kyan Palmer,1
Fat Freddy's Drop,1
Kiki Dee,1
Joni Mitchell,1
Kenny Loggins,1
Tom Rowlands,1
Transistorcake,1
S.G. Goodman,1
Moses Sumney,1
Waxahatchee,1
Hurray For The Riff Raff,1
Walk Me Home,1
Brandon Stansell,1
Lavender Country,1
Sam Gleaves & Tyler Hughes,1
Catherine the Great,1
Two Nice Girls,1
Jess ETA,1
96MUZIK,1
Anita Baker,1
Total,1
Brotherhood of Man,1
Paige Cavell,1
Carlita,1
Tima Dee,1
Kamino,1
who.am.i,1
Dan Port,1
ROOSTERJAXX,1
Steff da Campo,1
The Wailers,1
Ziggy Marley,1
Stick Figure,1
Edwin Starr,1
Martha Reeves & The Vandellas,1
Pale Waves,1
Marc McCabe,1
Deetron,1
Anfisa Letyago,1
Goldenchild,1
My Gay Banjo,1
Little Bandit,1
PR1SVX,1
Kanii,1
Lauren Jauregui,1
Elita,1
Keith Washington,1
Famous Bobson,1
OchoForeign,1
Ames,1
luhx.,1
Brasstracks,1
Yung Bae,1
702,1
Sam Divine,1
Shadow Child,1
De'Lacy,1
Chris Trucher,1
Felix Da Housecat,1
Nic Fanciulli,1
AmyElle,1
Dario D'Attis,1
Rion S,1
Eats Everything,1
The Spinners,1
Gordi,1
Lauren Aquilina,1
Dave Hollister,1
Yinka Oshodi,1
Nyotaa,1
Mott The Hoople,1
Miss Kaninna,1
ALTÉGO,1
Hutcher,1
Associanu,1
Karma Fields,1
Starjunk 95,1
Human Family,1
Brandon Mints,1
Hollie Col,1
Sarah Saint James,1
Ansome,1
River Moon,1
Manni Dee,1
Paula Temple,1
Developer,1
Death Bulb,1
J.Manuel,1
Fadi Mohem,1
Koogan,1
90 Process,1
Jaymie Silk,1
Ōtone,1
Tommy Four Seven,1
"The Cast of RuPaul’s Drag Race, Season 10",1
Troy Javelona,1
Ruel,1
Mercy Necromancy,1
King Kavalier,1
Brad Breeck,1
Question Mark,1
Adult Swim Smalls,1
Bernadette Carroll,1
The Ink Spots,1
"Sailors, Soldiers & Airmen of Her Majesty's Forces",1
Roland Shaw And His Orchestra,1
Vera Lynn,1
Tymon,1
Operant,1
Jensen Interceptor,1
Tullia Benedicta,1
Scalameriya,1
Raffaele Attanasio,1
Symone Noelle,1
Jungle Punk,1
Salomé Le Chat,1
Channa Ghuman,1
Kaka WRLD,1
Naveen Chaudhary,1
ISHH,1
Ruaa Kayy,1
Raghav Chaitanya,1
Mahmood,1
Charan Preet,1
Dustin Bird,1
Kassi Ashton,1
Troy Cartwright,1
1017 ALYX 9SM,1
YAH WAV,1
Vicco,1
Devv Sadaana,1
Kishore Mondal,1
Krish Mondal,1
Ansh Chahal,1
AN1K8T,1
Jantt Pannu,1
Kid Enigma,1
The Deepshakerz,1
Moreno Pezzolato,1
KiNK,1
Kei,1
Hannah Holland,1
Alewya,1
Vitaclub,1
BURNS,1
Mi Trenda,1
Dornelles,1
La Mas Doll,1
QUIEN ES PIPE,1
Nesi,1
Ashford & Simpson,1
Sarah Barrios,1
Lady Pills,1
L7,1
Kelsy Karter & The Heroines,1
Hands Off Gretel,1
Amaral,1
Raffaella Carrà,1
Abraham Mateo,1
Ana Mena,1
Guitarricadelafuente,1
Commodores,1
The Mescaleros,1
Joe Strummer,1
Lenny Kravitz,1
Eric Clapton,1
Obskür,1
AOTA,1
Sadie Walker,1
Aryia,1
Jillian Edwards,1
Thomas Gold,1
Andrelli,1
javo leon,1
Alex Cort,1
Vanessa Labios 4k,1
Bizarrap,1
Ren Carter,1
Nani Castle,1
Tony Quattro,1
Big Mountain,1
Chris Isaak,1
TOTO,1
ZEORMX,1
Dj Rehan,1
Lumidee,1
e-lie,1
Zhané,1
David Anthony,1
FINNEAS,1
T. Rex,1
The Whomping Willows,1
U2,1
Hansika Pareek,1
Kaushik-Guddu,1
Harshdeep Kaur,1
North West,1
HAIM,1
Teyana Taylor,1
Jazmine Sullivan,1
GoldLink,1
Shay Lia,1
Graham Stack,1
LVL1,1
Ssion,1
$atori Zoom,1
Sophie Powers,1
girl_irl,1
Liv Grace,1
Kumar Atul,1
Saurabh Lokhande,1
Pooja Gaitonde,1
Ginny Diwan,1
Anand Bhaskar,1
Sachin Gupta,1
Priyankaa Bhattacharya,1
Mahendra Dhirajlal Kamdar,1
Kalpana Gandharva,1
Debanjali B Joshi,1
Sumeet Bellary,1
Gandhharv Sachdeva,1
Varun Vasisht,1
Sachin Urmtosh,1
Annkur R Pathakk,1
Raj Shekhar,1
my head is empty,1
antihoney,1
La Trec,1
Sash!,1
Sarah McLachlan,1
Doctor Lilt,1
Andy Trent,1
DJ Aligator,1
Craig C.,1
Tom Trujillo,1
Niv Cohen,1
Pete Konemann,1
Gabry Ponte,1
Eiffel 65,1
La Rissa,1
SMOKE,1
Kaliii,1
Valentin,1
TOKiMONSTA,1
VanJess,1
Tkay Maidza,1
"John ""Jellybean"" Benitez",1
Jay Mark,1
Addison Grace,1
October Country,1
Leanna Firestone,1
Bubba The Love Sponge,1
The Alley Dukes,1
Thomas Mac,1
The Reverend Horton Heat,1
Terrance Zdunich,1
Alexa Vega,1
The Honeysticks,1
BL,1
Jon Walker,1
The Brazen Youth,1
Motherfolk,1
Miniature Tigers,1
Born Without Bones,1
Roy Blair,1
NITESHIFT,1
Absofacto,1
Sloppy Jane,1
Stephan Nance,1
BunnaB,1
YKNIECE,1
Bhad Bhabie,1
BLVCK BUNNIE,1
Hannah Williams,1
Lutan Fyah,1
Jacob Hemphill,1
Eli Lieb,1
MORGXN,1
Astrolith,1
Kalifa,1
Fly Young Red,1
Trans-X,1
Sheryl Lee Ralph,1
Mark Moore,1
William Orbit,1
The Bootzilla Orchestra,1
Malcolm McLaren,1
Alejandro Sanz,1
The Altogether,1
Karime,1
Manelyk,1
Ana Victoria,1
Diego Verdaguer,1
Vaughn Benjamin,1
Dayerteq,1
angel vox,1
Marc Acardipane,1
Selfless Homage,1
Vessel,1
siovo,1
Faux Real,1
Disco Bambino,1
Ella Collier,1
Ryan Belcher,1
The Affirmations,1
Mixhell,1
Kardinal Offishall & Carla-Marie,1
GEE LEE,1
Sophiegrophy,1
Route 94,1
Coka Cobra,1
Morgan Harvill,1
MAY BBY,1
Chynna,1
Rebūke,1
Manila Killa,1
James Patterson,1
Tracy Lawrence,1
John Anderson,1
Keith Anderson,1
Brantley Gilbert,1
Louis Armstrong,1
Dorothy Squires,1
Orchestra,1
Henry Jerome,1
Jimmie Rodgers,1
The Blue Grass Boys,1
Irving Kaufman,1
Billy Cotton & His Band,1
Frances Mae Maddux,1
Sam Lanin and His Orchestra,1
The Dorsey Brothers Orchestra,1
Arthur Johnston,1
The Brox Sisters,1
Vic Schoen & His Orchestra,1
Rye Rye,1
Simian Mobile Disco,1
The Stylistics,1
Blue Magic,1
The Love Unlimited Orchestra,1
BIIANCO,1
Chick Corea New Trio,1
Eddie Harris,1
Les McCann,1
Dr. John,1
Fats Domino,1
Cory Wong,1
Stuff,1
Muddy Waters,1
Carole King,1
Juora,1
Mr.Kitty,1
Bob Crosby & The Bob Cats,1
Stylz,1
Bobby Brown,1
Mc Sar,1
Joseline Hernandez,1
Marianne Faithfull,1
BOB SCHWARZ,1
Bill Evans,1
The Monty Alexander Trio,1
Count Basie,1
Al Jarreau,1
Miles Davis,1
Michel Petrucciani Sextet,1
The Chi-Lites,1
Isaac Hayes,1
Peaches & Herb,1
The Floaters,1
Popgoth,1
Aja,1
S4BRINA,1
Lucy Loone,1
Samantha Fox,1
Mel & Kim,1
Yazoo,1
James Taylor,1
Fugees,1
Dionne Warwick,1
Gliese,1
Edmee,1
DHT,1
Tony! Toni! Toné!,1
Chumbawamba,1
Adina Howard,1
paipon,1
Allen Simpson,1
Zalundia,1
Khlaws,1
JaidynAlexis,1
Mz. Trill,1
Mr. Moon,1
AVELLO,1
Level,1
DPR IAN,1
Jung Kook,1
Thom Yorke,1
Two Door Cinema Club,1
kittygonebaddest,1
Aphrodite7,1
Serena Smith,1
Ivy Queen,1
John Eric,1
"Gocho ""El Lápiz De Platino""",1
Soshy,1
Dj Smokey,1
CHRIST DILLINGER,1
Space Cowboy,1
Native Listener,1
ラッセル・マクナマラ,1
Ralph,1
Natalie Imbruglia,1
Lola Leon,1
The Lab Rats,1
bugcried,1
Kyary Pamyu Pamyu,1
LazyTown,1
Kate Nash,1
Frankie Simone,1
Katrina & The Waves,1
Journey,1
Bali Baby,1
Catey Shaw,1
Joi Cardwell,1
Kenny Bobien,1
Rosie Gaines,1
Hadiya George,1
Rahrah Gabor,1
BAMBII,1
Flexulant,1
Alex Mali,1
Infinite Coles,1
Fulanito,1
Kate Havnevik,1
GnB Chili,1
Jasmin Walia,1
Shamur,1
John Lennon,1
Guy Sigsworth,1
Rashmeet Kaur,1
Guru Randhawa,1
Pardeep Sran,1
Sonu Kakkar,1
Ranveer Singh,1
Habib Wahid,1
Meem Haque,1
Tosiba,1
The xx,1
Luna Blake,1
Indeep Bakshi,1
Amar Arshi,1
Prem & Hardeep,1
Garry Sandhu,1
Ikka,1
Aventura,1
Mr. G,1
"Tito ""El Bambino""",1
Joell Ortiz,1
Tito El Bambino y Randy,1
Chosen Few,1
Kuduro Workout Crew,1
Famous of the Reggaeton,1
Calle 13,1
Blksmiith,1
Hakushi Hasegawa,1
Mike Oldfield,1
Hans Christian,1
Jaya Lakshmi and Ananda,1
DJ Not Nice,1
Bodyrockers,1
Kento Nakajima,1
Yasuyuki Okamura,1
Algo,1
Wenzday,1
Mija,1
Sleepsleep,1
OGAQUAFINA,1
€URO TRA$H,1
Blake Webber,1
Anushka Manchanda,1
Amrik Singh,1
Tenacious D,1
Harm Franklin,1
Curtis Waters,1
Zoë Kravitz,1
Solar,1
Hearts2Hearts,1
SHINee,1
RIIZE,1
Le Butcherettes,1
The Slits,1
Gek Tika,1
Massimo,1
Dum 432,1
Wah!,1
Circle of Existence,1
Chandra Lacombe,1
Pink Guy,1
Rahul Sharma,1
Vijay Akele,1
Lucky Ali,1
Jinu,1
Rumi,1
Rnbstylerz,1
Elohim,1
Party Favor,1
BROHUG,1
Nostalgix,1
UNIIQU3,1
partywithray,1
Chorus - Mulan,1
Donny Osmond,1
Taking Back Sunday,1
Cryjng,1
Lil Yawh,1
Jonas Brothers,1
The Hush Sound,1
Leon Thomas,1
Muck Sticky,1
Rockett Radio,1
Tyler Cassidy,1
Richard Cheese,1
Hott Nucks,1
McFee,1
London,1
Tropical Storm,1
Eric Dunn,1
Lil Tommy Terror,1
Die Antwoord,1
Hot Chocolate,1
Mindin579,1
Slowed Remix DJ,1
Cruz Knox,1
kkbutterfly27xx,1
Cldr,1
Razi,1
Trap Music Now,1
Keiron Raven,1
Thee Prophecy,1
Lil Woadie,1
SG Tip,1
kltekk,1
Lah Pat,1
sltted,1
Sassy Scene,1
Harihar Rao,1
Jitendra Abhisheki,1
Steve Tibbetts,1
Fazilpuria,1
Aastha,1
JW Velly,1
Xandi Blu,1
Big Softy,1
ZØMB,1
Agatka Iskra,1
Robbensohn,1
VICKY,1
NICKOTINE,1
girlweather,1
MkX,1
Rod Stewart,1
Atlas Genius,1
Catfish and the Bottlemen,1
Angel Olsen,1
ZKY,1
Safety Trance,1
Hamsika Iyer,1
Hard Kaur,1
Uttam Singh,1
Kunal Ganjawala,1
Saawan Kumar Tak,1
Rajesh Roshan,1
Ibrahim Ashq,1
Chitra,1
Manu Om,1
Prem Supriya,1
Francesco,1
Guilherme Rossi,1
Fabricio Pecanha,1
The Golden Boy,1
DJ E-Clyps,1
Devoye,1
TYPE3,1
Salt Queen,1
Keyklova,1
Electrosexual,1
George Duke,1
Solomon Ilori,1
The Manhattans,1
Kay Haith,1
The True Reflection,1
Blue Foster,1
Miles McKenna,1
Jason Michael Carroll,1
Dan Tyminski,1
John Michael Montgomery,1
James Greene,1
FEMME,1
Cristoph,1
Koen Groeneveld,1
Thomas Newson,1
Zorrotech,1
Miss Luna,1
Andrea Oliva,1
Thick Dick,1
Jon Suarez,1
Frank Nitty,1
PHUARM,1
Afriqua,1
Los Panchos,1
Eydie Gormé,1
Caifanes,1
Trío Matamoros,1
Adolescent's Orquesta,1
Adalberto Santiago,1
Mickey El Mayimbito,1
Peregoyo y su Combo Vacaná,1
Alonso y Bernardo,1
Devendra Banhart,1
Walter Murphy,1
Gloria Jones,1
Nick Launay,1
Robin Scott,1
M / Robin Scott,1
Leif Garrett,1
K. S. Chithra,1
Taz Stereo Nation,1
Adnan Sami,1
Tyra Banks,1
F9,1
Dirty Old Ann,1
Manila Luzon,1
NOJO,1
Bugzy2flashy,1
Sgee Vehnom,1
ishowsupremex,1
Nelly,1
Blu Cantrell,1
La Dimensión Latina,1
Afro-Cuban All Stars,1
Los Zafiros,1
Cole Myer,1
IzRosh,1
ur mom's boyfriend,1
Balls man 430,1
Lil Buttsack,1
Flight,1
King Ruben,1
Choying Drolma,1
Swami Kriyananda,1
silki agrawal,1
Vidura Barrios,1
Petros & Friends,1
Purusha,1
Ricky Kej,1
Nasir Faraaz,1
Baby Sneha,1
Huxley,1
Billy Kenny,1
Robert Hood,1
NVDES,1
Sam Paganini,1
Bloodtone,1
Artefakt,1
Savage Hymn,1
Dense & Pika,1
Cardopusher,1
BrokinPaper,1
EmoYoungboy,1
Plies,1
Quando Rondo,1
38Top,1
Todd Roberts,1
MOTi,1
CamelPhat,1
Shyam P,1
PUBLIC,1
Clara Mae,1
Miss Semi Sweet,1
Sixx:A.M.,1
Chad Kroeger,1
Bone Thugs-N-Harmony,1
The Audition,1
Lonestar,1
Blake Shelton,1
Aesop Rock,1
Wu-Tang Clan,1
Maximum Love,1
EINHORN (DE),1
BANDANA CHEYENNA,1
Samuel Rozenbaum,1
River Westin,1
Thompson Square,1
Morgan Wade,1
Jessie Haines,1
Lecomte De Brégeot,1
Violet Chachki,1
Andrea Di Giovanni,1
Vigiletti,1
Friend Within,1
Tuff London,1
Laura Davie,1
Mark Knight,1
VOLAC,1
Nabiha,1
Glass Petals,1
Fast Eddie,1
Kryder,1
Andrew Belle,1
Will Paquin,1
Ballyhoo!,1
Ndotz,1
Zach Templar,1
Jordan Adetunji,1
pupsies,1
Dillon Francis,1
Lucy Blu,1
Shari Rowe,1
a balladeer,1
Mariel Buckley,1
Tori Leppert,1
Lila Star,1
Shea Couleé,1
Rishi Rich,1
Rudimental,1
Sian Evans,1
TCTS,1
Ebenezer,1
Billon,1
J090,1
Cityzen,1
Joe Stone,1
KDA,1
Redfield,1
The Flying Lizards,1
Bahary,1
Mauro Solana,1
Tavares,1
Andrea True Connection,1
Fun Fun,1
France Joli,1
Chinmoy Roy,1
Manna Dey,1
Amar Paul,1
Jahor Roy,1
Kamu Mukherjee,1
Vito Fun,1
KOIL,1
Ricky Rebel,1
Belladonna,1
Téada,1
Alaska Thunderfuck,1
The Vixen,1
The Corrs,1
A*Teens,1
Ivana Spagna,1
Whigfield,1
Mistress Bella Lugosi,1
Radio Slave,1
Minty,1
Leigh Bowery,1
Joshua James,1
Zanias,1
I Hate Models,1
Daniel Levak,1
Jaxon Echo,1
Oliver Huntemann,1
Victor Ruiz,1
Den Harrow,1
ZAND,1
Mariahlynn,1
VÉRITÉ,1
Marc JB,1
Lee Dagger,1
Mark Roberts,1
Nasa Histoires,1
Valentino Khan,1
Dave 'Love' Lee,1
Joey Negro,1
Tara Mcdonald,1
Wickaman,1
J Majik,1
Dr Packer,1
Sucker DJs,1
Lea Lorien,1
Jarina De Marco,1
Raja Kumari,1
BONES UK,1
MIYAVI,1
Neon Haze,1
JVZEL,1
Marcus King,1
Samantha Mumba,1
Liz Phair,1
Willa Ford,1
Stacie Orrico,1
TELYKAST,1
BCBC,1
Siadou,1
Moonshine,1
Sevenn,1
Conway,1
COS,1
Point Break Candy,1
Raney Shockne,1
Zoé,1
Denise Gutiérrez,1
Amor Acústico,1
Zero,1
Armando Trovajoli,1
DannyLux,1
Alta Elegancia,1
Franky,1
Notelle,1
Max Styler,1
Wax Motif,1
Krystal LaPorte,1
Sheena Easton,1
Jessi Colter,1
Melissa Carper,1
Jaimee Harris,1
Amythyst Kiah,1
k.d. lang,1
Jill Sobule,1
Sapphink,1
Brutus Backlash,1
The Cold Stares,1
Mako,1
Yankee and the Brave,1
Run The Jewels,1
Spirit Machines,1
Rubicones,1
Aligns,1
Kayzo,1
Jackson Rose,1
Dal Av,1
Periphery,1
Lissie,1
Bill Hamel,1
Barry Jamieson,1
Frederick Jorio,1
Glizzy G,1
HXLLYWOOD,1
Lil Kayla,1
Big Dick Chima,1
Ava Louise,1
Boosie Badazz,1
Sylvia,1
Charlie Rich,1
Jerry Herman,1
Original Broadway Cast of The Producers,1
Matthew Broderick,1
Nathan Lane,1
Kathy Fitzgerald,1
Jeffry Denman,1
Ray Wills,1
Peter Marinos,1
Roger Bart,1
Gary Beach,1
Kayla Nicole,1
Midnight Ambassador,1
Marie Osmond,1
Dan Seals,1
Anne Murray,1
Juice Newton,1
Amanda Bynes,1
Lewis Cleale,1
Rose,1
Daisy Maywood,1
DJ Susan,1
Pony,1
Sharam,1
HOSANNA,1
Westend,1
Katy B,1
Sub Focus,1
LUCATI,1
Alex Gaumond,1
Jonathan Bailey,1
Caitlin Kinnunen,1
Douglas Hodge,1
Tyoz,1
Bryan V,1
Ewan McGregor,1
Nicole Kidman,1
Ensemble - Broadway Cast of Chicago The Musical (1997),1
Bebe Neuwirth,1
Michael Berresse,1
Chicago Ensemble (1997),1
Aladdin Original Broadway Cast,1
Adam Jacobs,1
James Monroe Iglehart,1
Natasha Richardson,1
Anything Goes New Broadway Company Orchestra,1
Sutton Foster,1
Motion Picture Cast of Hairspray,1
Elijah Kelley,1
Adam Sellouk,1
Lucy Lucy,1
Dale Howard,1
Buogo,1
Les Misérables-Original London Cast,1
Jamie Allen,1
T-Rell,1
sherman,1
Jasmine Collins,1
Gxrrixon Productions,1
Brenda Mullen,1
Navaro,1
Sherman de Vries,1
J. Griffie,1
Ale Mora,1
twocolors,1
La Ventaja,1
James Hype,1
Big Red Machine,1
10cc,1
The Five Stairsteps,1
Tombobélico,1
Armenta,1
Grupo Los de la O,1
Polo Gonzalez,1
El Fantasma,1
Jasiel Nuñez,1
Aya Anne,1
GENESI,1
Riordan,1
Luuk Van Dijk,1
Doriann,1
SUNMI,1
Orange Caramel,1
Moon Byul,1
2NE1,1
Liam Cole,1
David Pietras,1
Marcus Santoro,1
Marc Benjamin,1
Jay Mason,1
Zack Martino,1
Carta,1
Kendig,1
Nackt,1
DAY6,1
Red Velvet - IRENE & SEULGI,1
Larry Hernández,1
C:QUENCE,1
Thee Sinseers,1
googly eyes,1
GIDEÖN,1
chai t. leaves,1
OutsU,1
Awkward Marina,1
Buckshot Princess,1
John Roberts,1
HyunA,1
BTS,1
Jack Antonoff,1
The Lonely Island,1
BOYS LIKE GIRLS,1
LMNT,1
CLC,1
Magdaleine,1
Randy Jones,1
Aziel Wesley,1
Dj Reyes Hernandez,1
Jessy Matador,1
DJ Luis Fuentes,1
Ángel Del Sonido,1
Dj Jhonaz,1
DJ Criss Gomez,1
Miguel R Filio,1
Maynor Love,1
ERICK ZACK,1
Gipsye Kali,1
Girl Group,1
Lambrini Girls,1
Phantogram,1
June Carter Cash,1
The Charlie Daniels Band,1
Force Fed Glass,1
2 O' Clock Girlfriend,1
Harmonysdemise,1
I Promised The World,1
7 Angels 7 Plagues,1
Tower of Rome,1
flowersforpersephone,1
Dance Disaster Movement,1
.gif from god,1
The Chinese Stars,1
Punch-Drunk Love,1
Kap Bambino,1
Princess Ayesha,1
S Club,1
Jcastillo,1
Sair Inventada,1
Abbsolut,1
Caminita,1
Musique Boutique,1
Armand Pena,1
Tony Bezares,1
Sugarmaster,1
Timmy Trumpet,1
Anjulie,1
Jake Scott,1
Kiana Ledé,1
Melii,1
Vedo,1
Flipp Dinero,1
Brooks Jefferson,1
Lxst,1
Blueface,1
YSB Tril,1
Bangers Only,1
Rozei,1
Clever,1
Rvssian,1
Lizz Robinett,1
Silva Hound,1
EileMonty,1
Cami-Cat,1
Nathan Evans,1
Chris Montana,1
Etienne Ozborne,1
Yari Mejía,1
Ozkar Ramirez,1
DJ Meme,1
Josh Harris,1
Mike Rizzo,1
NEFFEX,1
D4L,1
Sik World,1
Mia Martina,1
LMDR,1
Bomba Estéreo,1
ZOO,1
SACHA,1
Dario G,1
Ruben Haze,1
Dirty South,1
24kGoldn,1
Lud Foe,1
Malou,1
Nils Hoffmann,1
Zein,1
James Grant,1
Jody Wisternoff,1
Leaving Laurel,1
Death of James Dean,1
SCARLET,1
Natalia Natchan,1
MUTANT MONSTER,1
UNDEAD CORPORATION,1
Unlucky Morpheus,1
アグレッシブ烈子,1
OTMGirls,1
LADYBABY,1
F.HERO,1
Sergey Nevone,1
Estiva,1
Silque,1
Marcel Woods,1
Mark Sixma,1
Binary Finary,1
Denita Gibbs,1
Mysteron,1
Stegosaurus Rex,1
O Super,1
Mag.Lo,1
Courtney Drummey,1
LANNÉ,1
Sunlike Brothers,1
Austin Mahone,1
Lane 8,1
Martin Circus,1
Genix,1
DJ Noise,1
Final Fantasy,1
Kyau & Albert,1
Aly & Fila,1
Darude,1
Rodrigo Deem,1
Ummet Ozcan,1
DJ Baby Anne,1
DVS1,1
Naughty Wood,1
Heatbeat,1
BICEP,1
Fatima Yamaha,1
Simon O'Shine,1
Julies,1
Rob Phillips,1
Jessica Byrd,1
Ran Ziv,1
Alinne Rosa,1
Natalia Damini,1
Thiago Costa,1
Marcelo Almeida,1
Raz Danon,1
Jeanette Rotstein Yehudaiyan,1
Nona Chalant,1
Steven Redant,1
Mercer Henderson,1
IVE,1
Lushious Massacr,1
VNLLA,1
Nytron,1
Vivi Seixas,1
Bloco do Caos,1
dg3 Music,1
Late Night Tones,1
Bertle,1
Academy of St. Martin in the Fields,1
Ennio Morricone,1
Edoardo Vianello,1
Quartetto Cetra,1
Rita Pavone,1
Gianni Morandi,1
Fausto Leali,1
Nicola Di Bari,1
Tony Dallara,1
Gino Paoli,1
Adriano Celentano,1
Peppino Di Capri,1
Michael Cassette,1
Foreigner,1
Ying Yang Twins,1
Lil Jon & The East Side Boyz,1
Solomon King,1
Nat King Cole,1
DJ Leader for Pound Boys Productions,1
DJ Craig C. for Pound Boys Productions,1
DJ Grego,1
Eddie 'Love' Arroyo,1
JD,1
"Peter""Ski"" Schwartz",1
DJ Memê,1
Ultra Band,1
Barney Bones,1
Quad City DJ's,1
Double You,1
Erick Morillo,1
Kayo,1
Le Click,1
Massianello,1
Susan Díaz,1
The Bad Yard Club,1
Valeria Vix,1
Sueño Latino,1
Marcelo Cunning,1
Circo,1
Summer Love,1
Aleteo Beatz,1
Rafael Starcevic,1
DJ Skeet Skeet,1
Jewels And Stone,1
Kim Dracula,1
Bahari,1
Nico Collins,1
Hollywood Ending,1
John Roderick,1
Jonathan Coulton,1
zxry.,1
Getter Jaani,1
SMiLE.dk,1
Maurice West,1
Olia Tira,1
Sunstroke Project,1
Sorana,1
Nala,1
Phil Good,1
k?d,1
Callysta,1
iMeiden,1
YUKIYANAGI,1
Prodstitch,1
Phoenix,1
Soul Seekerz,1
Simon Langford,1
Lissat,1
Richard Grey,1
Alex Dreamz,1
Murphy's Law (UK),1
Cristy Lawrence,1
Murph,1
Steve Pitron & Max Sanna,1
ZVC,1
Cortisa Star,1
The Pom-Poms,1
Zexta Alianza,1
Los Nuevos Escoltas,1
Los Farmerz,1
Tito Torbellino Jr,1
Marca MP,1
Lefty Sm,1
Los Del Cristo,1
Alta Autoridad,1
Julio Chaidez,1
Omnitica,1
Brooklyn,1
Synthion,1
Chris Linton,1
Chrissy Costanza,1
Against The Current,1
From Ashes to New,1
The Funeral Portrait,1
New Medicine,1
Sir Neville Marriner,1
Johann Pachelbel,1
Fatboy,1
Billie Holiday,1
Nayer,1
Lil Blood,1
Schwarzer Engel,1
Patti Page,1
Sweet,1
Christopher Cross,1
Cheb Mami,1
Lionel Richie,1
Just For Fun,1
Miss Kittin,1
Tech N9ne Collabos,1
Blake Whiten,1
Ian Munsick,1
Jonasu,1
The Soul Rebels,1
Miami Sound Machine,1
Billy Porter,1
L Devine,1
Zander Hawley,1
Flyana Boss,1
Madison Rose,1
Becca,1
My Darkest Days,1
Ruby,1
Crystal Yates,1
Gatherhouse Music,1
Koreless,1
A2ANTI,1
Baby Gang,1
Freeze corleone,1
Rondodasosa,1
Proper Villains,1
Lulu Be.,1
Curtis Mayfield,1
"Evelyn ""Champagne"" King",1
Sheila Cohen,1
Andy Morris,1
Ian Devaney,1
Lisa Stansfield,1
Layton Giordani,1
Eli Brown,1
Ekko,1
Mochakk,1
Maverick Sabre,1
D-Block Europe,1
Lil Bro,1
ASHE 22,1
Beny Jr,1
Morad,1
Samira Said,1
Tamer Hosny,1
Hassan Abou Seoud,1
Elissa,1
Marwa,1
Myriam Fares,1
Ilkay Sencan,1
Cher Lloyd,1
Chrissy,1
Keane,1
Eazy-E,1
D12,1
Remble,1
XKYLAR,1
OMNOM,1
Adapter,1
Dennis Beutler,1
Mirko Di Florio,1
Rowen Clark,1
Rone White,1
FIIZ,1
bbyclose,1
Manowar,1
Cypress Hill,1
Krokus,1
Dokken,1
The Knack,1
Emma Guzman,1
Our Lady Peace,1
Misfits,1
Accept,1
The Budos Band,1
Charles Bradley,1
SWIM,1
Jadagrace,1
PARTYOF2,1
Sevdaliza,1
Adore Delano,1
Plastic Tree,1
Alvino,1
A9,1
Masaaki Endoh,1
knotlamp,1
Girls At Our Best!,1
Surfbort,1
Shred Meyer,1
Ye Vagabonds,1
Cheap Trick,1
The Animals,1
The Spill Canvas,1
The Civil Wars,1
The Von Bondies,1
Boston,1
Scorpions,1
GAYLE,1
qulan.,1
iced,1
crimson,1
txtsu,1
Kate Fagan,1
Fox Glove,1
Astrocolor,1
Rezz,1
it's murph,1
alltalk,1
Draxx (ITA),1
Trace,1
Preme,1
Mihimaru GT,1
jealkb,1
Hillsong UNITED,1
Michaela Gentile,1
42 Dugg,1
Jett Blyton,1
The Belladonna,1
Chri$tian Gate$,1
シクフォニ,1
mellow,1
Bubi,1
HYOGA,1
K9KURO,1
Michi Mochievee,1
Hoji,1
Jiinzo,1
Vxnity,1
vesliah,1
Fontella Bass,1
Zodiacs,1
Maurice Williams,1
Kra,1
JAM Project,1
サイキックラバー,1
Cave,1
Kimeru,1
Hyunjin,1
Amira Eldine,1
CCV Music,1
John Stratton,1
Chris Deming,1
RIVERS,1
Montell Jordan,1
Benjamin William Hastings,1
Tokyo Ghetto Pussy,1
ElyOtto,1
Zhone,1
The Archies,1
Caravan of Thieves,1
Meat Beat Manifesto,1
Rosie Tucker,1
Miya Folick,1
Brainiac,1
Scary Bitches,1
Colin Stetson,1
Momus,1
Sorry Mom,1
Pixel Drink,1
Broadway Homestuck,1
onve,1
Discovery Worship,1
Awaken Worship,1
Andrea Olson,1
Nikki Mathis,1
Rend Collective,1
Krishan,1
Essosa,1
JELEEL!,1
Teriyaki Boyz,1
Tinted,1
Shelby Rabara,1
Tee Lopes,1
sebii archive,1
Mark Korven,1
Indeep,1
Cherrie B,1
Yashita Sharma,1
Mohan Kannan,1
Chinmayi,1
Jyotica Tangri,1
Medwyn Goodall,1
Manish Vyas,1
Mars Lasar,1
Mirabai Ceiba,1
Casey Lee,1
Kingsway Worship,1
FFC Worship,1
Benson Uzoatuegwu,1
Joshua Hermiz,1
Laura Hermiz,1
Lynne German,1
Emilia Owens,1
Shiraz Uppal,1
Jaswinder Singh,1
Ustad Sultan Khan,1
Chinmayi Sripaada,1
Shafqat Amanat Ali,1
Sonal Chauhan,1
Anvita Dutt Guptan,1
Jane Bell,1
Baku,1
Limi,1
zandros,1
NYNE,1
Vanessa Amorosi,1
Stella Novella,1
Javed-Mohsin,1
Suzanne D'Mello,1
Flight Facilities,1
Syrex,1
Rizwan Ali Khan,1
Muazzam,1
Riley Harrison Clark,1
Kari Jobe Carnes,1
Nicole Binion,1
Mack Brock,1
Freedom Church,1
Michael Farren,1
Chris & Bethany Solyntjes,1
Anyma,1
ZULAN,1
Boy Radio,1
Reigns,1
Nu Addiction,1
Alexander Brettin,1
Madison McFerrin,1
Coco O.,1
Lee Suho,1
Mega Mongoliad,1
Omega Sapien,1
ZAYA,1
MORE MORE JUMP!,1
Storyteller(GAiA×cosMo@暴走P),1
EHAMIC,1
PinocchioP,1
Kagamine Rin,1
Leo/need,1
Bakar,1
Spin Doctors,1
Giselle,1
Jessica Williams,1
Café Society,1
The Twins,1
Mike Mareen,1
Lian Ross,1
Barbara Doust,1
Man 2 Man,1
Yello,1
Aleph,1
Bobby O,1
Fantasy,1
Echos,1
Frawley,1
Eibell,1
SAINt Epico,1
Laetitia Sadier,1
Moullinex,1
Solange,1
Dinah Jane,1
Shaft,1
RAY BLK,1
Mahalia,1
James Wiltshire,1
Russell Small,1
Jordan Cunningham,1
Saucy Santana,1
Charade,1
X-Ray Connection,1
Cruisin' Gang,1
Modern Rocketry,1
Bianca,1
Shy Rose,1
Alpha Moses,1
Safree,1
Rebeca,1
Beth,1
Lenny Bertoldo,1
Harris,1
Galeano,1
Soft Metals,1
Altin Gün,1
Sui Zhen,1
Toro y Moi,1
Jessy Lanza,1
La Femme,1
Sylvan Esso,1
ALASKALASKA,1
GPU Panic,1
Alexis Roberts,1
Danielle Ponder,1
Melody,1
Rigoberta Bandini,1
Roser,1
María Villalón,1
Pablo Moreno,1
Azucar Moreno,1
Nebulossa,1
HOLLYWOULD STAR,1
Paisley Heart,1
Demillion,1
TAAHLIAH,1
808 BEACH,1
MASCFISH,1
Cazwell,1
L$30,1
Chaz Bundick,1
Charlie Wilson,1
Mr. Fantastik,1
DJ Premier,1
X-COAST,1
Rival Consoles,1
YA NINA,1
Digitalism,1
Iamsu!,1
Sage The Gemini,1
DVRST,1
Tonebox,1
Aero Chord,1
JuLo,1
Cages,1
EF,1
Ugovhb,1
Hydrar,1
Bad Religion,1
Holy Fuck,1
Parker Matthews,1
Fox Revett,1
Adam Evans,1
Jxckson,1
CRUX,1
Cornershop,1
Thunderheist,1
Muscles,1
Paul Johnson,1
Gram'ma Funk,1
The Biz,1
Sleeping Wolf,1
Patent Pending,1
A R I Z O N A,1
Yun Head,1
Dark new Day,1
TEARS & GEARZ,1
Grant Brett,1
Inner Life,1
7th Heaven,1
La Voix,1
Jaira Burns,1
Snot,1
DRAIN,1
Battle Tapes,1
Oro Solido,1
Midge Ure,1
Chris Conde,1
Quinn Jerome,1
Gabrieli,1
Pythxn,1
roofs too high,1
Hayashi,1
Paul Simonon,1
Mick Jones,1
Proof,1
Trueno,1
IDLES,1
American Authors,1
Written by Wolves,1
RUNAGROUND,1
The Unlikely Candidates,1
Sin Shake Sin,1
CPX,1
MØRFI,1
Coopex,1
Gen and the Degenerates,1
Zèra,1
FarmerJohn,1
Gruff Rhys,1
Joy Anonymous,1
Poppy Baskcomb,1
Sentinel,1
WILL K,1
Singer Phaell,1
Young Nutz,1
RXkaasxko,1
Position 69,1
Hard Ton,1
Milky Chance,1
Seezyn,1
Famous Dex,1
Powfu,1
BlocBoy JB,1
Ramones,1
ELIO,1
HYRA,1
Alaina Castillo,1
Sucker DJ's,1
Lea-Lorien,1
Garage King,1
2Hounds,1
Milan Gavris,1
PET3RPUNX,1
Popcaan,1
Jann,1
mrgirl,1
Alfred Montejano,1
Scott Gairdner,1
$yn,1
Alex Jones,1
Placeboing,1
Sevy,1
Bruno Palace,1
Brendo Pierce,1
Jason Walker,1
DJ Grind,1
Toy Armada,1
Ale Amaral,1
Lou Bliss,1
angelbaby,1
Gal Abargil,1
Maycon Reis,1
Highly Suspect,1
Black Light Burns,1
Lauran Hibberd,1
SOAK,1
Matilda Mann,1
flor,1
Toby Green,1
CHVRCHES,1
Peace,1
Styles P,1
Survivor,1
Dierks Bentley,1
Will Jay,1
Lola Blanc,1
James Marriott,1
Nøvacore,1
thinandbruised,1
Tazzy,1
neko,1
noturgf,1
RU!NED,1
Buenatarde,1
Renee Foy,1
Andrew Foy,1
Jaymes Young,1
Alexander 23,1
Shalom Margaret,1
Kodaline,1
Yan Rabello,1
OHANNA DJ,1
Aurel Devil,1
Diego Kierten,1
Ennzo Dias,1
Vbutterfly,1
Dannic,1
Hayla Assulin,1
GSP,1
Tasos Fotiadis,1
Dimension-X,1
Joe Gauthreaux,1
Therapy,1
therapy lyxx,1
A. Buggle,1
Le Koma,1
Lomz,1
MIKI.,1
John O'Callaghan,1
GAIA,1
Ayla,1
Ben Gold,1
KhoMha,1
Allen Watts,1
Knife Party,1
Cat Martin,1
Factor B,1
The Evil Twin of Paul Cless,1
The Synchronizers,1
Vini Vici,1
Hilight Tribe,1
Tzusing,1
Nate Dogg,1
DaDood,1
Vintage,1
Solistiyhtye Suomi,1
Skindred,1
Josh Homme,1
jaydes,1
h4rtbrkr,1
Disney Ambient,1
Kristen Bell,1
Regina Belle,1
Peabo Bryson,1
Lefty Gunplay,1
Shadrow,1
BenderCat,1
Graham Bell,1
Andrew Rayel,1
Audrey Gallagher,1
Petit Milady,1
Hideaki Takatori,1
Mauro Mozart,1
Peter Gundry,1
Rob the Man,1
Daphne Willis,1
Sonia Leigh,1
Beetlebug,1
Kevin Rowland,1
Manfred Mann's Earth Band,1
Naked Eyes,1
The Cars,1
The J. Geils Band,1
Ty Sunderland,1
NightGTA,1
Little Big,1
Zoë Badwi,1
Nalaya Brown,1
Jim Jam,1
Dan Slater,1
B-Jay,1
Jose Spinnin Cortes,1
Erik Vilar,1
Will Capitão,1
Wanessa Camargo,1
JUNYO,1
chotokkyu,1
FoZZtone,1
moumoon,1
GOLDEN BOMBER,1
DaizyStripper,1
Diamond Yukai,1
Evan Honer,1
Ricky Rosen,1
Here We Go Go,1
PBH & JACK,1
NEIMY,1
Jubël,1
VoltRage,1
The Young Punx,1
Skye,1
LAST CALL,1
nowifi,1
Cookin' On 3 Burners,1
Bohnes,1
Lukas Graham,1
Bluerra-sai,1
Lacuna Coil,1
Soul Blues Lovers,1
Harmogy,1
Fleur De Mur,1
fluffysnaff,1
Mary Jane Girls,1
DJ Lelewel,1
Full Force,1
Lisa Lisa & Cult Jam,1
Nu Shooz,1
Rufus,1
Flight by Nothing,1
GoldFord,1
Thomas Day,1
Night Cap,1
Amelia Day,1
Ethan Regan,1
Delilah Montagu,1
Europa,1
Joy Zahar,1
DE SOFFER,1
Bsj,1
Monika XYZ,1
Natune,1
7ROSES,1
AVC,1
Division 4,1
Matt Consola,1
Dirty Disco,1
Heather Small,1
DIAZ,1
Kimo Sounds,1
Renan Pitanga,1
LEE MINHYUK (HUTA),1
WONHO,1
KI/KI,1
DUDA BEAT,1
Death Grips,1
Neon Hitch,1
MALUGI,1
Daniela Lalita,1
Oatmilkandcodeine,1
DJ Seinfeld,1
Take Van,1
Kardinal Offishall,1
DJ HEARTSTRING,1
Baby B3ns,1
Ryan Mack,1
Jack Harris,1
Alabama Shakes,1
Holly Humberstone,1
Michael Marcagi,1
Avery Anna,1
Sam Barber,1
Red Luna,1
kobzx2z,1
Brenn!,1
JVMIE,1
Rebeka Brown,1
J.louis & Ferran,1
Tikaro,1
Andres Casas,1
Fabio Slupie,1
Well Sanchez,1
Jake Shears,1
Molly Grace,1
Tiana Major9,1
Boyish,1
DESTIN CONRAD,1
Bilal Saeed,1
Abhiruchi Chand,1
The Fusion Project,1
Sachet Tandon,1
Shashwat Singh,1
Lisa Mishra,1
Arjun,1
Hippo Campus,1
Secret Menu,1
Surf Hat,1
The Rions,1
The Revivalists,1
osokiro,1
Prakriti Kakar,1
Ian Thomas,1
F1rstman,1
Pam Sengh,1
Arjun Kanungo,1
Khiza,1
Omer Nadeem,1
Color Bottle,1
Kanan,1
Gabryell Urlan,1
Zuccare,1
Sakalem,1
Guapo,1
La rappresentante di lista,1
Heather LaRose,1
Alessandra,1
Rob Apollo,1
Changeline,1
LAVINIA,1
EKKSTACY,1
requiem for you,1
Loser User,1
from20,1
Tsatsamis,1
Lil Wankstain,1
Uncle Ron,1
MrHeada$$trendy,1
TAMAEYA,1
Jelzyart,1
ivi,1
Micah Preciado,1
Lil Boom,1
BeatsBoomingBang,1
Lilith Max,1
LORYANN,1
Haley Faye Rosenthal,1
Naomi Jon,1
Carol Ades,1
Mermaid,1
EARTH TO EMILY,1
Pig Milk,1
Dj Suri,1
Erick Fabbri Remix,1
Edson Prid,1
Brian Solis,1
Rowetta,1
Alan Fitzpatrick,1
SEGA GAME MUSIC,1
桐生一馬(黒田崇矢),1
lil ricefield,1
NASHUP,1
Florida Orchestra,1
King,1
Heaven 17,1
LiL CUBENSiS,1
Wendigo,1
ABK,1
Scratchy,1
Doruksen,1
Chaos,1
Slump AK,1
Disterio,1
LT. ButtSex,1
Lotus,1
Orden Ogan,1
Crawlers,1
Margo XS,1
Debbii Dawson,1
Jae Stephens,1
Miyu Hansen,1
JJ,1
PUP,1
Peach Pit,1
Max Frost,1
Yeasayer,1
Johnny Hollow,1
36 Questions,1
Bishop Briggs,1
Rumer Willis,1
Oscar and the Wolf,1
7sirens,1
Yuksek,1
Tobtok,1
Adam Griffin,1
The Aston Shuffle,1
Ten Ven,1
Charles J,1
Redondo,1
Mind Enterprises,1
Babert,1
Phats & Small,1
RoRoe,1
Kimberly Davis,1
Jasper Street Co.,1
DJ Blackstone,1
Eden Prince,1
InntRaw,1
Young M.A,1
Cloonee,1
Cedric Gervais,1
Dazz Band,1
L.A Discotekkers,1
Alex Mills,1
Beyond Chicago,1
JG Music,1
La reyna de las Sombras,1
saraunh0ly,1
1heyyrhyn,1
prod.stummyyy,1
prodkaz,1
Josef Salvat,1
Gaten Matarazzo,1
Adriano Canzian,1
Dj Koja,1
Cuir Bleu,1
Black Magik,1
Noir,1
AkroSonix,1
Butt Boy,1
Dirty Honey,1
Jonny Stewart,1
Cullen Vance,1
NATI.,1
Ruelle,1
sophiemarie.b,1
mei ehara,1
Sam Halabi,1
Maliibu Miitch,1
Lakeyah,1
Brand New,1
Patience & Prudence,1
SnowAngel777,1
070 Shake,1
Tarro,1
PLVTINUM,1
Young Gill,1
Tusse,1
Ruben,1
Kevin Jz Prodigy,1
Loren Allred,1
Michelle Williams,1
Ziv Zaifman,1
Gabriella Pizzolo,1
Mercer,1
Zsak,1
Dave Leatherman,1
HP Vince,1
The Reflex,1
LORYN,1
V9P,1
Vanessa Doll,1
Linska,1
Kiddo Marv,1
Smoko Ono,1
Benny The Butcher,1
Shabazz PBG,1
Dre nello,1
Victoria J,1
Willy William,1
THEMXXNLIGHT,1
Michele Morrone,1
Crazy Town,1
John Turri,1
Sofia Karlberg,1
Erica Banks,1
Soolking,1
Willylancien,1
Sean Finn,1
fabrikate,1
Mell Hall,1
KLP,1
Stace Cadet,1
Rayven & Valexx,1
Robbie Williams,1
Essentials,1
Creampuff ASMR,1
Ellisar,1
Boston Bun,1
Ivy Sole,1
Grandmaster Vic,1
Nakala,1
Dasilva,1
Jayla Darden,1
QUIN,1
Jordan Occasionally,1
Tanerélle,1
Barnes Blvd.,1
Jada Michael,1
Siya,1
SHNTI,1
MALIA,1
Daydream Affiliate,1
Small Town Kid,1
Giulio Cercato,1
Sonnee,1
SCARAMADA,1
Maino,1
Alexandria,1
LALA,1
Brenda Lee,1
Johnny Blue Skies,1
Sturgill Simpson,1
Billy Ray Cyrus,1
Harssh Dada,1
Simran Chaudhary,1
Luv Sharma,1
HypnoSex,1
Wild Cherry,1
Dream Street,1
Mungo Jerry,1
Plain White T's,1
KYANU,1
Machine Time,1
James Blunt,1
Samaria,1
Ambré,1
Alia Kadir,1
Maeta,1
UMI,1
Trevor Moore,1
Billy Gilman,1
Palm Monkey,1
Lucas Estrada,1
LU KALA,1
nimphia,1
Y2akbeats,1
Austin Ashtin,1
Kiki Gyan,1
Deorro,1
Campbell,1
Twin Diplomacy,1
Different Hits,1
ADLR,1
Stolen Gin,1
Grouper,1
Halo,1
Michael Salvatori,1
Martin O'Donnell,1
Carl Douglas,1
Tia,1
JUNNA,1
ERRA,1
Magnolia Park,1
D’orjay The Singing Shaman,1
Tayla Parx,1
Hudson Mohawke,1
Gareth Gates,1
Dyo,1
JoJo Siwa,1
Cabu,1
Dayseeker,1
Knocked Loose,1
Xoder,1
Aydakar,1
Jay Park,1
31 Minutos,1
Young Multi,1
Kamaiyah,1
Kyla,1
Wizkid,1
LUCKY3RD,1
Cochise,1
Ace Rico,1
Armani DePaul,1
MBNel,1
KeepItPeezy,1
Jo Blu,1
Verde Babii,1
Ssrichh33,1
EBK BCKDOE,1
MemoTheMafioso,1
Mel McDaniel,1
Riley Green,1
HARDY,1
RJMrLA,1
DIA,1
Dalshabet,1
CIX,1
ALICE,1
Michael Benayon,1
Adrhyana Rhibeiro,1
Sam Gleaves,1
Danae Hays,1
Bryan Ruby,1
Haute & Freddy,1
horsegiirL,1
Juan Pablo Sopa,1
Alexander Peskanov,1
Wayne Marshall,1
Matthew Trusler,1
Jelly Roll,1
Amber-Simone,1
Joe Hertz,1
Zak Waters,1
Adventure Club,1
Amber Van Day,1
Yade Lauren,1
DRAMA,1
Rome in Silver,1
Prospa,1
Oliver Anthony Music,1
ERNEST,1
Blac Youngsta,1
RuRu Wall,1
The Robert De Cormier Singers and Ensemble,1
Kingsmen,1
Ken Darby & The King's Men,1
Benjamin Loeb,1
Donald Beavers,1
Helen McArthur,1
Lehman Engel Orchestra,1
Jeanette Scovotti,1
Henry Blossom,1
Victor Herbert,1
Antonio Queija Uz,1
Louis Moreau Gottschalk,1
Bruno Fontaine,1
Claude Debussy,1
Lang Lang,1
RADWIMPS,1
Have Mercy,1
A Great Big Pile of Leaves,1
Soushi Sakiyama,1
Hidanny!!,1
Foxtide,1
d4vd,1
KAYE,1
Shane MauX,1
Jordan Davis,1
Ben Rector,1
James French,1
Jake Neumar,1
FLORES,1
MA:RK,1
NOTSOBAD,1
K. J. Yesudas,1
Mahendra Kapoor,1
D' Angelo Lacy,1
Twin Shadow,1
Zeds Dead,1
Dark Heart,1
Big Gigantic,1
Noé,1
Mickey Valen,1
ODD EYE CIRCLE (ARTMS),1
Foxing,1
Neck Deep,1
Kathryn Williams,1
Bombay Bicycle Club,1
indigo la End,1
Hail The Sun,1
Anirudh Ravichander,1
Jigar Saraiya,1
Sachin Sanghvi,1
The Young Veins,1
kels!,1
Pasto Flocco,1
dueluzi,1
brody2swag,1
kxndy,1
Mollie Elizabeth,1
The Mothers,1
Lidiachuu,1
Karma and the Killjoys,1
Kate Couriel,1
Bullet For My Valentine,1
Kut Klose,1
Sophiaaaahjkl;8901,1
Benziboy,1
Jenevieve,1
Paul Cauthen,1
The Unrighteous Brothers,1
Jherek Bischoff,1
Eliza Rickman,1
Lacey,1
DALEXO,1
RUSSI,1
Rachel Platten,1
Sophie Hunter,1
Surya Ragunaathan,1
Rashmi Virag,1
Yohani,1
Ramajogayya Sastry,1
Dead Poet Society,1
ThatLuckyPanda,1
Sink Saiko,1
me_clone,1
Sgarz,1
tyxxz,1
gavin m,1
Fantasy Project feat. NDA,1
EDGEMASTER42,1
CreepP,1
Speedcore,1
Bemax,1
PASSENGER OF SHIT,1
Cyriak Harris,1
zeija,1
Luci4,1
Freddy Fender,1
Matt Fishel,1
Broken Social Scene,1
Dan & Drum,1
Prasoon Joshi,1
Anusha Mani,1
Raghav,1
Mellow D,1
Arthur Smith,1
Danny Harrison,1
Young Divas,1
Above & Beyond,1
Nicki French,1
Thandi,1
Enzo,1
Tre Watson,1
Lidell Townsell,1
Selma Cheeks,1
David Goldstein,1
CALYPSO,1
The Amazing Devil,1
Kiki Rockwell,1
Bottesen,1
STK Steezy,1
Fat Bub,1
1nonly,1
POORSTACY,1
Low Roar,1
Chris Christodoulou,1
Casey Lee Williams,1
Nick Shoulders,1
Frog,1
Black Kids,1
David Byrne,1
Colonel Abrams,1
Jungle Brothers,1
The Bucketheads,1
Kenny Dope,1
Philip Damien,1
Kimara Lovelace,1
A. Manetta,1
Deep Dish,1
Jomanda,1
Shawn Christopher,1
Liz Torres,1
Inner City,1
Aly-Us,1
M T F,1
Grandes Shakas,1
los hijos prodigos,1
Doble Region,1
Chicho Castro y Sus Alia2,1
El J R y Su Codiigo M,1
Dupla Real,1
Banda la Riviera,1
Karma Norteño,1
Jason Arreguin,1
Los Chavalos De La Perla,1
Violet Orlandi,1
Lauren Babic,1
Studio Yuraki,1
ROBI,1
DJ Sliink,1
GUTTA,1
Black Thought,1
Jalen Ngonda,1
Dave Jolicoeur,1
Asha Puthli,1
When In Rome,1
Womria,1
Reiyo The Giant,1
Mitraz,1
Gurpreet Saini,1
Shashaa Tirupati,1
Harrdy Sandhu,1
Earl Edgar,1
Tayo Sound,1
Pháp Kiều,1
Dương Domic,1
Los Hijos Del Cartel,1
Zuzu,1
The Marcus Hedges Trend Orchestra,1
brentalfloss,1
atsuover,1
lizzy's personal army,1
BUGCORE,1
ReeK,1
Laidback Luke,1
Almighty Associates,1
Kimberley Locke,1
HYO,1
Mvband,1
Een Glish,1
BLESSEDCRISIS,1
90´s or 20´s cartoons,1
OK Glass,1
OddKidOut,1
Joyia,1
Dead Lights,1
Lilla Crawford,1
Johnny Depp,1
Take Care,1
Rory Webley,1
The Delfonics,1
DeBarge,1
Randy Crawford,1
Martha Reeves,1
Sandie Shaw,1
The Impressions,1
The Velvelettes,1
Axie,1
Hikaru Station,1
Aaron Smith,1
Jason LaPierre,1
Ebony Loren,1
Claire Rosinkranz,1
Jdot Breezy,1
DANG HONG HAI,1
Pixey,1
Cathy Dennis,1
Emmanuel,1
Svreca,1
Leiras,1
Rødhåd,1
Lady Starlight,1
XHEI,1
GANZ,1
Malvae,1
Conway Twitty,1
"Slaughter Beach, Dog",1
Tigers Jaw,1
Michael Cera Palin,1
Marietta,1
Thoughts on Bowling,1
Riley!,1
TRSH,1
Tim Neil,1
Adjust the Sails,1
Dear Maryanne,1
Leisure Hour,1
urbiomom,1
Brandy,1
Luvli,1
Krono,1
Ulf Leo Sommer,1
Peter Plate,1
Hans Zimmer,1
Akylas,1
Antigoni,1
Søren Torpegaard Lund,1
Sarah Engels,1
América Sierra,1
Gerardo Ortiz,1
Ale Sergi,1
Anahí,1
Bryan Amadeus,1
Dulce María,1
Magneto,1
Timbiriche,1
Mœnia,1
Anna Naklab,1
Parra for Cuva,1
Ink,1
Daecolm,1
Arash,1
Malachiii,1
Orso,1
Stryv,1
Mr. Probz,1
Lavern,1
Kevin Antunes,1
Darmon,1
Eran Hersh,1
SOLTO (FR),1
Jörn-Felix Alt,1
Joshua Lange,1
Matt Galbraith,1
Damon Rush,1
Casey Club,1
Hamdi,1
BVSIS,1
Mugisho,1
joki,1
Thierry Von Der Warth,1
Conrad Sewell,1
JOSEPH (CH),1
&friends,1
Dennis Lloyd,1
Will Heard,1
Klangkarussell,1
ERIICE,1
Jozzy,1
LEGADO 7,1
Estevan Plazola,1
Los Alegres Del Barranco,1
Eliza Doolittle,1
Jasmine Thompson,1
Elderbrook,1
goodlife,1
WHATISALEX,1
TOKYO ROSE,1
ALEX,1
Tycho,1
Nokai,1
Donato Dozzy,1
Boards of Canada,1
Humanfobia,1
Jennifer Loveless,1
Ken Page,1
Ed Ivory,1
Kabaret Sybarit,1
Spence Hood,1
Tim Curry,1
Donna Murphy,1
Molly Pease,1
Connor Spiotto,1
The Jungle Giants,1
NoMBe,1
Mansionair,1
Goldie Boutilier,1
Tom O'Donovan,1
bumr,1
Kittydog,1
Joel Perez,1
Lewis Grant,1
Ravenna Golden,1
Cake Pop,1
six impala,1
RYL0,1
Fraxiom,1
DJ Re:Code,1
Mya Harrison,1
Ekaterina Chtchelkanova,1
Denise Faye,1
Deidre Goodwin,1
Susan Misner,1
Catherine Zeta-Jones,1
Steam Powered Giraffe,1
J.A.C. Redford,1
Pat Carroll,1
Stan SB,1
Jess Mills,1
Loadstar,1
Breakage,1
benny mayne,1
Sharc,1
d3puu,1
Albe Back,1
GLC,1
Paul Wall,1
Cam'ron,1
Alex Natale,1
Glams,1
Maple,1
SEBii,1
Drive45,1
puulse,1
Shallou,1
Leah Paschall,1
Stephanie Heitz,1
VERILUX Modern Worship,1
Mike Janzen,1
Compa Steve,1
Ovi,1
Esteban Gabriel,1
Steven Wilson,1
Tenor Fly,1
$pyda,1
In Flames,1
Liam Howlett,1
Infected Mushroom,1
Tantrum Desire,1
Masonn Deforest,1
MIMIDEATH,1
Rich Amiri,1
Anthony Crivello,1
Ashley Park,1
isq,1
ilyhiryu,1
Alto Linaje,1
Chase & Status,1
Said The Sky,1
J:Kenzo,1
SMITH,1
Lilly,1
ItsArius,1
Lynnic,1
Chris Avantgarde,1
1 King Worship,1
Jasmine Murray,1
Jordan St. Cyr,1
Anchor Worship,1
TAYA,1
Jamie MacDonald,1
Samona,1
Lauren Estes,1
Aiobahn +81,1
NEEDY GIRL OVERDOSE,1
crxw,1
Megadeth,1
Kittie,1
Phyllomedusa,1
Crowbar,1
Avenged Sevenfold,1
Dept,1
The Presidents Of The United States Of America,1
Kurt Cobain,1
Crossfade,1
Killswitch Engage,1
Gym Class Heroes,1
Marilyn Manson,1
Zeruel,1
Mitch Langley,1
John & Jami,1
Ascent Music,1
Northbound,1
Big Daddy Weave,1
Katy Nichole,1
Cynthia Lok,1
K-Anthony,1
Xan Griffin,1
Love Jai,1
Outkast,1
Bambee,1
mixed matches,1
Sawyer Hill,1
Davies.,1
We The Kingdom,1
932sounds,1
Mani Hoffman,1
The Supermen Lovers,1
Fake Blood,1
LaBelle,1
In-Grid,1
WesGhost,1
5GSWAG,1
Lias Saoudi,1
Maggie The Cat,1
Decius,1
Chance,1
Sunkids,1
Buffalo Springfield,1
General Fiyah,1
Three Houses Down,1
Peetah Morgan,1
YG Marley,1
Delus,1
Murray Elias,1
Jeremy Harding,1
Sasha,1
Princess Precious,1
Middle And End,1
NEIL FRANCES,1
"Steve ""Silk"" Hurley",1
New Latin Age,1
Mbg,1
Hips & Lips,1
Pleasure Voyage,1
Mario Domm,1
Bob Sinclair,1
Tia Blake,1
Brian Stokes Mitchell,1
Anna Maria Perez de Taglé,1
itsnk,1
DT TAP RAP,1
Pansy Division,1
Whirlybird,1
Pal Joey,1
Don Aero,1
bigman,1
Draw,1
Campa,1
Millonario & W. Corona,1
Duki,1
Millonario,1
Lewis Watson,1
Stealing Sheep,1
EDEN,1
GX488,1
Barré,1
alottadogs,1
theSpackster,1
sharkbarksss,1
Trey Songz,1
Sri Sathya Sai Bhajans,1
Shridhara Bhat Vedadhara,1
Gurumurthi Bhat,1
Vighnesh Ghanapaathi,1
Rattan Mohan Sharma,1
Isha Sharma,1
Suresh Wadkar,1
Anjali Jain,1
Pramod Medhi,1
Rajalakshmee Sanjay,1
Rakesh Kala,1
Sulamangalam Sisters,1
Kavita Paudwal,1
Susmirata Dawalkar,1
Zimple,1
MC Davo,1
James and the Shame,1
Zella Day,1
Reaper,1
Angelo Mota,1
phem,1
Kiera Please,1
Deep Ends,1
Five Finger Death Punch,1
Alainite,1
M. S. Subbulakshmi,1
"Kunnakudi Vaidyanath, Dr. N. Ramani Kadiri Gopalnath, M.S. Gopallakrishnan, T.V. Gopalakrishnan, S. Gayathri, Sankaran Nambudri, S.Sowmya, A. Sadasivam",1
Archana Sirsi,1
Priya Sisters,1
Mambalam Sisters,1
Saaswathi Prabhu,1
Jayadeva,1
Berry Galazka,1
Lorde Fredd33,1
Dntel,1
BUSDRIVER,1
Samia,1
The Agony Scene,1
The Black Dahlia Murder,1
Jacob Lusk,1
Jessie Reyez,1
Lorenz Rhode,1
Låpsley,1
Sin With Sebastian,1
Bloodhound Gang,1
Switchfoot,1
Flamy Grant,1
Nick Blaemire,1
Yana,1
Marzi,1
dj gummy bear,1
Ecchi.mp4,1
GEN.KLOUD,1
CHEEKS,1
Tsu Nami,1
luca!,1
DRKTMS,1
Daniel Allan,1
Moa Lisa,1
Angrybaby,1
oskar med k,1
LaKeith Stanfield,1
Blu DeTiger,1
Suzi Wu,1
Ian Asher,1
nate band,1
Tabi,1
Gravagerz,1
Kaitlin Aragon,1
Gangsta Rap,1
Tomfoolery And Spedds,1
Degenerative Brain Rot,1
TrashAssMusic,1
Rangeroverhang,1
Amy Kay ASMR,1
Leynainu ASMR,1
Nora ASMR,1
Tripp Caimbridge,1
Caimbridge & London,1
HAVEN.,1
Zapateo Nation,1
The Circuit Brothers,1
Three Dog Night,1
The Turning,1
Deniece Williams,1
The Wild Pair,1
Chezile,1
Elder Island,1
Madmotormiquel,1
Thom Nagy,1
biskuwi,1
Ron Flatter,1
Emil Berliner,1
Grandbrothers,1
Limara,1
Felix Cartal,1
2KBABY,1
MarTiz,1
Meek Mill,1
Papithbk,1
Jay Critch,1
Bas,1
Grupo Frontera,1
Manuel Turizo,1
ATL Jacob,1
Farruko,1
Ozuna,1
Juhn,1
"Franco ""El Gorilla""",1
Almighty,1
Panda Black,1
Yan Block,1
COLORS,1
Fluid,1
Lxlita,1
ok girlfriend,1
Yung GEMMY,1
YDG,1
Shawn Wasabi,1
Uncle Kracker,1
Water Mirrors,1
RudyWade,1
The Cramps,1
lil yappa,1
Sierra Sikora,1
ATR Son Son,1
MarMar Oso,1
Drex Carter,1
Bruce Hornsby and the Range,1
Rookie,1
Bad Suns,1
TOKYO’S REVENGE,1
Crisaunt,1
wave to earth,1
Miss Prada,1
Masafumi Takada,1
Yugo Kanno,1
2hollis,1
JANE HANDCOCK,1
Jerry Barnes,1
Ledisi,1
Boney James,1
LaToiya Williams,1
Jay Diggs,1
Anly,1
Ai Higuchi,1
Akeboshi,1
LiSA,1
John Vincent III,1
Derina Harvey Band,1
Mars The Star Child,1
Julia Minkin,1
Kid Francescoli,1
Emma Hendricks,1
Liammy,1
Droopy,1
Richy Mitch & The Coal Miners,1
Chloe x Halle,1
Nicki Nicole,1
LoveLeo,1
zarame,1
Tatsuya Kitani,1
NANAOAKARI,1
Chiai Fujikawa,1
PENGUIN RESEARCH,1
UVERworld,1
mizuki,1
SawanoHiroyuki[nZk],1
ALI,1
SennaRin,1
mpi,1
Benjamin,1
SiM,1
QUEEN BEE,1
Mrs. GREEN APPLE,1
はしメロ,1
SAINt JHN,1
GIGI D'AGOSTINO,1
Cherish,1
Natasja,1
Enur,1
Kaar Wonkaa,1
Cesar Vilo,1
Kalimete,1
Electro Buzz,1
Freddy Moore,1
J-Alex Stylee,1
Dj Ghosty,1
Wicca Phase Springs Eternal,1
Horse Head,1
アーリャ（CV：上坂すみれ）,1
DISH//,1
J Zuart,1
Destructo,1
Luke-Michael,1
Koe Wetzel,1
Khloe Grace,1
Carly Pearce,1
Merle Haggard,1
The Stanley Brothers,1
Grateful Dead,1
Rachel McDowall,1
Ashley Lilley,1
Amanda Seyfried,1
Johnny Bond,1
The Highwaymen,1
Goodboys,1
Imanbek,1
Tom King,1
lovpune,1
Matt Terry,1
David Rex,1
Ryan Nealon,1
The Knocks,1
Jess Jocoy,1
Lifehouse,1
S U R V I V E,1
Symmetry,1
Dj Bountyhunter,1
Krid Snero,1
Cherrymoon Trax,1
Robert Armani,1
Insider,1
Malaa,1
37 Cents,1
Spoonboy,1
Frog Legs,1
X Dirty Fingers,1
Jo Mercado,1
Thee Trashcan,1
pjn x,1
Rosslyn Station,1
Bedtime Revenge!,1
Local News Legend,1
Stick and Poke,1
"Defiance, Ohio",1
Justin Arena,1
Kelli-Leigh,1
Jess Bays,1
RYANN,1
Rare Akira,1
Yxng Davi,1
pestotrip,1
Naïve,1
Nickisgonenow,1
Rxseboy,1
Sewerperson,1
DUSTY,1
Sunflower Bean,1
JP Saxe,1
Taylor Janzen,1
Moody Joody,1
Adrian Lyles,1
Dijon,1
LAUNDRY DAY,1
Holy Locust,1
Barbour,1
Monkey Safari,1
T.M.A,1
Alta Consigna,1
Kevin Walkman,1
Tanger,1
YDKM,1
k0a,1
Captain Morg,1
Tsuyunoshi,1
Bhertuy,1
GORESET,1
Stevyn,1
Numl6ck,1
Voda Fuji,1
aldrch,1
3Dcam,1
Sampha,1
Meredith Brooks,1
Bryce Xavier,1
Jordana,1
Darren Hayes,1
Shane Filan,1
Brett Every,1
Beth Ditto,1
Kele Okereke,1
Pat Benatar,1
Solomun,1
Daniel Steinberg,1
Feinheitsbrei,1
Kollectors,1
Fell Reis,1
Bright Sparks,1
Lou Reed,1
Roots Manuva,1
Neneh Cherry,1
Lil Pump,1
Lil Dicky,1
Nico & Vinz,1
SOB X RBE,1
Saudi,1
Redbone,1
318dman,1
Jon Pardi,1
Speaker Knockerz,1
BabyChiefDoit,1
Dee Mula,1
Babyfxce E,1
TKDJS,1
Stargate,1
KillaGraham,1
JKAY,1
Lenno,1
ZAYN,1
Adam Turner,1
SDJM,1
Ralph Felix,1
Yuga,1
Mark Ursa,1
Addal,1
Dyson,1
Sander Kleinenberg,1
MJ Cole,1
Imani Williams,1
Matty Lewis,1
Ali Tabatabaee,1
Aaliyah,1
Chase Rice,1
Soul For Real,1
KVR,1
Nathan Goshen,1
Matoma,1
Lil LimaBean,1
Lil Nutz,1
Dylan Locke,1
Danny Magee,1
Canaan Smith,1
FRENSHIP,1
Axwell /\ Ingrosso,1
Disciples,1
shxbeats,1
MikeManik,1
Xilo,1
Carson Tucker,1
Masato Nakamura,1
Rob Lundgren,1
ThatGuyRamon,1
Steve Conte,1
RichaadEB,1
nana hatori,1
SEGA,1
Merry Kirk-Holmes,1
Tony Harnell,1
Ted Poley,1
Douglas Robb,1
Andy Bane,1
Umut Guz,1
Kaan Pars,1
Séb Mont,1
Jovani,1
Go Freek,1
Morgan St. Jean,1
Ookay,1
Linney,1
Kora (CA),1
Pablo Bolivar,1
Lee Jones,1
Ryan Davis,1
Matthias Meyer,1
Einmusik,1
Awka,1
Supergrass,1
mikevince,1
rae!,1
Karmadiesz,1
zori,1
nost4gic,1
KREZUS,1
Annabelle Dinda,1
The Sponges,1
Bemendé,1
Millean.,1
Gary Go,1
Snakehips,1
EVAN GIIA,1
Adam K,1
Vintage Culture,1
RITUAL,1
The Four Seasons,1
Miriam Makeba,1
Jutes,1
Deadbeat Girl,1
Thomas LaRosa,1
gacha,1
K3NT4!,1
Neptune's Makeout,1
xxanteria,1
DaVon Ghost,1
DALEXA,1
MBNDON,1
G1SM0,1
SpookyVic,1
Snave,1
WYDROB,1
Aishwarya,1
Shabbir Ahmed,1
Sneha Pant,1
Sreerama Chandra,1
Habib Faisal,1
Salim Merchant,1
The Knife,1
Gerard Presencer,1
Rahsaan,1
Us3,1
Rikas,1
Cass Elliot,1
Collect 200,1
Harry Belafonte,1
Gnarls Barkley,1
Cailin Russo,1
sh1ny,1
Gomi,1
Junshi,1
wenszy,1
may,1
mimichi,1
Crucify April,1
lovesiren,1
whyhaze,1
Miss Pooja,1
Javed Jaffrey,1
Palak Muchhal,1
Sarosh Sami,1
Sukhwinder Singh,1
Gorisha Gogoi,1
Ritu Pathak,1
Jasmeen Akhtar,1
Veer Sandhu,1
Mohammed Aziz,1
Gabby Barrett,1
salem ilese,1
Aly & AJ,1
One Way,1
Funkadelic,1
Incredible Bongo Band,1
Ronnie Laws,1
The J.B.'s,1
Little Beaver,1
Lafayette Afro Rock Band,1
Freddie Scott,1
Leon Haywood,1
Mtume,1
f5ve,1
Miss Madeline,1
Machel Montano,1
David Morales Presents The Face,1
Hannah Wants,1
99 Souls,1
Parsley Onuma,1
INABAKUMORI,1
Bugzy,1
Jot Jamsher,1
Muddy,1
Amrinder Gaidu,1
Mohit Sharma,1
Harry Gill,1
Preet Janda,1
Dr Zeus,1
EQ,1
skuzland,1
South Park Mexican,1
Steely Dan,1
Supertramp,1
KP SKYWALKA,1
Reol,1
Mikito P,1
Kill Bill,1
Matt Watson,1
Quandale Dingle,1
dontcarewontcare,1
Jai-Jagdeesh,1
Manose,1
Miten,1
Finn Keane,1
Grandayy,1
ZeOri,1
Dbangz,1
Roy Burns,1
Ryan Elder,1
Justin Roiland,1
Rick and Morty,1
DJ Day One,1
TEEFIE,1
wonder,1
Doss,1
Count Baldor,1
Chris Greatti,1
JIMMY EDGAR,1
Tchami,1
loki,1
itssvd,1
Futuristik,1
Mikk Mäe,1
Jéja,1
Cartoon,1
Gin Wigmore,1
Norma Tanega,1
The Doors,1
TzarBombah,1
DethTech,1
Anhero,1
midwest post death,1
Loser64,1
PopKill,1
preripped,1
New Boyz,1
Jobriath,1
Njena Reddd Foxxx,1
Hedwig And The Angry Inch - Original Broadway Cast,1
Matt Hansen,1
OminousyL,1
Dibyo,1
shy martin,1
Mike Perry,1
Dan Harkna,1
TIEKS,1
DCup,1
Yolanda Be Cool,1
Carol Douglas,1
Barbara Pennington,1
Jackie Rawe,1
CORBAL,1
Dana Williams,1
KYLE,1
Nick Jonas,1
Snoh Aalegra,1
Luna Snow,1
Del Water Gap,1
The Darkness,1
KUČKA,1
yaego,1
Effy,1
Sextile,1
no na,1
Alex etc.,1
BUDAYA,1
Alicia te quiero,1
Lewis OfMan,1
Pharmacist,1
Sadfriendd,1
MUPP,1
líue,1
PlayaPhonk,1
Carly Ann Taylor,1
Josh Baldwin,1
Mountain People Worship,1
Hillside Recording,1
ARCHEZ,1
SHADXWBXRN,1
KSLV Noh,1
SMITHMANE,1
ONIMXRU,1
siouxxie sixxsta,1
OmenXIII,1
Ильич да Софья,1
NILETTO,1
NLO,1
Garry Sherman,1
The Groop,1
Paul Simon,1
Jack White,1
Leon Bridges,1
Kiiara,1
Ekaterina Shelehova,1
The Prodigy,1
Erick the Architect,1
Shakewell,1
Nedarb,1
TK from Ling tosite sigure,1
MC ORSEN,1
Sinjin Hawke,1
Xzavier Stone,1
Richelle,1
Igor Sklyar,1
By Индия,1
AYYO,1
Na-Na,1
Adamant,1
Pasha Technique,1
CMH,1
INSTASAMKA,1
VERBEE,1
Quok,1
ELLA,1
Nikitata,1
SLAVA MARLOW,1
James Bay,1
R. City,1
Luna,1
VSEGDA17,1
kavabanga Depo kolibri,1
Do Re Mi By AI,1
Bandit Beats,1
Tempest Anderson,1
Oliver Schories,1
JADED,1
Quay Dash,1
With You.,1
Palms Trax,1
Redlight,1
Scrufizzer,1
Young Franco,1
Dusty Springfield,1
Electronic,1
LustSickPuppy,1
RaFia,1
Smash Mouth,1
Ben Folds Five,1
Karen Cowley,1
Andrew Hozier-Byrne,1
Zaska,1
Dash D Cadet,1
P-Lo,1
Prince Dre,1
ZEDDY WILL,1
B Jack$,1
Young & Divine,1
24hrs,1
Gafacci,1
Bryte,1
Mazzy Star,1
iamsodead,1
Baha Bla$t,1
MaeThePirate,1
Nightcore Ichiban,1
Little Trauma,1
DJ Satomi,1
Nightcore Nation,1
KLIO,1
Swoodeasu,1
Lavera,1
Colaine,1
Tender Misfit,1
IO Fox,1
d3r,1
Tear Da Club Up Thugs,1
MO$h,1
Lil RT,1
KkingCee,1
SpotemGottem,1
Lil Loaded,1
Deamonds,1
DJ Haus,1
Amy Becker,1
Dreezy,1
Kilo Kish,1
DJ Manny,1
DJ Taye,1
Riko Dan,1
Champion,1
IShowSpeed,1
Aritally,1
jodaddy,1
Jassi,1
Jasbir Jassi,1
Sunanda Sharma,1
Uchana Amit,1
Chandra Dixit,1
Lucky Noor,1
Lakhwinder Wadali,1
Yashraj,1
Akshay & IP,1
Simiran Kaur Dhadli,1
Lil Witchy,1
lovepopstarzz,1
irlshitbih,1
Santa Esmeralda,1
Alison Moyet,1
Leporamelo,1
Peter Chao,1
TTV RealWebbYT Corporations,1
Maika,1
Prabal,1
Shoba Narayan,1
Rachelle Ann Go,1
Lexi Lawson,1
Julia Harriman,1
Ari Afsar,1
Baby Bugs,1
Fabvl,1
Shyam Bhateja,1
9lokknine,1
MadeinTYO,1
Atlanta Rhythm Section,1
The Stone Roses,1
Suicide,1
The Cry,1
Dessa,1
Rare Americans,1
Edit Select,1
Deepbass,1
Anthony Linell,1
Sheila E.,1
Ghost Town DJs,1
Culture Beat,1
Odyssey,1
Master C & J,1
The Charlie Calello Orchestra,1
Trailer Trash Tracys,1
echinacea,1
Pretty Sick,1
The Butchies,1
Destructo Disk,1
Biig Piig,1
Bratmobile,1
Queen Chimera,1
Whiskey Myers,1
Seether,1
Tonic,1
Crash Test Dummies,1
Jerry Reed,1
Young Nudy,1
Verzache,1
Lil Reese,1
Nihad Tule,1
Kwartz,1
Rebekah,1
Gary Beck,1
VSK,1
Giorgio Gigli,1
Michal Jablonski,1
Daisuke Ishiwatari,1
Kamex,1
BOOM BOOM SATELLITES,1
Moe Shop,1
2 Mello,1
Duffy,1
Kafu,1
Marika Hackman,1
girlpuppy,1
Summrs,1
Kyle Richh,1
41,1
Ben Redston,1
Cosha,1
Rylo Rodriguez,1
Veeze,1
Reeko,1
Sleeparchive,1
Byetone,1
Abstract Division,1
Shlømo,1
Setaoc Mass,1
Kobosil,1
The Horrorist,1
Radical G,1
J-DAWG,1
DJ Money Fresh,1
Amorphous,1
The Sound of Arrows,1
C.J. Mackintosh,1
Fantasia,1
That Kid Chris,1
Brandyn Burnette,1
Jason Nevins,1
N.E.R.D,1
MJ Ultra,1
Lionsize,1
BOXINBOX,1
yvngxchris,1
Luisss,1
tana,1
Phoneboy,1
Harrison Gordon,1
Petey Plastic,1
GOONIE,1
TayStunna,1
Ike the Tike,1
Kingdom,1
Mr. Oizo,1
SSGKobe,1
Mariah the Scientist,1
Charlotte Day Wilson,1
Babymorocco,1
River Tiber,1
Tracie Spencer,1
Jennifer Hudson,1
Vanessa Williams,1
SWART,1
AiKAi,1
SEAPOOL,1
Txmy,1
leverfall,1
the n@rrator,1
Girlfriends,1
Brewster Durbin,1
Fairys,1
LG (TEAM GENIUS),1
The Clark Sisters,1
Lord Wright,1
Bo Marcus,1
Run Along Forever,1
The Frights,1
Heart Attack Man,1
lots of hands,1
YEONJUN,1
Emily Osment,1
untitled,1
h4teboy,1
Peace Division,1
Infinite Pleasure Records,1
DJ Safeword,1
Planetary Assault Systems,1
Lokier,1
ROÜGE,1
Minuit Machine,1
Belocca,1
Janeret,1
Josement,1
BEC,1
Lyrical Lemonade,1
Sci-Fi The Mastermind,1
Lelo,1
fail,1
BK,1
Klymaxx,1
Arif Mardin,1
Propellerheads Feat. Miss Shirley Bassey,1
Parmish Verma,1
Laddi Chahal,1
Wazir Patar,1
Pav Dharia,1
Jassa Dhillon,1
Sidhu Moose Wala,1
Juss,1
Sultaan,1
Ethan Fields,1
robbietheused,1
The Used,1
Story Of The Year,1
Escape the Fate,1
The Plot In You,1
Edda Hayes,1
2WEI,1
HALCALI,1
Lamp,1
cybr.grl,1
clo bani,1
Vienna Vienna,1
Skee-Lo,1
Sixroons,1
kuala,1
Dark Sun,1
slingmingo,1
KBN Chrollo,1
Johnald,1
"Marley ""Brokeback"" ""duccly"" Jauz",1
Churgney Gurgney,1
JON,1
MANO,1
MOTVS,1
Patrick Scuro,1
Clap Codex,1
Cheap Perfume,1
poutyface,1
KevinKempt,1
Lil Boodang,1
unkn8wn,1
Chris Whited,1
Dillon Becker,1
Bryan Long,1
Tyler Shelton,1
Whisteria Cottage,1
eightyhourswaiting,1
The Stranglers,1
noevdv,1
Skeltal Ki,1
Artimus Wolz,1
Izzéo,1
Vampire Weekend,1
Feint,1
Alice In Videoland,1
Madelline,1
OodleZz,1
The Crimson Armada,1
Job For A Cowboy,1
Slaughter at the Engagement Party,1
OH!,1
Laid 2 Rest,1
Angelmaker,1
Netherwalker,1
Suicide Silence,1
Pisse,1
Cardingfraud,1
Visnadi,1
Alex Natale DJ,1
Oto,1
Cypis,1
XEX,1
Mr Master,1
Captainsparklez,1
Into The Nightcore,1
The Lyrical Lanterns,1
Trinity Taylor,1
suisside,1
sundots,1
Helvetia,1
Clivillés & Cole,1
cankick,1
skychild,1
adorken,1
Yunggoth✰,1
Febuary,1
Them & I,1
Traitors,1
Girl Of Glass,1
JAMIE,1
KVMIL,1
Ben Tomalin,1
BLÜ EYES,1
Natalie Jane,1
Mckenna Grace,1
Tony Halliwell,1
Brooke Alexx,1
Lil Xan,1
YFN Lucci,1
Flipperachi,1
Simran Choudhary,1
Lal Chand Yamla Jatt,1
Joshua Bassett,1
Fred Roberts,1
Loving Caliber,1
Caro Emerald,1
whoiscylas,1
Diego Luna,1
Carissa Rae,1
Michael Alvarado,1
Ricardo Autobahn,1
Becky,1
Disko Warp,1
Deore,1
Sarina,1
bülow,1
Ahrden,1
iTheRedi,1
Abdul Cisse,1
MEMESVICES,1
CHANMINA,1
Imran Khan,1
Jay Trak,1
Leven Kali,1
Damir Orascanin,1
The Veils,1
Geneva Jacuzzi,1
Maxx Mann,1
The The,1
CLYPSO,1
Jackie House,1
Smagghe & Cross,1
John Grant,1
Kholby Wardell,1
Splice Records,1
Thedead,1
Lokee,1
Sam And The Womp,1
James Hurr,1
ESSEL,1
Fabich,1
Noro,1
LittGloss,1
SMACK,1
Mosimann,1
As Tequileiras do Funk,1
Skepta,1
Odd Future,1
The PropheC,1
Seshnolan,1
Mxrci,1
J-Statik,1
Inderpal Moga,1
spawncamped,1
shambles,1
Travie McCoy,1
Dogs on Shady Lane,1
Kate Bollinger,1
Loose Fur,1
Julia Jacklin,1
Swervy,1
Royce Fisherman,1
Lindsey Stamey,1
Alexis Munroe,1
Circa Survive,1
Music Total,1
Felipe Carvalho DJ,1
SorraB,1
Wooke,1
Big Gay,1
Kodama Boy,1
DayumDahlia,1
LongestSoloEver,1
Rustage,1
snackrunner,1
Cashmere Cat,1
Hentai Dude,1
Steve Terrell,1
Casa Di,1
That Chick Angel,1
Geena Fontanella,1
plaxz,1
chandol,1
she left me today,1
coldwntr,1
Flycatcher,1
Abby Sage,1
Two People,1
Hunter As a Horse,1
Public Memory,1
Sol Seppy,1
Black Box Recorder,1
Ratboys,1
Hop Along,1
Drug Store Romeos,1
Jadu Heart,1
Flak,1
GatoPaint,1
Tom MacDonald,1
nihmune,1
Night Lovell,1
Jodha,1
Preet Singh Philly,1
Prince Virk,1
Naresh Kamath,1
Paresh Kamath,1
Jainen,1
Muhammad Ali,1
ASHOK MASKEEN,1
Swarit,1
Kitsch Club,1
The Scary Jokes,1
Amira Elfeky,1
Ally Nicholas,1
she's green,1
The Clumps,1
Hrvrd,1
Mutiny,1
Dinosaur,1
Patti Jo,1
Skatt Bros,1
C.J. & Co.,1
Zeeshan Ali,1
Audiocrackerr,1
K28,1
TanmeeT,1
Altamash Faridi,1
Sayeed Quadri,1
Irshan Ashraf,1
Skyun,1
Jal,1
Jagjit Singh,1
Slatch R,1
Basic Tape,1
Pessto,1
Steve Void,1
Honey Dhillon,1
Sandeep Aulakh,1
Yuvraj Tung,1
DAF,1
Saâda Bonaire,1
Jaakko Eino Kalevi,1
Philippe Laurent,1
Two Tons Of Fun,1
Shirley & Company,1
"Jimmy ""Bo"" Horne",1
Macho,1
Gregg Diamond,1
Gino Soccio,1
Isabella Lovestory,1
Let's Eat Grandma,1
ALEX FATT,1
Javielito,1
Sota Asa,1
Pipo Beatz,1
Albany,1
Harmless,1
Frances Quinlan,1
Paul Baribeau,1
Newgrounds Death Rugby,1
c0in,1
Days N Daze,1
The Jane Doze,1
Anki,1
Grand Master Double D,1
Sam Pinto,1
Shehyee,1
John Martin,1
Victoria Justice,1
Victorious Cast,1
The Whispers,1
The Gap Band,1
Teena Marie,1
HRVY,1
Iyaz,1
Andy Grammer,1
El Mini,1
Lex Luger,1
Ebhoni,1
TAICHU,1
La Goony,1
Joy Woods,1
Salome Smith,1
Ari Groover,1
South Shore Commission,1
Up Dharma Down,1
Ron Henley of Stickfiggas,1
Muriel,1
Kat Agarrado,1
Chito Miranda of Parokya Ni Edgar,1
Dex,1
Jeazell Grutas,1
Sheng Belmonte,1
6cyclemind,1
Salbakuta,1
Quest,1
Bea Valera,1
Trouble Kidd,1
Mozzy,1
Bay Swag,1
Betta Lemme,1
In Trances,1
Cutty Ranks,1
PANDEMXNIUM,1
LEECHY!,1
Kodoku,1
Rayvon,1
El Jordan 23,1
Courtney from Work,1
Samuel Kim,1
-M-,1
Vanessa Paradis,1
Sandy Marton,1
Slutever,1
Michele Leigh,1
Rei Adachi,1
LuLuYam,1
Björn Skifs,1
Blue Swede,1
Clams Casino,1
Chord Overstreet,1
Jordan Suaste,1
Blanco,1
Yc,1
22Gz,1
88thagang,1
Lil Knoc,1
Haiti Babii,1
Junior Jay,1
jhfly,1
Maddix,1
Her Words Kill,1
An Evening At Elmwood,1
Cash Only Tony's,1
I Never Heard The Bullet,1
Rivers Cuomo,1
Blue Man Group,1
Nik Nocturnal,1
Will Ramos,1
Haezer,1
Wax Tailor,1
Gramatik,1
The Zombies,1
Violent Femmes,1
Baby FuzZ,1
Vana,1
GunsLikeGirls,1
April's Love Affair,1
Forgotten Alibi,1
death in december,1
Ayeeman,1
Mike Kosa,1
Dello,1
Andrew E.,1
Pow Chavez,1
Jeriko Aguilar,1
Thyro,1
The Vamps,1
Dearlie,1
fishkid,1
Esthie,1
Wanda Herrans,1
Diana Rivera-Herrans,1
Steven Rodriguez Jr.,1
Southside,1
YoungThreat,1
Little V.,1
Hard Archive,1
Flagman,1
SUMPP,1
Hitta J3,1
Stone Temple Pilots,1
Be Your Own Pet,1
J.P.,1
JTMusic,1
Tohru,1
Hipsta Clique,1
Rabbitology,1
CHROMERA,1
Cara Delevingne,1
SIAMES,1
Bantu,1
fussy,1
John Paul Young,1
Raffertie,1
The Ride the Cyclone World Premiere Cast Recording Ensemble,1
Scott Redmond,1
Matt Redman,1
Gryffin,1
Zara Russell,1
TJK,1
Richard Cutmore,1
Em Beihold,1
Leee John,1
Robert Smith,1
Wabie,1
Jacob Collier,1
LeGrand,1
J.None,1
VoicePlay,1
Fujii Kaze,1
Ren,1
Jealous of the Birds,1
Sylendanna,1
quinnie,1
Jesse Jo Stark,1
Déyyess,1
Billlie,1
Nola Klop,1
Chris Janson,1
Lauren Alaina,1
John Conlee,1
Psycho Teddy,1
Yuki Hayashi,1
Busted,1
M83,1
The Heavy,1
Skip the Use,1
Tyler Childers,1
Sam Burchfield,1
flipturn,1
Led Zepagain,1
Danzig,1
Georgia,1
Peter Hook,1
Jess Benko,1
Blad33,1
Holly,1
Synapson,1
Junie & TheHutFriends,1
lvusm,1
ritanj,1
Lilithzplug,1
DRAM,1
APerson,1
Astrud Gilberto,1
Joan Sebastian,1
Marie Madeleine,1
Scotty McCreery,1
Morgan Evans,1
David Lee Murphy,1
DADAROMA,1
Puzzle,1
ms. isohp romatem,1
Halle Uchida,1
ONDA ANDAR,1
Christy Altomare,1
Nicole Gene,1
Pink Sweat$,1
FAST BOY,1
Gino,1
Pusaka,1
James Carter,1
Paul Emanuel,1
Seamus Haji,1
Aeden Alvarez,1
Lav,1
Tokiejoestar,1
Brassie,1
Stela Cole,1
Peewee Longway,1
C-Note,1
melodybloom,1
proderics,1
Lil B,1
Matt Martians,1
Jeff Burgess,1
sumika,1
Goose house,1
keshi,1
WOODZ,1
amala,1
Nina Zeitlin,1
Roland Christoffer,1
Fronda,1
Tony Rissla,1
Patrull,1
Kao Bay Bay,1
Luke Christopher,1
NIHILS,1
Treyarch,1
Tamika,1
Nomy,1
Doll Skin,1
Code Orange,1
HEALTH,1
DeathbyRomy,1
Rain Paris,1
Arcaeus,1
Rhymes & Riddim,1
Wes Powell,1
Matt Easton,1
TobyMac,1
Grits,1
Tjuvjakt,1
Jaqe,1
Alladin,1
Dani M,1
Påse,1
Allyawan,1
Aleks,1
STOR,1
Black Ghost,1
Labyrint,1
Magnus Rytterstam,1
Dinosaur 94,1
The Buttertones,1
Nouns,1
Beach Goons,1
Foxy Shazam,1
Remix Workout Factory,1
Bodybangers,1
DJ BoBo,1
Slim Thug,1
Bun B,1
Yung Joc,1
Corbon Amodio,1
Jessica Andrews,1
Descendents,1
Devi McCallion,1
KONGOS,1
Mikebøi,1
Chzter,1
FLVCKKA,1
La Joaqui,1
Cazzu,1
Yomel El Meloso,1
Keith Urban,1
BRELAND,1
Jessie Villa,1
HVME,1
Swif7,1
VIZE,1
Cozi Zuehlsdorff,1
Armani White,1
Quasi,1
Foresight,1
Sista Prod,1
Ichiko Aoba,1
ilyTOMMY,1
LATIN MAFIA,1
UnNoticed,1
Zlutty4K,1
Blake Wiggins,1
Ryan Ellis,1
JWLKRS Worship,1
Housefires,1
Former Things,1
Natalie Grant,1
Andrew Holt,1
Brray,1
Lyanno,1
Rauw Alejandro,1
Descemer Bueno,1
The Flexican,1
FS Green,1
Busy Signal,1
Fuse ODG,1
Nyla,1
Fable Cry,1
Gerard D'Lor,1
Super Cassette,1
if i die in mississippi,1
Alek Olsen,1
Front Porch Step,1
Dashboard Confessional,1
Lil God Dan,1
Julie Doiron,1
Subvrbs,1
Jackie Chain,1
Nappy Roots,1
TRAQULA,1
Shotgun Willy,1
MOL$,1
reptilelegit,1
Elijah the Alchemist,1
Yung Gravy,1
Dead Calm,1
Oasis,1
(Hed) P.E.,1
Zelgin Jackson,1
Wire,1
Manika,1
Josie Cotton,1
Gente De Zona,1
PawPaw Rod,1
Goth Babe,1
Memblem,1
Kid Bloom,1
Miki Matsubara,1
Vortxz,1
Macross 82-99,1
Charlie Shell,1
Sam Gellaitry,1
hemlocke springs,1
Asami Izawa,1
Nao'ymt,1
berlioz,1
Adam Oh,1
Bernard Jabs,1
Donnis,1
Sneaker Pimps,1
Souls Of Mischief,1
Sugar Candy Mountain,1
BANKS,1
Chet Faker,1
Monica Barbaro,1
Timothée Chalamet,1
Sawyer,1
Caylee Hammack,1
Tenille Townes,1
Elle King,1
DJ Kue,1
BNDR,1
Sissal,1
Nashley,1
Tancredi,1
Arnold Tongol,1
Jacob Critch,1
Jaemin Kim,1
Juvon Taylor,1
Matthew Chalmers,1
On-lyne,1
The Hails,1
The Outfield,1
Seth XVI,1
Parcels,1
Big K.R.I.T.,1
Danny Brown,1
Yelawolf,1
Rapsody,1
Louis Prima,1
Winona Forever,1
KuroUsa(WhiteFlame),1
TOUYU,1
niki,1
Chinozo,1
Soraru,1
After the Rain,1
xaev,1
Parsa,1
gladde paling,1
Beat Saber,1
TRAELMYX,1
schnozz,1
Buck Owens,1
Larry Tee,1
Pomme,1
Shihoko Hirata,1
FANTA ROSARIO,1
Labi Siffre,1
Michael Riesman,1
Philip Glass Ensemble,1
Philip Glass,1
Hugh Masekela,1
Computer,1
Cameron Winter,1
The Aquabats!,1
Appleseed,1
Ana Mazzotti,1
Alessandro Alessandroni,1
Agent Orange,1
BRI,1
Adonai Melodías,1
Okazaki Taiiku,1
Darling Peter,1
Flash Gea,1
Sammy & Falsetto,1
Brytiago,1
Darell,1
De La Rose,1
Alvaro Diaz,1
Myke Towers,1
Bdp Music,1
ROA,1
Juseph,1
Lucho RK,1
Nueva Línea,1
JJSOUND,1
Alex Rose,1
SAIKO,1
WILLIS,1
落日飛車 Sunset Rollercoaster,1
Mellow Fellow,1
Luar La L,1
Jesp7Tearz,1
Blessd,1
Clarent,1
iZaak,1
The Hidden Cameras,1
Morgan Seatree,1
Narciss,1
Robin Solf,1
PHENIX,1
LION BABE,1
Sharlene Hector,1
Lady Bee,1
CA7RIEL & Paco Amoroso,1
Lali,1
Jeff Williams,1
MYTH & ROID,1
IBDY,1
RAT BOY,1
Franz Ferdinand,1
Shaan Can,1
SALES,1
KryptoDigital,1
Cyranek,1
Yung Frown,1
Noedell,1
Irfane,1
Breakbot,1
Thee Sacred Souls,1
almost monday,1
again&again,1
adan diaz,1
ArniTheSavage,1
Amotti,1
WE KRAZY,1
Eclipse,1
ANGELBOY,1
PIXY,1
predayed,1
blair,1
Jowell,1
boogshi,1
AryaMusic Records,1
prodbyryan,1
Chilliam,1
Pat Barrett,1
Brooke Ligertwood,1
Dwell Songs,1
Aaron Williams,1
The Worship Initiative,1
Camino 84,1
Iggy Pop,1
The Black Keys,1
beard,1
bandanabloom,1
Aurora Ave.,1
Kyaru,1
lando!,1
Arlie,1
Andrew Garden,1
Andrea Chahayed,1
Chris McClarney,1
Sarah Reeves,1
Meredith Andrews,1
Passion,1
Jaden Bojsen,1
Steve Anderson,1
Caroline Byrne,1
Brieanna Grace,1
Ayra Starr,1
SCRIPT,1
Ha*Ash,1
Daniela Romo,1
Audri Nix,1
Yuridia,1
Christian Chávez,1
Martin Smith,1
Indianapolis Children's Choir,1
arr. Carole Stephens,1
AJ Meijer,1
Dan Domenech,1
'In The Heights' Original Broadway Company,1
Katie Ladner,1
Evan Todd,1
Jon Eidson,1
Mutya Buena,1
Laza Morgan,1
Alex Gaudino,1
Morrissey,1
The Belonging Co,1
Life.Church Worship,1
Michael Young,1
Crowder,1
Phunkadelica,1
Enzo Elia,1
Theus Mago,1
AckerMan,1
Q.U.A.K.E,1
Zakir,1
Sasha Carassi,1
Husa & Zeyada,1
Marvin & Guy,1
Khen,1
Budakid,1
Cast of Mean Girls,1
Original Radio Cast,1
Antwaun Holley,1
Gerard Canonico,1
Alex Boniello,1
kmoe,1
Strictly Ballroom,1
Starflyer 59,1
Summer 2000,1
Zazou,1
El Mundo,1
Trikk,1
Moscoman,1
Blancmange,1
Kincaid,1
Vitalic,1
Paulor,1
Mita Gami,1
Chaim,1
ALF CHAMPION,1
Tal Fussman,1
mochiutsune,1
dacelynn,1
OBKATIEKAT,1
Bao The Whale,1
Small Crush,1
Erenzy,1
Leathermouth,1
The Coils,1
Jason is,1
Crustsox,1
Shutups,1
Ultra Q,1
Franky Flowers,1
Leigh-Anne,1
Benji La Vida,1
Knumears,1
Message To Bears,1
Sparklehorse,1
Sofia and the Antoinettes,1
Dream Wife,1
Sløtface,1
BROODS,1
Lara Buchanan,1
Florence Road,1
Speedy Ortiz,1
Pretty Vicious,1
Lanterns on the Lake,1
Nora Kelly Band,1
Madeon,1
User-177606669,1
leastfavorite!,1
Nayutalien,1
Tara Yummy,1
Annural Khalid,1
akhun,1
Lil Tony Official,1
4721,1
gorn,1
♰ Cash ♰,1
Playuncle Farti,1
lucidbeatz,1
a2zMP3,1
Dorian Concept,1
Home,1
Koda,1
Mud Flow,1
Brody Dalle,1
Breton,1
Dr. Berk,1
Adrian Blazz,1
David Lopez,1
Hawthorne Heights,1
In This Moment,1
Kill The Noise,1
Lyn Lapid,1
Phil Collins,1
Felix Hagan & the Family,1
Nine Days,1
Lillias White,1
Vaneese Thomas,1
LaChanze,1
Cheryl Freeman,1
Susan Egan,1
The Seekers,1
Bernhard Lloyd,1
Falco,1
Jakob,1
Peachy!,1
Kuzu Mellow,1
GOT the beat,1
NCT U,1
Tre Nyce,1
Bruno Ramos,1
Dj Lapetina,1
Fumarastten,1
Ivan Gomez,1
D.O.N. Tekk,1
Stereo Palma,1
Dj Freky,1
Joe Parra,1
ASIA7,1
Mai Davika,1
Violette Wautier,1
Lena Lalina,1
Palm Paramee,1
KNOMJEAN,1
Flicka Roe,1
khai dreams,1
Audioiko,1
Sofía Reyes,1
Grupo Limite,1
Maite Perroni,1
Bryn Christopher,1
Nick Ward,1
Kaleena Zanders,1
Patti Smith,1
Kao Supassara,1
Emi Thasorn,1
People of The Earth,1
Cochren & Co.,1
Matt Papa,1
Matt Boswell,1
Fine Young Cannibals,1
DJ Lag,1
Moonchild Sanelly,1
Busiswa,1
Nija,1
Screeching Weasel,1
Joshwa,1
Arhoung Nattawadee Pipobpronchai,1
WeTV Original,1
GINNY,1
Alice Schach and the Magic Orchestra,1
Dirty Palm,1
updog,1
S.I. Istwa,1
The Hat,1
Mindy Gledhill,1
Amanda Reifer,1
Blxst,1
DANGERDOOM,1
SiR,1
Rynn,1
NMIXX,1
Gamma Skies,1
Zorro,1
Ling Ling Kwong,1
Jane Yeh 叶芷妤,1
Shy Glizzy,1
Brie Larson,1
Lash,1
Glee Cast,1
flowerovlove,1
Andrew Prahlow,1
Simon Chylinski,1
Nitro Fun,1
Bossfight,1
surreal,1
Christa Lee,1
Every Avenue,1
Yellowcard,1
Chase Holfelder,1
The Family Crest,1
Louie Zong,1
RobbieG,1
Cameron Diaz,1
Brianna Mazzola,1
AJ Michalka,1
Will Smith,1
Kate Micucci,1
Cynthia Erivo,1
Jeff Goldblum,1
Cast - Tangled,1
Varian,1
The Runaways,1
Suga T,1
B-Legit,1
D-Shot,1
The Click,1
E-40,1
Jovani Occomy,1
GHOST DATA,1
Calboy,1
JACKBOYS,1
Willie Colón,1
I Monster,1
Apocalyptica,1
Stone Sour,1
Lil Double 0,1
BigKayBeezy,1
MAY-A,1
Baauer,1
DJ Felli Fel,1
sailor鄧mel,1
James the Seventh,1
RAEGAN,1
Cosey Mueller,1
FILS.,1
Andy Warhol Banana Technicolor,1
mammalfriend,1
Nightmares In Wax,1
Crash Course In Science,1
Vicious Pink,1
Jeanette,1
zc木蘭,1
Sasuke Haraguchi,1
Helena Noguerra,1
ippo.tsk,1
muque,1
KALEO,1
Chapo102,1
Nina Chuba,1
Kevin McHale,1
Saro,1
Reigen,1
Thomston,1
Lukas Clay,1
H3adband,1
scarycide,1
BashfortheWorld,1
Lyn,1
Puddles Pity Party,1
Jared Emerson-Johnson,1
Martin Dupont,1
Diet Tea Other Cola,1
Sundaye,1
Cherry Cheeks,1
Monotrona,1
Marwick,1
imylia,1
PlaqueBoyMax,1
SlimeGetEm,1
Lul Tekk,1
A.T.,1
Easton,1
F.L.Y. (Fast Life Yungstaz),1
Rui Da Silva,1
Anton Powers,1
Slushii,1
Scapecore,1
UncleBassy,1
Blex INC.,1
Tom Goss,1
Peter Thomas,1
PIG,1
MDFMK,1
Caustic,1
L.A. Exes,1
Siena Liggins,1
illuminati hotties,1
Caroline Rose,1
Sleater-Kinney,1
Big Joanie,1
Team Dresch,1
Heavens To Betsy,1
Butch Wifey,1
clipping.,1
Pebbles The Invisible Girl,1
Definitely D,1
fakemink,1
Paul Whitty,1
Noah J. Ricketts,1
JRAFFE,1
Jeremy Zucker,1
Ant Beale,1
Charlie Heat,1
88rising,1
Gus Dapperton,1
Mark Dohner,1
Chelsea Cutler,1
16yrold,1
dreamcache,1
oaf1,1
A Perfect Circle,1
Everclear,1
Local H,1
Gracie Lawrence,1
Carrie Hope Fletcher,1
Jamie Muscato,1
Malcolm Armwood,1
Timothy Hughes,1
Kimberly Marable,1
Kay Trinidad,1
Yvette Gonzalez-Nacer,1
Jewelle Blackman,1
Reeve Carney,1
Wallace Smith,1
Hunter Parrish,1
Joshua Henry,1
Gavin Creel,1
Original Broadway Cast of The Outsiders - A New Musical,1
Brent Comer,1
HVOB,1
Kollektiv Turmstrasse,1
Trevor Tordjman,1
Dylan Playfair,1
Thomas Doherty,1
China Anne McClain,1
Jax,1
JID,1
Flogging Molly,1
Cabaret Ensemble (1998),1
Jessie Mueller,1
Jessie Buckley,1
2021 London Cast of Cabaret,1
Little Shop of Horrors Off-Broadway Revival Company,1
Tammy Blanchard,1
Original Broadway Cast of Just In Time,1
Freshlyground,1
Robert Grace,1
Andrew Gold,1
ZOMBIES – Cast,1
Ariel Martin,1
Jasmine Renée Thomas,1
Emilia McCarthy,1
Baby Ariel,1
Yavin,1
Bad Nomad,1
AVERY MOSS,1
Come to Mine,1
Bauerschwein,1
Tyler Vasquez,1
Astor,1
Kadie Elder,1
Hyperbaiter,1
Claudja Barry,1
Crsd,1
AJ Mitchell,1
Jilly Queen,1
Lachlan Watson,1
Jaz Sinclair,1
Cast of Chilling Adventures of Sabrina,1
Ross Lynch,1
Eva Cooper,1
Lou Bega,1
Kenan Thompson,1
Rachel Bloom,1
George Clinton,1
James Corden,1
Jojo Siwa (Kids),1
Jacquees,1
Roscoe Dash,1
Johnny Huynh,1
sonicreations!,1
Scene Queen,1
Precious,1
Peachkka,1
Janine Berdin,1
Sān-Z,1
Sihan,1
Jung Seo-Jun,1
BENJIxScarlett,1
Lil Godd,1
Randy Diggs,1
dapropajalowitz,1
anorexic,1
Dylan Longworth,1
corefish,1
2006WR,1
Anameno,1
TRAILS,1
SCANDAL,1
Webbed Wing,1
Microwave,1
Scowl,1
Movements,1
Dead Sea Empire,1
Aloe Blacc,1
Alannah Myles,1
RaeLynn,1
Josh Turner,1
Justine Skye,1
twikipedia,1
Alice Gas,1
Nitro,1
Dani Faiv,1
lavi kou,1
Sophie Woodhouse,1
Meego,1
Dan Salvato,1
4lung,1
Dogbite,1
iLOVEFRiDAY,1
Creedence Clearwater Revival,1
Silver,1
Cate Downey,1
gonima,1
The Zame,1
Matt Joe,1
DJ Matrix,1
Nerissima Serpe,1
Capo Plaza,1
Nko,1
Coez,1
Heard Twice,1
Schulze & Schultze,1
Dominik Eulberg,1
andhim,1
Catching Flies,1
Stephan Bodzin,1
Detmolt,1
daine,1
glaive,1
angelus,1
Elias Rønnenfelt,1
Babyfather,1
Michael Angelo,1
ESPRIT 空想,1
You'll Never Get to Heaven,1
Joanne Robertson,1
King Krule,1
Lovelylyly Audio,1
Emma,1
Marz,1
TD-39,1
Gvnball,1
FUCKYOURCLIQUE,1
KIID,1
Sadturs,1
Ddusi,1
Sound Souler,1
Noriyasu Agematsu,1
Figburn,1
Eric W. Brown,1
Tobiitobes,1
MARAN,1
FamilyJules,1
SixteenInMono,1
ToxicxEternity,1
Infinity,1
Bill Kiley,1
jon-YAKITORY,1
Mili,1
ぐちり,1
The Script,1
Alex Crichton,1
paranoid void,1
chouchou merged syrups.,1
Kinda Rad,1
DJ Noriken,1
Victor Fuertes,1
Sokoninaru,1
Yone - Ko,1
Eye Xy,1
ARForest,1
Sybrid,1
村山☆潤,1
カル・コームズ,1
Daniel Lindholm,1
mamomo,1
Fearofdark,1
アサノハヤト,1
The Spiders,1
Deep Purple,1
Eva Simons,1
Girls Rituals,1
The Sundays,1
Weyes Blood,1
Etta Marcus,1
Sara Beth,1
Sadie Fine,1
Brye,1
ggwendolyn,1
Ryn Kid,1
nicopatty,1
CristianMirror,1
Savlonic,1
EchoWave,1
The Little Dippers,1
The Damned,1
Jackson C. Frank,1
Tuesday's Children,1
Slade,1
Taj Mahal,1
Angels Of Light,1
The Shadows Of Knight,1
The Vibrators,1
The Boys,1
Guided By Voices,1
UFO,1
The Lovin' Spoonful,1
Rhinoceros,1
Graham Nash,1
Tuff Darts,1
Reese LAFLARE,1
Delilah Bon,1
Chandler Leighton,1
King Kitty,1
The Irish Rovers,1
Rayne Blakeman,1
Calen Hyles,1
The Pretty Reckless,1
TABLO,1
Parv0,1
Germ,1
Ski Mask The Slump God,1
Outer Limits Recordings,1
Austin Weber,1
Still Woozy,1
Air,1
Westside Gunn,1
Swervedriver,1
Superdrag,1
Bby Kell,1
Drive-By Truckers,1
Squirrel Bait,1
Cordae,1
millkzy,1
Eli G,1
$NOT,1
The Alchemist,1
Domo Genesis,1
John Legend,1
Kamm Carson,1
LaRussell,1
Conway the Machine,1
Brooksie,1
Nafeesisboujee,1
D4M $loan,1
Noah Floersch,1
Ravyn Lenae,1
Brick + Mortar,1
Rachel Bay Jones,1
The Hoosiers,1
Ollie MN,1
Wild Nothing,1
Craft Spells,1
Sunny Day Real Estate,1
P.E.E.,1
Melvins,1
Silver Jews,1
Advantage Lucy,1
8485,1
Jane Remover,1
Yameii Online,1
Two Friends,1
Caroline Ailin,1
ayokay,1
Wafia,1
Phoebe Ryan,1
Big Boi,1
Rise Against,1
New Found Glory,1
SNBRN,1
Freestylers,1
Bell Humble,1
Monty,1
Kash Doll,1
Nero's Day At Disneyland,1
2Spade,1
Emilee,1
Surf Mesa,1
Turnover,1
Body of Light,1
Rosegarden Funeral Party,1
Siouxsie and the Banshees,1
Matt Rogers,1
Vierre Cloud,1
Rrefal,1
CRRUZ,1
Kane Brown,1
Lost Kings,1
WATT,1
AFI,1
Rachel Potter,1
Voctave,1
Renée Lamb,1
Genesis Lynea,1
Natalie Paris,1
tropes,1
kittyfish,1
Krystina Alabado,1
NathanWagnerVO,1
Yukidomari,1
GamingPlush64,1
TRAP CHICK,1
GameboyJones,1
rusino,1
CLOUDSAVE,1
Smg4,1
