playlist_name,playlist_id,owner,url
Gay versions of songs,5jskSKVCNVpNentrEemCru,Kai,https://open.spotify.com/playlist/5jskSKVCNVpNentrEemCru
GAY RAP 🍆😹,7464s7OIoUO0k23f1uxzLL,Trace.Kornas2,https://open.spotify.com/playlist/7464s7OIoUO0k23f1uxzLL
Diddy party playlist,2uU7XMWG2o1bk1i3ry8Vqe,Kimmy and masons Spotify account,https://open.spotify.com/playlist/2uU7XMWG2o1bk1i3ry8Vqe
Pride Party 2026 🏳️‍🌈,6m044n8wYzaKq5nDVW0iKX,Topsify,https://open.spotify.com/playlist/6m044n8wYzaKq5nDVW0iKX
👩‍❤️‍💋‍👩🏳️‍🌈gay songs🏳️‍🌈👨‍❤️‍💋‍👨,21Rsn88WynaBSn00JN2Ctu,Cassie,https://open.spotify.com/playlist/21Rsn88WynaBSn00JN2Ctu
Gay club anthems 🌈,2nl8qH1h3LKMwpk4vpDbdh,reviewhater,https://open.spotify.com/playlist/2nl8qH1h3LKMwpk4vpDbdh
actual gay pop,5nLrgOL7H6gAf8sVCZSccI,yippiekailayay,https://open.spotify.com/playlist/5nLrgOL7H6gAf8sVCZSccI
Worship Music 2026,3U7F6ooo6JEJH9a8c36rU9,StationOne Records,https://open.spotify.com/playlist/3U7F6ooo6JEJH9a8c36rU9
GAY REMIXES,0TVi6Bdr9Stgo3QH4jSjVp,SongGator Studio,https://open.spotify.com/playlist/0TVi6Bdr9Stgo3QH4jSjVp
mlm romance songs <3,5p3APL1ec4FN26elZojouE,ollie ♥,https://open.spotify.com/playlist/5p3APL1ec4FN26elZojouE
Gay AI Country Songs,0UmmzvHIMTcoyBJ9AXNWl9,Blaze,https://open.spotify.com/playlist/0UmmzvHIMTcoyBJ9AXNWl9
Slutty Gay Club Mix,3FPoUETeyy57j9YmRXftkv,Kristina,https://open.spotify.com/playlist/3FPoUETeyy57j9YmRXftkv
Iconic Gay Anthems,3yq6sPGVrMO54khZqrnOdg,Emmoott,https://open.spotify.com/playlist/3yq6sPGVrMO54khZqrnOdg
Marvin Gaye's Greatest Hits,7jBkEtXp80vXneXV9B6ydq,Earl Tipton,https://open.spotify.com/playlist/7jBkEtXp80vXneXV9B6ydq
Best of 70s - 80s R&B Oldies Soul Music Mix / Paradise I Have Within,2TNTiIqh3fZBFuAoW1cV41,DamnDev Radio,https://open.spotify.com/playlist/2TNTiIqh3fZBFuAoW1cV41
Thick of It Gay,6nnnlBj7Ki49bByquK2RWR,tristan,https://open.spotify.com/playlist/6nnnlBj7Ki49bByquK2RWR
He’s bouncing off my booty cheeks,2CajPtXkgVYTzVQm0S3x7E,Katherine😼,https://open.spotify.com/playlist/2CajPtXkgVYTzVQm0S3x7E
THE GAYEST SONGS EVER,58wkFYsM9IQuk4gt4HcWRG,The Online Queer,https://open.spotify.com/playlist/58wkFYsM9IQuk4gt4HcWRG
THE GAYEST PLAYLIST EVER,4c4yfG8jTcG4OKCcHBstxN,Jason Garrett,https://open.spotify.com/playlist/4c4yfG8jTcG4OKCcHBstxN
LGBTQ+ ANTHEMS 🏳️‍🌈🏳️‍⚧️✨,4S9EOPMurEgm8n3VMZo7GI,moisexgoro,https://open.spotify.com/playlist/4S9EOPMurEgm8n3VMZo7GI
Loud Gay Music,4UQ8um6BBv0ViU4PlPcKnl,J0N,https://open.spotify.com/playlist/4UQ8um6BBv0ViU4PlPcKnl
Gay Country Music ,4H2QbHUWMOdaycLGYaAUK5,madddihhh223,https://open.spotify.com/playlist/4H2QbHUWMOdaycLGYaAUK5
Girly Pop Running Music 💕🎀✨,6Z6DjvjVWdnfpL4fvYdTba,Soph,https://open.spotify.com/playlist/6Z6DjvjVWdnfpL4fvYdTba
Gay FEIN,7jMa2UBhNriU53Y6tMnxBU,riley,https://open.spotify.com/playlist/7jMa2UBhNriU53Y6tMnxBU
CARNIVAL - Gay Version,7zDgccKU3eIMuiFiLVKeUg,ok,https://open.spotify.com/playlist/7zDgccKU3eIMuiFiLVKeUg
YOU'RE JUST A GAYYBOY👹👺,3tYOwnhYScANVRbFsL3tow,Krisha,https://open.spotify.com/playlist/3tYOwnhYScANVRbFsL3tow
g*y music for f*gs,7u7iAXkVDuNvkK0VF1Zs1r,ninong.aaron,https://open.spotify.com/playlist/7u7iAXkVDuNvkK0VF1Zs1r
POPPERS : Gay Club Bangers  ,6LFfsXKNJgTCYMmv0LjXmN,ramona 🪐,https://open.spotify.com/playlist/6LFfsXKNJgTCYMmv0LjXmN
Hozier songs ranked from “I have never loved anyone more” to “please let’s bang”,2TIcdWCae3LBf13GQDKK6g,Mags,https://open.spotify.com/playlist/2TIcdWCae3LBf13GQDKK6g
2025 gay club,7AsPc7XeDREXC0V4uYd2Zs,val,https://open.spotify.com/playlist/7AsPc7XeDREXC0V4uYd2Zs
Gay Workout 2026 🏳️‍🌈  Gym Motivation Cardio Pride Playlist 💪,0eDvwhN9xD76kSl3lDMwUy,Hunner,https://open.spotify.com/playlist/0eDvwhN9xD76kSl3lDMwUy
70s Disco Hits: Best 70's Disco Music ,3ePWF5TuoWsVFKweKZjt8V,Dabadoo Plays,https://open.spotify.com/playlist/3ePWF5TuoWsVFKweKZjt8V
Top Worship Music Hits 2026,63eo39EmMD0NRR2WiZBIuv,Jesse Frohling,https://open.spotify.com/playlist/63eo39EmMD0NRR2WiZBIuv
Steamy gay stories,6IDhWTXoQsYIISjc3qrzMq,Jinx,https://open.spotify.com/playlist/6IDhWTXoQsYIISjc3qrzMq
Fein gay version,2yN3CYe200sfx964PkcPeE,Ishowspeedtheking,https://open.spotify.com/playlist/2yN3CYe200sfx964PkcPeE
Lgbtq songs🏳️‍🌈✨,7wTZHctiK7exw6evyQqMc3,foldedcicada,https://open.spotify.com/playlist/7wTZHctiK7exw6evyQqMc3
Gay parody songs,1vvJWUEzArohuAuOcu0EqA,cbw,https://open.spotify.com/playlist/1vvJWUEzArohuAuOcu0EqA
✯Gay versions of songs✯,5CNGXcMABTJWLtjpfmVxrC,bigdickNIGGANUT,https://open.spotify.com/playlist/5CNGXcMABTJWLtjpfmVxrC
gay clubbing in the living room,1s73iK34kP2ZW628JLv9lE,Erin,https://open.spotify.com/playlist/1s73iK34kP2ZW628JLv9lE
Charity Gayle worship songs,0WjIlYduN0BuN4qsfjsfhw,Ruth DiGeronimo Baker,https://open.spotify.com/playlist/0WjIlYduN0BuN4qsfjsfhw
marvin gaye type of yearning,43mVugaGp413FtK2rynMoZ,nina,https://open.spotify.com/playlist/43mVugaGp413FtK2rynMoZ
A playlist for Lesbians 🏳️‍🌈 👭⚢👩‍❤️‍💋‍👩,1dKULy3foggX9MHa6m6uiX,silly⸆⸉,https://open.spotify.com/playlist/1dKULy3foggX9MHa6m6uiX
M4M AUDIOS,68lJ6twiU3lQIMs88xdjR2,IM SPIDERMAN 🕸 🏳️‍🌈🏳️‍⚧️,https://open.spotify.com/playlist/68lJ6twiU3lQIMs88xdjR2
Funny and Gay Remix Songs,12B5yXoTdPyl5gNksA8qPG,Ethan,https://open.spotify.com/playlist/12B5yXoTdPyl5gNksA8qPG
HAPPY PRIDE MONTH MOTHERFUCKERS🏳️‍🌈🏳️‍⚧️,6jfMx2jT3L8fUzMqv9rTxZ,parker_pines,https://open.spotify.com/playlist/6jfMx2jT3L8fUzMqv9rTxZ
4th of July but in a liberal girls and gays way,1JmVW9nSTUdUA3AlKRUxlg,Garret Heibeck,https://open.spotify.com/playlist/1JmVW9nSTUdUA3AlKRUxlg
Angry Woman Playlist,1mxhSTG1EST8AyJGepJkPV,Kathryn Mitchell,https://open.spotify.com/playlist/1mxhSTG1EST8AyJGepJkPV
what having a crush feels like,0map4w4WCMWwRn1Bqu5rtv,em,https://open.spotify.com/playlist/0map4w4WCMWwRn1Bqu5rtv
Best of October London,6fAlTHuecFwQcnDRUJdpoF,Errol McDonald,https://open.spotify.com/playlist/6fAlTHuecFwQcnDRUJdpoF
Boy Moaning and Whimpering + Wet Noises,35ueWqrIe9LbbYh6iUGNs6,Jaba,https://open.spotify.com/playlist/35ueWqrIe9LbbYh6iUGNs6
ACTUAL mlm songs,37bAcxt4EQMlg9d2IqbU5I,lynn,https://open.spotify.com/playlist/37bAcxt4EQMlg9d2IqbU5I
Actual mlm songs,0nSvgdhfs1ZEkncbzEefPy,Romeo ig,https://open.spotify.com/playlist/0nSvgdhfs1ZEkncbzEefPy
lesbian pop!!,1WXcc7GPaRqaOFUUIa5lh1,marthadear,https://open.spotify.com/playlist/1WXcc7GPaRqaOFUUIa5lh1
gay yearning (mlm),1JTAGCUUFOvvYCcIKuWQmk,s☆,https://open.spotify.com/playlist/1JTAGCUUFOvvYCcIKuWQmk
gay or european,3zwLv0aXvpnTKvbh1sgL1c,weridoooooo3,https://open.spotify.com/playlist/3zwLv0aXvpnTKvbh1sgL1c
gay house party ,3JAreA8fy2fmRuBinCkhxs,roey,https://open.spotify.com/playlist/3JAreA8fy2fmRuBinCkhxs
Gay ASMR (NSFW),06gqzyAbVYErMrlP67HKzn,Ruby ♡ Sappire,https://open.spotify.com/playlist/06gqzyAbVYErMrlP67HKzn
Pride Mix Set 2026 🌈 - It's Pride Month - The Gayest Hits of 2026,2wgFMoAL1MqqTfgTHtZerG,my.charts.music,https://open.spotify.com/playlist/2wgFMoAL1MqqTfgTHtZerG
"Motown & Soul (60s, 70s & 80s)",2fLpo9cVywf8wM52GesCKz,Saschito,https://open.spotify.com/playlist/2fLpo9cVywf8wM52GesCKz
King von gay and not gay,4pKUEL7OWeDwJ8yb6GZxrj,pixelimsupergay30,https://open.spotify.com/playlist/4pKUEL7OWeDwJ8yb6GZxrj
~Freaky mlm playlist~,38etiYNTBRGacFzLhQeScF,•~Kain~•,https://open.spotify.com/playlist/38etiYNTBRGacFzLhQeScF
gay cowboys and they're gay,1RZ1AujOopJn6W9fQDwIXJ,jadeR,https://open.spotify.com/playlist/1RZ1AujOopJn6W9fQDwIXJ
Riding Him💦,5bIoGqIJbAXazNMc0OBC4o,JeyJeyBug,https://open.spotify.com/playlist/5bIoGqIJbAXazNMc0OBC4o
Gay EDM 🌈,4k1dxhoMJfVNuwomdT7QCv,trevackerman,https://open.spotify.com/playlist/4k1dxhoMJfVNuwomdT7QCv
Marvin Gaye ‎– 18 Greatest Hits,4sO83fdki5cuT6RqtVQ3CO,VincentVanBug,https://open.spotify.com/playlist/4sO83fdki5cuT6RqtVQ3CO
Crystal Gayle's Greatest Hits,1TMTUxz4XEsTtu1uHqlxJU,craighorst2,https://open.spotify.com/playlist/1TMTUxz4XEsTtu1uHqlxJU
"SOUL - R&B , Greatest Hits",3usyoh1MlMAnphdE9WG6Js,Alexed,https://open.spotify.com/playlist/3usyoh1MlMAnphdE9WG6Js
gay guys moaning,2IYbqWjyM1UBot6dfLFKfJ,SpoonAnthony,https://open.spotify.com/playlist/2IYbqWjyM1UBot6dfLFKfJ
F me Daddy🥵,5i6R00qbzPa51ngqqFwrJQ,Lea🫀,https://open.spotify.com/playlist/5i6R00qbzPa51ngqqFwrJQ
"Loud, Gay, Cunty and almost unlistenable",21srPsxCbC1y6RyIRrZtIc,Wis,https://open.spotify.com/playlist/21srPsxCbC1y6RyIRrZtIc
🤫✨ shh f4f audios ✨🤫,3tjla78eQyETMbLyeI1KhN,◕｡✿Bunni✿｡⁠◕,https://open.spotify.com/playlist/3tjla78eQyETMbLyeI1KhN
Gay Love Songs ,1b8VbZwNw1KyypXc9gitDv,my.charts.music,https://open.spotify.com/playlist/1b8VbZwNw1KyypXc9gitDv
80's Gay Club Party,7cI1k7oUR6sQEUXZSGhEvj,Tom,https://open.spotify.com/playlist/7cI1k7oUR6sQEUXZSGhEvj
Gay Summer 26🌈🥂,4zVHPdqm5SWOswGKcnxqCR,ZackaryBinx,https://open.spotify.com/playlist/4zVHPdqm5SWOswGKcnxqCR
big gay summer 2026 🌈 ,5yNam9iCepfo1Fm40VVaca,Grace,https://open.spotify.com/playlist/5yNam9iCepfo1Fm40VVaca
Queer Country Bangers,65P7Fbv5JTYZDAQ85JZTWd,Queerty,https://open.spotify.com/playlist/65P7Fbv5JTYZDAQ85JZTWd
4th of July but Make it Gay,5kTj6KSz0r4MeMwCwxNzCM,Stevie Psyclone,https://open.spotify.com/playlist/5kTj6KSz0r4MeMwCwxNzCM
Gay ass shit 🏳️‍🌈🏳️‍🌈😱,7EKmMzQFImD9cB7WGLfLXt,JOE,https://open.spotify.com/playlist/7EKmMzQFImD9cB7WGLfLXt
ACTUAL wlw songs,69uWCfFs0F3JftpzfMJa2O,lynn,https://open.spotify.com/playlist/69uWCfFs0F3JftpzfMJa2O
Super Gay Country Songs,0H3rFf7wFK99k0vDEznOKC,Josh Lee,https://open.spotify.com/playlist/0H3rFf7wFK99k0vDEznOKC
Sexy Gay Songs to F**k,74mkmpQHTKCrZxwJ2lpxtg,A.D☆95,https://open.spotify.com/playlist/74mkmpQHTKCrZxwJ2lpxtg
Gay AI Country,2KMjEwR7kPHtP813l7x5rV,Phlip,https://open.spotify.com/playlist/2KMjEwR7kPHtP813l7x5rV
Gay Circuit Party,1HRviHpE6qgj30HfFXWcsd,Nelson Hernandez,https://open.spotify.com/playlist/1HRviHpE6qgj30HfFXWcsd
funny gay songs,6spicstRAF30VX1aSNYrGU,pizzabones,https://open.spotify.com/playlist/6spicstRAF30VX1aSNYrGU
Aggressively Lesbian Spicy Sapphic Bedroom Vibes,5aIM6LAtkPgv7D17BeiPC9,LilyVocative,https://open.spotify.com/playlist/5aIM6LAtkPgv7D17BeiPC9
🍍🥓 TOMTORD!!,1TuX05U6E7yQlvVCRxSWy3,N4T !!1!,https://open.spotify.com/playlist/1TuX05U6E7yQlvVCRxSWy3
 Gay Orgy Porn🍆Gay Party 2026 🐷Kinky Deep House ,6wq3T2VDDEnvzyUH4TuFHX,Gay Orgy,https://open.spotify.com/playlist/6wq3T2VDDEnvzyUH4TuFHX
Gay Sex,5tkWwiecaszdSByIgVo9Gx,your own kind of music,https://open.spotify.com/playlist/5tkWwiecaszdSByIgVo9Gx
femboy slutcore ♡⚣🏳️‍⚧️,0PP88wnIks7o8MJCbYOekc,𝓩𝓮𝓹𝓱𝔂𝓻 ♡,https://open.spotify.com/playlist/0PP88wnIks7o8MJCbYOekc
Gay Hyperpop 💖,2ZzJgNENxGOANuMPCJWMNb,Danny 🌿,https://open.spotify.com/playlist/2ZzJgNENxGOANuMPCJWMNb
lifting weights but make it ✨ gay ✨ ,1QPQfDheMZvjLoqutpTx7U,tommy,https://open.spotify.com/playlist/1QPQfDheMZvjLoqutpTx7U
Nick Mullen’s Best,1Cn4SV4zq6PygZ05UTZipG,Evan,https://open.spotify.com/playlist/1Cn4SV4zq6PygZ05UTZipG
🌈PRIDE CLASSICS🏳️‍🌈,3dIBDxYasCboR0JyCVMcxn,Jeremy Spates,https://open.spotify.com/playlist/3dIBDxYasCboR0JyCVMcxn
Motown Oldies | 50s + 60s Hits,0kTzXAnRHwxPCq67AUlZjq,MusicShunter,https://open.spotify.com/playlist/0kTzXAnRHwxPCq67AUlZjq
GAY GYM 💪🏼🏳️‍🌈,1IEEP0BLtOcz0KA5V6LdFx,KeiBelle,https://open.spotify.com/playlist/1IEEP0BLtOcz0KA5V6LdFx
tragically fated lovers,4ew9GdQf065E7b1fqdljIo,e!!,https://open.spotify.com/playlist/4ew9GdQf065E7b1fqdljIo
Antro Gay 🏳️‍🌈 PRIDE PARTY 2026🏳️‍🌈,5jwUDnEe6EmXQKoFZtsQ4F,VICKO TOCADISCOS,https://open.spotify.com/playlist/5jwUDnEe6EmXQKoFZtsQ4F
Nani Teri Morni Ko Mor Le Gaye,0ubGMMJL33iexN24gfYIUI,Moizee Khan,https://open.spotify.com/playlist/0ubGMMJL33iexN24gfYIUI
Pride Classics🏳️‍🌈Best LGBTQ+ Songs Playlist🏳️‍🌈Nostalgic Disco Fiver🏳️‍🌈Gay Pride Hits,5Bm5WlLT2jF5KQHezH0a6i,Seu Gosto Pop,https://open.spotify.com/playlist/5Bm5WlLT2jF5KQHezH0a6i
Loud Gay Music 🏳️‍🌈 Slayyyter x brat summer 2026 songs 🪩,0l0mRxWHc0dA6Nj8yBAJu9,Hunner,https://open.spotify.com/playlist/0l0mRxWHc0dA6Nj8yBAJu9
Best of Charity Gayle,3onmYoWtq8gmdF3RdXaerJ,Josh Robinson,https://open.spotify.com/playlist/3onmYoWtq8gmdF3RdXaerJ
cunty arabic songs,3KailSdD32y2jAnPpSLSNf,☆ grace ☆,https://open.spotify.com/playlist/3KailSdD32y2jAnPpSLSNf
marvin gaye Yearning,6UyRbm5dZuqEiVjDyTXC9z,nellie,https://open.spotify.com/playlist/6UyRbm5dZuqEiVjDyTXC9z
Euphoria Season 3 Soundtrack,2eGSH4YYsuuW9L2nrlUqLs,Soundtracker UK,https://open.spotify.com/playlist/2eGSH4YYsuuW9L2nrlUqLs
gay orgy in heaven,1p3hPcwtjRDTLZSlXEywrM,Nicholas Sebastian,https://open.spotify.com/playlist/1p3hPcwtjRDTLZSlXEywrM
Gay Sex Darkroom ⛓️ 40H,0z5DMaUAN8JOj1Tz1Rpafr,•,https://open.spotify.com/playlist/0z5DMaUAN8JOj1Tz1Rpafr
"90s/00s Gay Bar - Anthem, Divas, Circuit Party and Pride",5AHJkxZ8LK1IBMxnnU0A6C,Adolpho Blaire,https://open.spotify.com/playlist/5AHJkxZ8LK1IBMxnnU0A6C
Girly POP GAY Summer 2024,5GyX9d8xacKIvxGOdaCgI7,Erin Vandersteen,https://open.spotify.com/playlist/5GyX9d8xacKIvxGOdaCgI7
Sweat Remixed: Gay Workout Gym Mix,58RhuBgBDoA7AAR4HgarM6,Scott De Buitléir,https://open.spotify.com/playlist/58RhuBgBDoA7AAR4HgarM6
Key Changes That’ll Turn You Gay 🔑,1PjriQNqZtPOt51Hm80epB,Austin,https://open.spotify.com/playlist/1PjriQNqZtPOt51Hm80epB
🩸BLOODYMARY FIC💫,4WYkKZXVtNTahLeEZAGGch,MILES く⁠コ⁠:⁠彡,https://open.spotify.com/playlist/4WYkKZXVtNTahLeEZAGGch
Workout Playlist for the Girls & the Gays 💅🏼✨,3CaDaMM4NU73b0IVAZ4C42,Hayley Michie,https://open.spotify.com/playlist/3CaDaMM4NU73b0IVAZ4C42
gay sex house werk,4bjOw8p3S1dBYM0DsgPZXk,gaytranada,https://open.spotify.com/playlist/4bjOw8p3S1dBYM0DsgPZXk
"Amor, amor, amor, amor Yo quiero estar a tu lado Eres mi mejor regalo No hay otra que yo prefiero",7uzmL1H1lbPHOXSbzdqpD7,🍀 ᴄɪᴅᴇʀғɪsʜ!,https://open.spotify.com/playlist/7uzmL1H1lbPHOXSbzdqpD7
Slutty Gay Gym,0zhzte3gjUTEn1LjZuKl4Z,Steven van Wyk,https://open.spotify.com/playlist/0zhzte3gjUTEn1LjZuKl4Z
house music for the girls and the gays,3rb4IDwShIfqJTBWuwwKML,Eileen Huang,https://open.spotify.com/playlist/3rb4IDwShIfqJTBWuwwKML
sapphic taylor swift 🌈,5BjjHnAOOqwUUnXJtYwZd9,J.Teacake,https://open.spotify.com/playlist/5BjjHnAOOqwUUnXJtYwZd9
Marvin Gaye radio,15fygAQKNk1rrNltbVtuRV,Taylor Dip,https://open.spotify.com/playlist/15fygAQKNk1rrNltbVtuRV
M4M MSUB ,60VoX71LigTlKIk899mx1s,🥦deku🥦(dkbk ship💚🧡),https://open.spotify.com/playlist/60VoX71LigTlKIk899mx1s
70s Disco Party Mix,3IoxyivoTkr1s3WRjo03il,Mauro,https://open.spotify.com/playlist/3IoxyivoTkr1s3WRjo03il
CUNT (hyperslut),4mhG7eaUoDGAaJLO88vhAy,Moritz,https://open.spotify.com/playlist/4mhG7eaUoDGAaJLO88vhAy
Gay girl moaning ,71YQcyz8PjTBV5UxdkihTJ,🩵Lovey💙,https://open.spotify.com/playlist/71YQcyz8PjTBV5UxdkihTJ
CUNTY GAY POP PARTY [AUTOMIX],6Wis1UHjvTgtSfDhcUDfxl,jcub ✮⋆˙,https://open.spotify.com/playlist/6Wis1UHjvTgtSfDhcUDfxl
gay sex club music,1OaNh6FfOy6p9c8CBDkg1U,Nate Hahn,https://open.spotify.com/playlist/1OaNh6FfOy6p9c8CBDkg1U
🌈 country but make it gay,2M6ARkw1ShVXEvRXHwKct2,therealsophia,https://open.spotify.com/playlist/2M6ARkw1ShVXEvRXHwKct2
HOT GAY SUMMER 🏳️‍🌈,1gG4efv1n2k05ln5stVfv9,Spencer Minnick,https://open.spotify.com/playlist/1gG4efv1n2k05ln5stVfv9
gay 80's for queers,0vx2545WfwwKZnohC6MipL,Palo Piksa,https://open.spotify.com/playlist/0vx2545WfwwKZnohC6MipL
Gay dance club in the 80s,1CpZzT7zYng6HykCUlzVNo,George,https://open.spotify.com/playlist/1CpZzT7zYng6HykCUlzVNo
gaylor swift,53lwjM0yZpn3D1G5chSnjv,olivia grace,https://open.spotify.com/playlist/53lwjM0yZpn3D1G5chSnjv
You Grew Up With Country Music But Now You're A Gay Leftist,3VqN4TDNQKP9jUdTY1etEd,Bec Ember,https://open.spotify.com/playlist/3VqN4TDNQKP9jUdTY1etEd
"Otis Redding, Al Green, Marvin Gaye, Bill Withers",2fp5tz7xrSE16KK444F1jJ,12131720351,https://open.spotify.com/playlist/2fp5tz7xrSE16KK444F1jJ
Gay Pop Latino 🏳️‍🌈,4oC2oKMB27sGRQJXDZNl0O,Arturo Gomez,https://open.spotify.com/playlist/4oC2oKMB27sGRQJXDZNl0O
NAKAMURA OKUTO // PLAYLIST,54DfzvKciovyAL2uzuSvMr,Kira (Step up buddy!),https://open.spotify.com/playlist/54DfzvKciovyAL2uzuSvMr
Marvin Gaye and Tammi Terrell,1B3KVhhwnz2FYqrICmBDsV,robert.mostert2007,https://open.spotify.com/playlist/1B3KVhhwnz2FYqrICmBDsV
Traditional Korean Music,5j5slqdqBX7cbIITU2c0a1,The Traveling Teacher,https://open.spotify.com/playlist/5j5slqdqBX7cbIITU2c0a1
Soul Music - 60s & 70s,7Gw1Cnqll2rS761ZLKfaQ3,calvinwong1966,https://open.spotify.com/playlist/7Gw1Cnqll2rS761ZLKfaQ3
GAY SEX CLUB,0u8z65IFqyjrkZyfHLBTxQ,David Jesch,https://open.spotify.com/playlist/0u8z65IFqyjrkZyfHLBTxQ
gay club darkrooms  ,4nYga9wzzA1NW1WaRmoNsc,ron :^),https://open.spotify.com/playlist/4nYga9wzzA1NW1WaRmoNsc
wlw tension (SEXUAL)🫦,074sCtUk29fQp0BdkK0Gps,taylor624,https://open.spotify.com/playlist/074sCtUk29fQp0BdkK0Gps
GAYs & THEYs GYM PUMP,6tvStQMn5hZH9g5MVb2nBs,Zed,https://open.spotify.com/playlist/6tvStQMn5hZH9g5MVb2nBs
HOUSE MUSIC AT THE GAY CLUB,6Vns03cqqOovahJHsCOs36,Ada Alva,https://open.spotify.com/playlist/6Vns03cqqOovahJHsCOs36
HAILEY FERNANDES⭐️💋🎱🏋️‍♂️,4KA7OEJRkluEqXI1Mq9vqi,lily,https://open.spotify.com/playlist/4KA7OEJRkluEqXI1Mq9vqi
"60s-70s Soul -Otis Redding, Aretha Franklin, Sam Cooke,  Stevie Wonder, Bill Withers, Etta James+",24jYdQv2nFYmYUTYC7FLoU,danavinci,https://open.spotify.com/playlist/24jYdQv2nFYmYUTYC7FLoU
60s R&B/Soul Classics ,6ELimWd5NjSRD2iAkgg8tg,rswplaylists,https://open.spotify.com/playlist/6ELimWd5NjSRD2iAkgg8tg
"No Matter gay, straight or bi, lesbian transgender vibes!",5X9OioCo91xCApC0ioIke7,★ＣＫＩＫＡＺＵＫＡ★,https://open.spotify.com/playlist/5X9OioCo91xCApC0ioIke7
Gay Bops 🏳️‍🌈,1qIQRFbuU6EpjWbWPobmsm,Brandon Rosolowski,https://open.spotify.com/playlist/1qIQRFbuU6EpjWbWPobmsm
Gay Club: Go Go Dance Mixes ,6iccrrbO3rw39ByJpxnJaG,izikresendiz,https://open.spotify.com/playlist/6iccrrbO3rw39ByJpxnJaG
Duo songs we can sing together ,3rIfNuynmPEWg31vgFEdsh,Cin,https://open.spotify.com/playlist/3rIfNuynmPEWg31vgFEdsh
dead gay wizards from the 70s,2zSjxCO3fDgHAWFfpNVtQi,Vee <3,https://open.spotify.com/playlist/2zSjxCO3fDgHAWFfpNVtQi
Gay 90s Dance Music 👯🌈,5Kz6PEcqgXXSq7GCq7u4us,12167177299,https://open.spotify.com/playlist/5Kz6PEcqgXXSq7GCq7u4us
"Gay Love Songs, Girls About Girls",1wwUBO3p7sTXeuPyhppuhF,your own kind of music,https://open.spotify.com/playlist/1wwUBO3p7sTXeuPyhppuhF
POV: you're with your bestfriends!!,67QeFcb7kAw79Vf4a8pC5C,☆KAI THE GREAT☆,https://open.spotify.com/playlist/67QeFcb7kAw79Vf4a8pC5C
🏳️‍🌈Gay Circuit Dance Music,0EGl2MQtkURTbbPVXLYKbg,vip4me,https://open.spotify.com/playlist/0EGl2MQtkURTbbPVXLYKbg
Cumtown Gold,6W6PYXISBAdMGDDlpldphT,Piigeon,https://open.spotify.com/playlist/6W6PYXISBAdMGDDlpldphT
time for some freaky yaoi,6dp89aZ5u2wKSpccUxXufQ,That Daylight’s 1st ball hair,https://open.spotify.com/playlist/6dp89aZ5u2wKSpccUxXufQ
SO GAY: 90s Gay Club Anthems,7dqGSRnSpKBC79weL2TTVI,Megan Penmann,https://open.spotify.com/playlist/7dqGSRnSpKBC79weL2TTVI
Gayatri Mantra,3aSDUZpOFVR3Os0pS39V5J,Mario Lucio @mluciomg,https://open.spotify.com/playlist/3aSDUZpOFVR3Os0pS39V5J
Gay Lifting Mixxx✨🏳️‍🌈,3VVrqNLATj4cFYXNBzavDw,Sam Spooky,https://open.spotify.com/playlist/3VVrqNLATj4cFYXNBzavDw
gay deep house,2u5jsPzqbmESfvR8UPWkcS,maahouserecords,https://open.spotify.com/playlist/2u5jsPzqbmESfvR8UPWkcS
✨🏳️‍🌈Gay Lofi Bedroom🏳️‍🌈✨,7fYsP9J2XGRXph80l1zifA,aranjansen,https://open.spotify.com/playlist/7fYsP9J2XGRXph80l1zifA
Gloria Gaynor Greatest Hits,1PoI0ePP1Nk99AzfKqc2yg,Omen88,https://open.spotify.com/playlist/1PoI0ePP1Nk99AzfKqc2yg
Christian but in a gay leftist way ,5rOeKHIAPpliGcmVCSsVGv,jabberbox1234,https://open.spotify.com/playlist/5rOeKHIAPpliGcmVCSsVGv
all yugioh openings and endings,6HSCUSYCoV52VUimwCsdl3,celeste 🚒🌻,https://open.spotify.com/playlist/6HSCUSYCoV52VUimwCsdl3
PRIDE 2026 ANTHEMS 🏳️‍🌈🏳️‍⚧️ BRAT SUMMER PARTY 🌈🪩,5VNW7yCNsNGPfZgFR2FOuc,Filtr US,https://open.spotify.com/playlist/5VNW7yCNsNGPfZgFR2FOuc
Gay Chilled Sex Vibes I,5391O2HTJN10rEF05oMOG9,S. A. P.,https://open.spotify.com/playlist/5391O2HTJN10rEF05oMOG9
Songs that make gay people LOSE THEIR MINDS,4jkkbPU4q2Fn9OAwkGoSfo,Matt Stopera,https://open.spotify.com/playlist/4jkkbPU4q2Fn9OAwkGoSfo
gay pop before it was invented by JoJo siwa,79hlUOpDbV2FxTpRBVQlQb,Shay,https://open.spotify.com/playlist/79hlUOpDbV2FxTpRBVQlQb
Evil Gay Retard Mix,6TgsayeAuoqxLTpnuGxGym,swissrat,https://open.spotify.com/playlist/6TgsayeAuoqxLTpnuGxGym
Gay Running,6wtCrsLvM38HWGDLyhFiG4,Luke Runyon,https://open.spotify.com/playlist/6wtCrsLvM38HWGDLyhFiG4
overstimulating gay people music,5Ay5yYxyRXgwb1jK15EScO,me pt31,https://open.spotify.com/playlist/5Ay5yYxyRXgwb1jK15EScO
house music but make it gay,7r1mWDSYLDpmQatf8LCOdD,emma,https://open.spotify.com/playlist/7r1mWDSYLDpmQatf8LCOdD
remixes for the gays,1PpOz5m9uIeA4UD5IK6Pn2,Marc Wohlgemuth,https://open.spotify.com/playlist/1PpOz5m9uIeA4UD5IK6Pn2
Gay Bathhouse 💦,21e6ngTJH6UoxCHtfmXLKi,•,https://open.spotify.com/playlist/21e6ngTJH6UoxCHtfmXLKi
♡Playlist to read spicy BL manhwas♡,2VcrTNAsL4YNBO7WlK0yHj,°•Alexx•°,https://open.spotify.com/playlist/2VcrTNAsL4YNBO7WlK0yHj
Gay circuit sex party,5FxYEbacW6jBwCZtmwWq14,Llopeztravel,https://open.spotify.com/playlist/5FxYEbacW6jBwCZtmwWq14
Gay Men Singing about Men,3OqkbKsxGl8BKmefSXGeRR,Jason D. Clinton,https://open.spotify.com/playlist/3OqkbKsxGl8BKmefSXGeRR
sad gay songs when u feelin' depressed about being gay,0Pb1c7t58BDhbPrA8vQUsj,Aaron Nuñez,https://open.spotify.com/playlist/0Pb1c7t58BDhbPrA8vQUsj
wlw country music🏳️‍🌈,20vKtfWCpqmq59Wu8XRfXH,Gillian Bonner,https://open.spotify.com/playlist/20vKtfWCpqmq59Wu8XRfXH
late 90s early 2000s gay club music,2lTDMsgv3EhB2unXHXOU64,executive_realness,https://open.spotify.com/playlist/2lTDMsgv3EhB2unXHXOU64
Best Of Marvin Gaye,7q6dY1DprfK4rIR3vL9Xaq,Amirrad,https://open.spotify.com/playlist/7q6dY1DprfK4rIR3vL9Xaq
Gay Audio Books,3KoeeINIMaUIQ44JtkY0x1,Craig,https://open.spotify.com/playlist/3KoeeINIMaUIQ44JtkY0x1
500 Gay Disco Classics,4va8Pq8BijxkgKnwd0GvRQ,Joe Jervis,https://open.spotify.com/playlist/4va8Pq8BijxkgKnwd0GvRQ
Teenage MLM yearning </3,0V2BojXElH4vJKfyNvfS5U,⭐️.Ḅëṅ‧.ೃ࿔*:･,https://open.spotify.com/playlist/0V2BojXElH4vJKfyNvfS5U
Gay Anthems Remixes 90s & 2000s,3BfAW9AZjnAVcytLnpShQb,Matt Milner,https://open.spotify.com/playlist/3BfAW9AZjnAVcytLnpShQb
90's Gay Bar 🌈,122cSmAlsIeTJKOkPUrOhC,Jessa Jupiter Flux,https://open.spotify.com/playlist/122cSmAlsIeTJKOkPUrOhC
80s gay club,36DVmwB5IROXkJtGaEFwyP,Daniel Todd,https://open.spotify.com/playlist/36DVmwB5IROXkJtGaEFwyP
Sex vibe for gay 🥵 EDM,2RIgzifLBxc2l6NnH0boBQ,Brice SK,https://open.spotify.com/playlist/2RIgzifLBxc2l6NnH0boBQ
Country songs that made you (more) gay,3ZWYV4XqiXYbG9nA2v0d75,Matt Stopera,https://open.spotify.com/playlist/3ZWYV4XqiXYbG9nA2v0d75
ANGSTY SAD SHIP SONGS,6J9bgzQSnaJxVndIJIkMKa,ĶªŤªMªŔÎ...@✖🚬✂️,https://open.spotify.com/playlist/6J9bgzQSnaJxVndIJIkMKa
Gay Classics and Oldies,1bvWrCsb8Y6nI1wP5vRO8d,Manuel De León,https://open.spotify.com/playlist/1bvWrCsb8Y6nI1wP5vRO8d
Masc lesbian energy🍒,3K3xdiLbEPOG3RtgC2q4Xh,rootlikestars,https://open.spotify.com/playlist/3K3xdiLbEPOG3RtgC2q4Xh
🏳️‍🌈 Gay Road Trip 🏳️‍⚧️,6aIfihdp49MUY3Oe8g5kYm,Mith,https://open.spotify.com/playlist/6aIfihdp49MUY3Oe8g5kYm
the gay club mix,79oTk1mckQsGVjcQJbOlHm,luke bowman,https://open.spotify.com/playlist/79oTk1mckQsGVjcQJbOlHm
Girly POP GAY Summer 2025,0kUQwS7378RCb0od1g8WZm,REDLIGHTS,https://open.spotify.com/playlist/0kUQwS7378RCb0od1g8WZm
80s gay disco anthems,4MsGUYrs2ONFsqYtO5oyKp,gracebellhouse,https://open.spotify.com/playlist/4MsGUYrs2ONFsqYtO5oyKp
Charity Gayle - Best Of Worship Mix,7bDRjrj9YkglXGy3F3q8E1,The Fuel Music,https://open.spotify.com/playlist/7bDRjrj9YkglXGy3F3q8E1
Marvin Gaye Best Of,1zbWXC3vA59NiMb1CkFQQE,Marvin Gaye,https://open.spotify.com/playlist/1zbWXC3vA59NiMb1CkFQQE
365 PARTYGIRL,6LeUwNReuI9TAQjWSEhZOW,blueboyfm,https://open.spotify.com/playlist/6LeUwNReuI9TAQjWSEhZOW
Gay Clubbing 2026,6swqP7L47bcjLHVqiRQ3FZ,my.charts.music,https://open.spotify.com/playlist/6swqP7L47bcjLHVqiRQ3FZ
I ain’t gay but I do gay stuff 🤑,1IDByv32JaRXgLvaAwX9tR,lucia,https://open.spotify.com/playlist/1IDByv32JaRXgLvaAwX9tR
gay clubbing 🏳️‍🌈🏳️‍⚧️,3TRLJd3dOF8cluiIGVjQBz,Bren.dances 🫶,https://open.spotify.com/playlist/3TRLJd3dOF8cluiIGVjQBz
GAY GYM SHIT ✨🌈✨,4NjyvaJPzz0UzkjY8bXTux,Gaga,https://open.spotify.com/playlist/4NjyvaJPzz0UzkjY8bXTux
summer cunty queer camp pop,0QdiRZ7KJLnoLJpojvs1sd,christine,https://open.spotify.com/playlist/0QdiRZ7KJLnoLJpojvs1sd
OUT-FIT Gay Workout Mix (Pride 2023),6xCCWLF40dM9q0KTAuI8C1,Todd Brandon Morris,https://open.spotify.com/playlist/6xCCWLF40dM9q0KTAuI8C1
gay furry music :3,26WSAQjmAwdbc9QOHZwAMt,Juno,https://open.spotify.com/playlist/26WSAQjmAwdbc9QOHZwAMt
Kitchen Funk,45lwlAuR1zMlHTCyJpCEDm,Jeff Shelby,https://open.spotify.com/playlist/45lwlAuR1zMlHTCyJpCEDm
Gay Chilled Sex Vibes II,07e2D3wO1j1gs4WvTBp9Pu,S. A. P.,https://open.spotify.com/playlist/07e2D3wO1j1gs4WvTBp9Pu
for the clubbing girls and gays,4woAJ4PJCqBrcveEKgvJk2,Aslan,https://open.spotify.com/playlist/4woAJ4PJCqBrcveEKgvJk2
gay club,4FOSYCBZJblyhI7IuCfVQa,tata,https://open.spotify.com/playlist/4FOSYCBZJblyhI7IuCfVQa
young hearts playlist⭐,4xLNOVZSxayl3GqnLoEsll,🪷Kiko🪷,https://open.spotify.com/playlist/4xLNOVZSxayl3GqnLoEsll
Abra — Gayuma,58ideqtRcvgnemN7qwNNvC,Rhenz Tolaresa,https://open.spotify.com/playlist/58ideqtRcvgnemN7qwNNvC
gaylor,3dJxgeQLqhVGU6ru4Gfeff,sunny,https://open.spotify.com/playlist/3dJxgeQLqhVGU6ru4Gfeff
Astronaut in the Ocean Gay Parody,4odC0odYXGvSdDp4rajI5o,Sawyer Van Steenburgh,https://open.spotify.com/playlist/4odC0odYXGvSdDp4rajI5o
Workout Music Gay/Club Remixes,2LL1gueqzYCIphOIuC21fa,Brandon,https://open.spotify.com/playlist/2LL1gueqzYCIphOIuC21fa
"Best of War, Tower of Power, Earth Wind & Fire, Bloodstone, Malo, Rose Royce, Al Green, Marvin Gaye, Terra, Santana etc.",5DHHAURvrxYxLkp2fJuMj0,Terry Lira,https://open.spotify.com/playlist/5DHHAURvrxYxLkp2fJuMj0
girls who are boys who like boys to be girls,5ZUAz249CIvgxWcdVBVNUS,amamamamanda,https://open.spotify.com/playlist/5ZUAz249CIvgxWcdVBVNUS
"Gay Love Songs, Boys About Boys - Vol. 1",44fyZgwOLOd6CNzEmOqMR0,your own kind of music,https://open.spotify.com/playlist/44fyZgwOLOd6CNzEmOqMR0
Gay Pride 2026 🏳️‍🌈,6WsGHXP9XNElD368wZLhLE,Paulepopstar,https://open.spotify.com/playlist/6WsGHXP9XNElD368wZLhLE
70s Gay Bar,3eQVjtzCo1jn45QOlCyl0i,Turner,https://open.spotify.com/playlist/3eQVjtzCo1jn45QOlCyl0i
gay midwest emo ,0mMaOnm7Gaue8ko5Szt2Gz,alma,https://open.spotify.com/playlist/0mMaOnm7Gaue8ko5Szt2Gz
Gay Pride Disco,14N6iKjhVokksnd7N0T1a9,micahsmile,https://open.spotify.com/playlist/14N6iKjhVokksnd7N0T1a9
TRANSMASC MLM,1sAjZmaXp9vTRdpVWFiKbR,MochaMIMI,https://open.spotify.com/playlist/1sAjZmaXp9vTRdpVWFiKbR
Some Loud Gay Sh*t (Mixed Slaylist) ,3JSyUkR4U4Up7BEEq2nRBB,Andrew,https://open.spotify.com/playlist/3JSyUkR4U4Up7BEEq2nRBB
QSMP 2,3NT8KDf2JDOBoeOZ1vVKXm,Jazmiiin,https://open.spotify.com/playlist/3NT8KDf2JDOBoeOZ1vVKXm
girl in red playlist,3XWJus3q2YZYwxIK6FrKMj,kyle (he/him),https://open.spotify.com/playlist/3XWJus3q2YZYwxIK6FrKMj
Blueberry Gaygo,7q5lGflXgMqcRTqudqnJvz,BlasterBoy95,https://open.spotify.com/playlist/7q5lGflXgMqcRTqudqnJvz
gay techno underground,2lgoELkyzFqK1WLIgdFato,morgan,https://open.spotify.com/playlist/2lgoELkyzFqK1WLIgdFato
Closeted gay teens,5cF2ji4K45d7rguF2Lllsb,*𓆣dante𓆣*,https://open.spotify.com/playlist/5cF2ji4K45d7rguF2Lllsb
GAY PRIDE 🏳‍🌈 Made in México 🇲🇽,3bj2DY1K7cMJRCR46Xz4Ah,Jose E. Antonio,https://open.spotify.com/playlist/3bj2DY1K7cMJRCR46Xz4Ah
DAMN IT FEELS GOOD TO BE GAY,7hZsKbx3g2PyP9il2YYE4H,Zolita,https://open.spotify.com/playlist/7hZsKbx3g2PyP9il2YYE4H
Marvin Gaye & Tammy Terrell,5emuuo015SJtE7hMgh5DYE,bchtoy757,https://open.spotify.com/playlist/5emuuo015SJtE7hMgh5DYE
the best of marvin gaye & tammi terrell 20th century masters the millennium collection,3gtzg8RON2jCHttmWSHWAX,Ryan Gonsalves,https://open.spotify.com/playlist/3gtzg8RON2jCHttmWSHWAX
Have I ever told you about my gay jesus theory?,59u81iNudvI4sdaNgivUdS,Slex,https://open.spotify.com/playlist/59u81iNudvI4sdaNgivUdS
my DJ set,0q5MOALkydPUreoOk3XyGk,johny *:･ﾟ✧,https://open.spotify.com/playlist/0q5MOALkydPUreoOk3XyGk
The Best LGBTQ First Dance Songs,57O4EMuQ3RHg2dABPFFZik,Hitched,https://open.spotify.com/playlist/57O4EMuQ3RHg2dABPFFZik
Gay HARD Sex.,3SuuhrUIOh1VEKjT3HF9UL,Juan Aguilar,https://open.spotify.com/playlist/3SuuhrUIOh1VEKjT3HF9UL
Gay Sex Techno,7GOGbd63jx8cUYK2M7bxog,Mister Paddy,https://open.spotify.com/playlist/7GOGbd63jx8cUYK2M7bxog
SLEAZY SEX BEATS - A DUNGEON SOUNDTRACK ⛓,7z83uTm7ZAE29xwrjRSCbm,Rob Goodman,https://open.spotify.com/playlist/7z83uTm7ZAE29xwrjRSCbm
Gay Leather Bar 🎹,5IzH61153y4lkw5HClq4r1,Fab_and_Beardsy,https://open.spotify.com/playlist/5IzH61153y4lkw5HClq4r1
GayTrax,4bmHUQM6Ts4AW8dCyobVts,Adrian Moreau,https://open.spotify.com/playlist/4bmHUQM6Ts4AW8dCyobVts
Clean Gay at Work!,3qRbfBiHXjjJkZ1CeWXGky,carralr,https://open.spotify.com/playlist/3qRbfBiHXjjJkZ1CeWXGky
TRIBAL HOUSE 2026 🌈 Gay Party Hits Lili Black Fresh Jungle High Guapo,5qv3shMteHsHwwKmLq5GoU,Victor Oliveira,https://open.spotify.com/playlist/5qv3shMteHsHwwKmLq5GoU
BKDK podfics,5fQdaYPNck0CnTRUbJ1viW,💥🧡Katsuki Bakugo💚💥{BUSY}💍|ifb,https://open.spotify.com/playlist/5fQdaYPNck0CnTRUbJ1viW
Top Christian Hits 2026,2pSyH88y4nAYMS0b81cnbx,Reggie George,https://open.spotify.com/playlist/2pSyH88y4nAYMS0b81cnbx
The Ultimate Gay Male Sex Party,5inDxh3zFAX3yqGZnTZpoa,David Anderson - MusicMovies&Gay,https://open.spotify.com/playlist/5inDxh3zFAX3yqGZnTZpoa
GAY EDM,2nmWTItYNppuKaWVkQEZqo,patty_hans,https://open.spotify.com/playlist/2nmWTItYNppuKaWVkQEZqo
GAY SEX TECHNO 🥵,39aaRA3474d02VuyYaAZKa,•,https://open.spotify.com/playlist/39aaRA3474d02VuyYaAZKa
Gay Pride Classics,1IIAcrP0iYwgp2rCPPgEos,Yohomo,https://open.spotify.com/playlist/1IIAcrP0iYwgp2rCPPgEos
gay club music,1Us3uyaOGO6FWPLBMrXq1K,jasmim.,https://open.spotify.com/playlist/1Us3uyaOGO6FWPLBMrXq1K
Summer Vibes / Gay Pool Party,7dfbVGyEPAvLN5pkf6Hc8r,Stef,https://open.spotify.com/playlist/7dfbVGyEPAvLN5pkf6Hc8r
Koi mil gaya,1pMbSRkKLDSKBqs4llg69W,Piu,https://open.spotify.com/playlist/1pMbSRkKLDSKBqs4llg69W
sunday cleaning for gay people,3ZBD73fmP6nMphS9sKwVpg,boog,https://open.spotify.com/playlist/3ZBD73fmP6nMphS9sKwVpg
Our Lesbian Wedding (ft. v gay music),6yfP0QGYDOtBZBgVRWtopj,LauraCupcake,https://open.spotify.com/playlist/6yfP0QGYDOtBZBgVRWtopj
4 Min Gay Story: The Complete Saga,2x9q5ALhOJrZsto0ezho5N,Mr. Tardyman,https://open.spotify.com/playlist/2x9q5ALhOJrZsto0ezho5N
Deva Premal — Gayatri Mantra,2smxaZ1SerSgUJdVtRaTKJ,Adri López,https://open.spotify.com/playlist/2smxaZ1SerSgUJdVtRaTKJ
Loud overstimulating gay pop,011T2KoefjsixNMOLyJlnP,Jujubee (real),https://open.spotify.com/playlist/011T2KoefjsixNMOLyJlnP
Cunty Gaylist Pride 🌈,2xnDjUtuOXmLDvgsEsLV7M,Eliza B,https://open.spotify.com/playlist/2xnDjUtuOXmLDvgsEsLV7M
October London and Marvin Gaye - R & B,136ErbKnSKiIRqcA20WaVl,rudyreece5,https://open.spotify.com/playlist/136ErbKnSKiIRqcA20WaVl
good slam that isnt gay,3Mc3S8lT5QvdXjt5JnXfqr,dick black,https://open.spotify.com/playlist/3Mc3S8lT5QvdXjt5JnXfqr
gooncore,10pn5xbsC0p8HxHvGx6uyT,gonna goon,https://open.spotify.com/playlist/10pn5xbsC0p8HxHvGx6uyT
I Speak Jesus - Powerful Worship,0VIW7pBnXwxZ21FnNTU8dk,Danny Lugger,https://open.spotify.com/playlist/0VIW7pBnXwxZ21FnNTU8dk
Metal But Make It Cute,4Hdj9LlDELcZUnxkG6ypJS,Starbloom,https://open.spotify.com/playlist/4Hdj9LlDELcZUnxkG6ypJS
POV: ur gay panicking🏳️‍🌈,6CHLfunnuGqoJgK0sSkTNe,Luna<3,https://open.spotify.com/playlist/6CHLfunnuGqoJgK0sSkTNe
Gay Country,5a1vh1CdhzWLCPYuVu9nMw,legrandroi,https://open.spotify.com/playlist/5a1vh1CdhzWLCPYuVu9nMw
Gay Disco House,59hxIUVMvnBl6Zgv8f4xYa,Michael Alvarez,https://open.spotify.com/playlist/59hxIUVMvnBl6Zgv8f4xYa
Gay Male Romance,3f3l1Jfd0g6dJVSEiyNcEU,AuthorCMMoore,https://open.spotify.com/playlist/3f3l1Jfd0g6dJVSEiyNcEU
soda pop but gay,12nvHdhRYFg58jExoWU6K3,yo whas up bro,https://open.spotify.com/playlist/12nvHdhRYFg58jExoWU6K3
gay pop that everyone should know ,1ROYCxzfXTBKYyXwhnYvGL,cleo carrera lee,https://open.spotify.com/playlist/1ROYCxzfXTBKYyXwhnYvGL
Musica de gays🌈,66OFo54soNLZWcYSpBlFLt,Alejandro Gonzalez,https://open.spotify.com/playlist/66OFo54soNLZWcYSpBlFLt
Tragic doomed to die love,4imNCMX3YnrwmEcbqVaPzl,Sophiya🍄♊️🎶,https://open.spotify.com/playlist/4imNCMX3YnrwmEcbqVaPzl
hivemind hyperpop bracket,6mxmIqxzDcR4ViWZoz2HoD,HatredInMyGut,https://open.spotify.com/playlist/6mxmIqxzDcR4ViWZoz2HoD
GAY ANTHEMS,3unWhWfWvs8UGxLGZoaFYF,Tommy Bullen,https://open.spotify.com/playlist/3unWhWfWvs8UGxLGZoaFYF
Gay Bathhouse,2sIKO5VnYR2zJaTGTL1lFI,Koda 🐶,https://open.spotify.com/playlist/2sIKO5VnYR2zJaTGTL1lFI
Lat lag gayee,2uXKOiKm6Nm9bRA2RRtpGm,riyah,https://open.spotify.com/playlist/2uXKOiKm6Nm9bRA2RRtpGm
upbeat gay pop ,4L8YYj1bvV0WH8VrpnLuWx,jay,https://open.spotify.com/playlist/4L8YYj1bvV0WH8VrpnLuWx
Gay Beach Day 🏖️💕🌈,6n8AvUFEpIPqBlYCRiru6Z,PrincessSharixx,https://open.spotify.com/playlist/6n8AvUFEpIPqBlYCRiru6Z
Gay Ass Pool Party,5aa5Bpso3Ykjix2Yk7boxX,Wil Brintnall,https://open.spotify.com/playlist/5aa5Bpso3Ykjix2Yk7boxX
"""All he eat is d!ck, he's on a strict diet"" | THE Suguru Geto playlist",36TTaYlHavKBVybswncjU5,sad faggot,https://open.spotify.com/playlist/36TTaYlHavKBVybswncjU5
Gay wedding essentials,1fAcIScYUiLUBLWb0VXZFC,Matt Stopera,https://open.spotify.com/playlist/1fAcIScYUiLUBLWb0VXZFC
Every Charity Gayle Song,46BosPHlnA44Aj4bk8YAzv,D,https://open.spotify.com/playlist/46BosPHlnA44Aj4bk8YAzv
"metal girlies, gays, and they’s 🤘🏼",0N1FdMyXy3u7XqVRfT4GXd,Katie Orlic,https://open.spotify.com/playlist/0N1FdMyXy3u7XqVRfT4GXd
Gay Party 2026 · Pride Charts 2026 · Happy Pride Month 🏳️‍🌈 ,0HEwhu3gFPdAxNHvdI3iYv,my.charts.music,https://open.spotify.com/playlist/0HEwhu3gFPdAxNHvdI3iYv
Gay bathhouse  club/house,6fhNbbzonMNJPOAHT9DyET,Delight,https://open.spotify.com/playlist/6fhNbbzonMNJPOAHT9DyET
90's and 00's Gay Circuit Party,7Kk5Ta8827ycyzU33EotFg,Er Ik,https://open.spotify.com/playlist/7Kk5Ta8827ycyzU33EotFg
"the girls, the gays, and bbno$",3ZBa8r0nlYIWgjqnlL2U4x,Ivy Strausberg,https://open.spotify.com/playlist/3ZBa8r0nlYIWgjqnlL2U4x
I think that I just got more gay 🌈,0n1G2wblQFijm0d1V1nGu4,Vania CH,https://open.spotify.com/playlist/0n1G2wblQFijm0d1V1nGu4
Good omens? More like GAY omens,5Q2NmPU7MIS15P21gQHMPL,Tuvis nuvis,https://open.spotify.com/playlist/5Q2NmPU7MIS15P21gQHMPL
ur so gay and u don’t even like boys,2phCDRvnNECtAgKkX2t34u,lanacarter,https://open.spotify.com/playlist/2phCDRvnNECtAgKkX2t34u
songs about Karlie Kloss! and other gay songs,00yPGawo4NWgFO4Z98auNE,Luchi,https://open.spotify.com/playlist/00yPGawo4NWgFO4Z98auNE
Marvin Gaye's clueless ass,2Kwh1x3ijK54UcI1aHji51,Diego,https://open.spotify.com/playlist/2Kwh1x3ijK54UcI1aHji51
PRIDE ANTHEMS 2026 🌈,1bVeqd1etHvNZJ2Ivl0C9q,Frederik,https://open.spotify.com/playlist/1bVeqd1etHvNZJ2Ivl0C9q
Campy Gay Disco,2Q6H73JQMMoqeQbnyhSRmo,wes.mcclarren,https://open.spotify.com/playlist/2Q6H73JQMMoqeQbnyhSRmo
Gay Hits of the 2000s · Queer Pop Pride Party,4qVxvW8DqzzXBQyOq7Pypn,my.charts.music,https://open.spotify.com/playlist/4qVxvW8DqzzXBQyOq7Pypn
explosively gay pop for running,2ZSGUVDxCaBT4nADUOnjh5,prestonmelchert,https://open.spotify.com/playlist/2ZSGUVDxCaBT4nADUOnjh5
karaoke night gaylist!!!!🏳️‍🌈🏳️‍🌈🏳️‍🌈🎤🎤🎤🎶🎶🎶,6RqPcJmBTgJfSpdPpGdyoS,Cynthia Malta,https://open.spotify.com/playlist/6RqPcJmBTgJfSpdPpGdyoS
aggressively gay cardio,17ahrtzaCxmznUOK8K9XJ2,BeKindRewind,https://open.spotify.com/playlist/17ahrtzaCxmznUOK8K9XJ2
Just like Music (feat. Marvin Gaye),3IKABMPTTPKLnoJhbqthZ1,geeespotify,https://open.spotify.com/playlist/3IKABMPTTPKLnoJhbqthZ1
Yearning like Marvin Gaye💝,7qHj5O6YG6OqdQOxYOYGvm,Eliza Swanson,https://open.spotify.com/playlist/7qHj5O6YG6OqdQOxYOYGvm
 PRIDE POOL PARTY🏳️‍🌈,3X0roYD0uvVDn16gYgB2uU,Alessandro Bentivegna,https://open.spotify.com/playlist/3X0roYD0uvVDn16gYgB2uU
mathcore sassgrind,6WsqLD9lscWGWp6FrlMsaM,bellypoo ♔,https://open.spotify.com/playlist/6WsqLD9lscWGWp6FrlMsaM
Gay Bathhouse Bangers,3Y8IaJ6Sau7yUhVgNS38JF,Kyle Christopher Liu,https://open.spotify.com/playlist/3Y8IaJ6Sau7yUhVgNS38JF
gay r&b 👩‍❤️‍💋‍👩🏳️‍🌈,6KcPKjdvIwgzgrDLtfyxCu,chloe1,https://open.spotify.com/playlist/6KcPKjdvIwgzgrDLtfyxCu
gay pop forever,2GgPWhcOQmbWxbVGDld2I4,matt bernstein,https://open.spotify.com/playlist/2GgPWhcOQmbWxbVGDld2I4
gay indie rock band vibes,2XyQDNRpslSs6MD9I7BLXd,isa_x,https://open.spotify.com/playlist/2XyQDNRpslSs6MD9I7BLXd
Pluma pluma gay,51gQIlDLTGr5DzYKS27Cv4,Yuyubeen,https://open.spotify.com/playlist/51gQIlDLTGr5DzYKS27Cv4
Marvin Gaye — Sexual Healing,1rYeeJCaktW3orQXVrcHTk,Laura Anker,https://open.spotify.com/playlist/1rYeeJCaktW3orQXVrcHTk
"For the girls, gays, and theys",6tM0UixL6Q09N1KKFAA0gt,Alyssa Kwiatkowski,https://open.spotify.com/playlist/6tM0UixL6Q09N1KKFAA0gt
Al Green & Marvin Gaye mixes,23FDiRfnK5C18yDki3aD4c,Unclebillyrowell,https://open.spotify.com/playlist/23FDiRfnK5C18yDki3aD4c
MARIAH CAREY Dance Remixes,6AEhzUjYxpNN8ZQnIR1dwH,pauldavid,https://open.spotify.com/playlist/6AEhzUjYxpNN8ZQnIR1dwH
boy loving trans boys,1ID9nMjqF7eaGm635Rtc5G,Th3s3Us,https://open.spotify.com/playlist/1ID9nMjqF7eaGm635Rtc5G
Cowboys Secretly Knockin’ Boots in the Barn (Gay Cowboy Sex),5EIEzDD5x54pcniCW6FMot,Jarrett,https://open.spotify.com/playlist/5EIEzDD5x54pcniCW6FMot
Gay Sex Party 💪,5nVIOjxJ0Y31e5a9u1rAbh,•,https://open.spotify.com/playlist/5nVIOjxJ0Y31e5a9u1rAbh
GAY GYM SHIT,2klt46W8YRmkYAeiW6o0c6,Nike Chapman,https://open.spotify.com/playlist/2klt46W8YRmkYAeiW6o0c6
i <3 soft gay love songs,6XPQNqaeFh1HU73i80r3FA,✧bee✧,https://open.spotify.com/playlist/6XPQNqaeFh1HU73i80r3FA
gay yearning except i have good taste,5ufswTVQhg9KMfGL2QNWCb,bucky :+),https://open.spotify.com/playlist/5ufswTVQhg9KMfGL2QNWCb
Gay fourth of July party,1nE1Hdi0lz6hGwgSSYDRkg,Anthony Gino Tschopp,https://open.spotify.com/playlist/1nE1Hdi0lz6hGwgSSYDRkg
BUT IT'S GAY,65DCbKEWqqQwiUn8tCbt7K,Totally not Reinaeiry,https://open.spotify.com/playlist/65DCbKEWqqQwiUn8tCbt7K
The Gayest Lesbian Workout Playlist,360HYeh5DUsSbITQ3fSTrk,carina <3,https://open.spotify.com/playlist/360HYeh5DUsSbITQ3fSTrk
Vladivostok FM (The Ballad of Gay Tony),4vWLElG74L4lPefJYXrvB7,Ruzaini Hilman,https://open.spotify.com/playlist/4vWLElG74L4lPefJYXrvB7
QUIET STORM,08Cjz4fB9r7NPzUd5IHCQN,Playlist,https://open.spotify.com/playlist/08Cjz4fB9r7NPzUd5IHCQN
Gay Christmas Songs,1E3ODkrF5gSiLwV4kG6rz3,Shlorm,https://open.spotify.com/playlist/1E3ODkrF5gSiLwV4kG6rz3
Gay Pride Remixes & Thangs,3iUuqkKuObGowmAUtGgUos,Kevin T,https://open.spotify.com/playlist/3iUuqkKuObGowmAUtGgUos
BARSANE KI CHORI❤️|SAB SAKHIYAN MEIN RADHA JI PYARI 💫 KARKE ISHARO BULAYE GAYI RE ,0Nvur5OWTgd8Qzu0Owodg4,ig - vipinkumar2307,https://open.spotify.com/playlist/0Nvur5OWTgd8Qzu0Owodg4
🏳️‍🌈🌈 ACTUALLY GAY GYM MUSIC🌈🏳️‍🌈,2awKxKgzkQS1GKEodxrkJy,Ceòl Gàidhlig,https://open.spotify.com/playlist/2awKxKgzkQS1GKEodxrkJy
"my gym playlist for the girls, the gays, and  the theys ",3Fi3Pg38FKGxG9Fo0ByqlG,monique,https://open.spotify.com/playlist/3Fi3Pg38FKGxG9Fo0ByqlG
Marvin Gaye — The Star Spangled Banner - Live (1983 NBA All-Star Game),73LpoiSw1FtItClmRU2i9v,Oc.jackson@att.net,https://open.spotify.com/playlist/73LpoiSw1FtItClmRU2i9v
"james ""prongs"" potter coded",2eCPBafFMZH9UhnUPiVbzZ,𝓙𝓾𝓵𝓲𝓮𝓽𝓽𝓮ִֶָ ⠀✃๋࣭ ⭑𓂃۶ৎ,https://open.spotify.com/playlist/2eCPBafFMZH9UhnUPiVbzZ
Mamonas Assassinas - Só as melhores - Brasilia Amarela,4YrX1CepN6nC9gZmh9mOkJ,Mariah Vieira Monteiro,https://open.spotify.com/playlist/4YrX1CepN6nC9gZmh9mOkJ
leon kennedy moaning for 8 hours,1QezkJlDEjns8x653XLOo5,! toby !,https://open.spotify.com/playlist/1QezkJlDEjns8x653XLOo5
"🌈 Musicals, but queer 🌈",5UmpCLCKtLBsPkj5xeG8rb,entrombone,https://open.spotify.com/playlist/5UmpCLCKtLBsPkj5xeG8rb
Gay Sex Darkroom ⛓️ MIX,0VUqKRzJKADCk9FwWyW6zE,•,https://open.spotify.com/playlist/0VUqKRzJKADCk9FwWyW6zE
CALL ME GAY BUT YOUR DAD TEXTS ME HEY🙌🏽,3gAwWRNnQXJbv7hQT6oFc3,❤🩹🤕,https://open.spotify.com/playlist/3gAwWRNnQXJbv7hQT6oFc3
👑 Pop Gay Divas 👑,7JtGATwmqOxU9aenhQiOlb,Gean Rodrigues,https://open.spotify.com/playlist/7JtGATwmqOxU9aenhQiOlb
Spotify Mixed: Gay Vibes,6zXODjlWiHZTFpOl9FyNy5,Sean Toner,https://open.spotify.com/playlist/6zXODjlWiHZTFpOl9FyNy5
vogueing with the gays in the club,5WJJHmUxT1DpUvwGSCtxmI,Natalia Bednarczyk,https://open.spotify.com/playlist/5WJJHmUxT1DpUvwGSCtxmI
bedazzled,7kzOQrSX11U1dbm5e85Axr,rainednatasha,https://open.spotify.com/playlist/7kzOQrSX11U1dbm5e85Axr
Radio San Juan - GTAIV / TLaD / TBoGT Radio,1DT3eNgEyXsjKJgHNBji2B,arflex75,https://open.spotify.com/playlist/1DT3eNgEyXsjKJgHNBji2B
enemies to lovers (hero × villain),1dPaOTLWoS960k9KAC9eUQ,Sydney,https://open.spotify.com/playlist/1dPaOTLWoS960k9KAC9eUQ
Faggoty Workout Music,3dXZwZwJ3n87dfo5n7Ccxt,trey henderson,https://open.spotify.com/playlist/3dXZwZwJ3n87dfo5n7Ccxt
🪐emo sleep music🪐,1jHfk7bAwuNALZ5jzVlqvd,vivi,https://open.spotify.com/playlist/1jHfk7bAwuNALZ5jzVlqvd
Gay Pop 2026,0XFYD5hqgsSsXboCpqeTZa,my.charts.music,https://open.spotify.com/playlist/0XFYD5hqgsSsXboCpqeTZa
GAY CARDIO WORKOUT,7LQ4z0gZssFoB4SXIEQjhH,gelfball,https://open.spotify.com/playlist/7LQ4z0gZssFoB4SXIEQjhH
"80s/90s Gay Bar - Divas, Anthems, Gay Nights, Circuit Party and Pride",4WtndrDwbQ5nXXCg20g7Yu,Adolpho Blaire,https://open.spotify.com/playlist/4WtndrDwbQ5nXXCg20g7Yu
Upbeat Gay Bar Dance Party,3A4kbhcorlriSiCqma8xIX,Chelsea,https://open.spotify.com/playlist/3A4kbhcorlriSiCqma8xIX
CALL ME GAY BUT UR DAD TEXT ME HEY,5YZfuGq606a97HLeJbCTYg,angelanxiety,https://open.spotify.com/playlist/5YZfuGq606a97HLeJbCTYg
We have gay club at home (mixed playlist) ,5tp2qBuvVq7NeKf3bXaYxa,Justin Sweeney,https://open.spotify.com/playlist/5tp2qBuvVq7NeKf3bXaYxa
"🍰""baking cookies for my love, i stir a mix!"" fruitcake DW ship playlist!🍓{some songs r suggestive}",0cMEt2pbf6cFIqvWdeOlQq,💚✨~ just monika ~ ✨💚,https://open.spotify.com/playlist/0cMEt2pbf6cFIqvWdeOlQq
Live at Montreux – The Essential Tracks,2ixXgjdBDj0FUObXsTP3sP,Montreux Jazz Festival,https://open.spotify.com/playlist/2ixXgjdBDj0FUObXsTP3sP
GAY BDSM HARD SEX,7KpgmFR3Rxx4ESljJTPtmX,•,https://open.spotify.com/playlist/7KpgmFR3Rxx4ESljJTPtmX
rough gay sex,1d3X6F4cHUIP5O8GynLGgD,Rae🌷,https://open.spotify.com/playlist/1d3X6F4cHUIP5O8GynLGgD
Gay fnaf songs,5BBFmF8bvRdlRs0V4EgrAM,Pandemonium at door 30,https://open.spotify.com/playlist/5BBFmF8bvRdlRs0V4EgrAM
"Ni Maye Dil Le Gaya Koi ❤️‍🔥[Boyfriend] ~ Karan Aujla, P-Pop Culture, Love Romantic Punjabi Songs 2025",07GPyXBbnEqkMImO4UxVgf,#Vibes,https://open.spotify.com/playlist/07GPyXBbnEqkMImO4UxVgf
Lets marvin gaye & get it on,4Zmweb7fxTJE1lT0IzPmAl,Mary Lalaine Cabras Dayrit,https://open.spotify.com/playlist/4Zmweb7fxTJE1lT0IzPmAl
"metal, but make it gay 🏳️‍🌈🏳️‍⚧️",5snNRffa7MaG3lhEHqqw7H,Bren.dances 🫶,https://open.spotify.com/playlist/5snNRffa7MaG3lhEHqqw7H
Gary Valenciano — Inspirational Medley: Take Me Out Of The Dark; Letting Go; Gaya Ng Dati; Could You Be Messiah?; Natutulog Ba Ang Diyos,3BeZyBO3zRBlGcWtJMBPRq,Marlyn Jacinto,https://open.spotify.com/playlist/3BeZyBO3zRBlGcWtJMBPRq
Songs Millenial Gays Go Crazy For,4vZEYcJ6fMpAoQi9uJFCIL,Jenni Tolls,https://open.spotify.com/playlist/4vZEYcJ6fMpAoQi9uJFCIL
yearning for a medieval forbidden romance arc,2CrEwEwkogDilgzqf4pxro,cas 🦝,https://open.spotify.com/playlist/2CrEwEwkogDilgzqf4pxro
CODA movie soundtrack,39CuI9tUSKfQvNjnjfeYbb,Caitlin,https://open.spotify.com/playlist/39CuI9tUSKfQvNjnjfeYbb
Gay songs to piss off your homophobic parents,2rolN96igikcQzQ5TBXJPk,Nandini,https://open.spotify.com/playlist/2rolN96igikcQzQ5TBXJPk
Openly Gay Male Artists,0EoKHEIsUjwbAJmqhnzPMM,Justin Kayser,https://open.spotify.com/playlist/0EoKHEIsUjwbAJmqhnzPMM
HOT GAY SUMMER ,5wtgBVQHN0MNOK7zzM9tVx,Rob Waddell,https://open.spotify.com/playlist/5wtgBVQHN0MNOK7zzM9tVx
Gay Gym Workout Playlist (Cardio + Fitness),61XZw7z4Nz3tipnqGTZCRU,AL,https://open.spotify.com/playlist/61XZw7z4Nz3tipnqGTZCRU
Gays 4 Donald,6rm6VsTVpBBcJe60GwHAtv,Grayson Harrell,https://open.spotify.com/playlist/6rm6VsTVpBBcJe60GwHAtv
gay club early 2000s,6fDgYd5tDkCcoJWgp6Pc1q,radicaldancliffe,https://open.spotify.com/playlist/6fDgYd5tDkCcoJWgp6Pc1q
90s 2000s gay pop,3grtnpfQdwzMWDyBlEemFe,jchan604,https://open.spotify.com/playlist/3grtnpfQdwzMWDyBlEemFe
Gay Comedians,1UyT4zNGVZQqcbAenfuTln,Eric,https://open.spotify.com/playlist/1UyT4zNGVZQqcbAenfuTln
Songs That Made Me Gay ,7mO91IfZBzkfnr64W7zUYv,CHETNEY,https://open.spotify.com/playlist/7mO91IfZBzkfnr64W7zUYv
sade type of vibe,0VO1zdE6ScNBM0xv7zbrsN,talemanstad,https://open.spotify.com/playlist/0VO1zdE6ScNBM0xv7zbrsN
Gay poppers hardcore session,4KGhYzgyWX4mJmt2HWI1Xp,alekwolf,https://open.spotify.com/playlist/4KGhYzgyWX4mJmt2HWI1Xp
At the Gay Bathhouse,1VBUXjTgKjrCRU1ONKZou0,Dave Coleman,https://open.spotify.com/playlist/1VBUXjTgKjrCRU1ONKZou0
Not Like Us - Gay Remix,5pra1EUFIXsgIXC45D141E,💅✨🎀INDY🎀✨💅,https://open.spotify.com/playlist/5pra1EUFIXsgIXC45D141E
80s gay bar,0fVXZsDPWQIOoazpTqmFEC,emily2662,https://open.spotify.com/playlist/0fVXZsDPWQIOoazpTqmFEC
Orgullo Gay 2026 🏳️‍🌈 (ORGULLO LGTBIQ+),1xdoFA0L44vgXCbuwYgOn9,Filtr Éxitos,https://open.spotify.com/playlist/1xdoFA0L44vgXCbuwYgOn9
  Shaidai OST 🩷🩷 - Zamane Me Kahi Meri Tarah Kabhi Chahega Na Koi Tujhko,7H0AAWrGqaOdGlkcNz2Xm3,Good Vibes 🌇,https://open.spotify.com/playlist/7H0AAWrGqaOdGlkcNz2Xm3
Songs that's remind me of TSHD,6rdfAamSSr1RdzcRkboaJ8,D3MIDUN3☆,https://open.spotify.com/playlist/6rdfAamSSr1RdzcRkboaJ8
in love with norman reedus,3aszO1XrGl06rK88OQAJuJ,kait,https://open.spotify.com/playlist/3aszO1XrGl06rK88OQAJuJ
Motown: Hits and Best of,5cA7cY9KxcMdgWQYbBEDVV,Chris Brough,https://open.spotify.com/playlist/5cA7cY9KxcMdgWQYbBEDVV
circuit gays only!,66hMclTa1YX6F1TMLNi9OE,totallycooldad,https://open.spotify.com/playlist/66hMclTa1YX6F1TMLNi9OE
Forbidden Gay Romance,4bAUbpoRXaGYPDa7n98CkR,ScarfsWon,https://open.spotify.com/playlist/4bAUbpoRXaGYPDa7n98CkR
Gay Party 🏳️‍🌈 | Massive Circuit Beats ,3UbN6vUfbQBDa1bdXVd8F7,Code Red Records,https://open.spotify.com/playlist/3UbN6vUfbQBDa1bdXVd8F7
Evil GAY music for WOKE people,542PWKttFN01L7gFXHFShj,Rubicuda,https://open.spotify.com/playlist/542PWKttFN01L7gFXHFShj
90s country & being a lil gay,5xvE2gAQ9ZKAeQehFaiLeV,Kin & Cottage,https://open.spotify.com/playlist/5xvE2gAQ9ZKAeQehFaiLeV
Sting and Shaggy - Chill Selection,5Mf0iOcdlGJzdmBMJME5oT,Bedroom Sessions: Hidden Gems,https://open.spotify.com/playlist/5Mf0iOcdlGJzdmBMJME5oT
PTOWN TEA DANCE RUNWAY 2026,4cR0ltIcq9jHWSwY6rPDL7,RJ Fortier,https://open.spotify.com/playlist/4cR0ltIcq9jHWSwY6rPDL7
70s Disco Songs | Best 70's Disco Music Hits,2imMxNMTzoWkY1npB27QeL,Listanauta,https://open.spotify.com/playlist/2imMxNMTzoWkY1npB27QeL
Gay Dance Party ✨🏳️‍🌈,6Ah9IPT4Hxv5Hs65biCXf8,Jonny Loving Life,https://open.spotify.com/playlist/6Ah9IPT4Hxv5Hs65biCXf8
Gay Hits of the 80s · Queer Pop Pride Party,4Z6yz91h6gHhWwpYE2CYWC,my.charts.music,https://open.spotify.com/playlist/4Z6yz91h6gHhWwpYE2CYWC
Reggaeton gay 🏳‍🌈,6TJxz77YgPQ95t7OVP79rb,Eduar,https://open.spotify.com/playlist/6TJxz77YgPQ95t7OVP79rb
Gay Club Nights,0DGoV44yBBY3llCBMKTuOz,KC,https://open.spotify.com/playlist/0DGoV44yBBY3llCBMKTuOz
👨‍❤️‍💋‍👨🏳️‍🌈Gay playlist 🏳️‍🌈👨‍❤️‍💋‍👨,3EtcjBivQQ3yzyzOJgDJpn,🏳️‍⚧️Jaxon 🏳️‍⚧️,https://open.spotify.com/playlist/3EtcjBivQQ3yzyzOJgDJpn
Marvin Gaye Remixes,68rQCAX23zHVIr5orbmEeQ,Eric Delivre,https://open.spotify.com/playlist/68rQCAX23zHVIr5orbmEeQ
Marvin Gaye Instrumentals,2E7nkyZKM3srNvgDd5YbQ2,Sarah Dancer,https://open.spotify.com/playlist/2E7nkyZKM3srNvgDd5YbQ2
POPPERS DUNGEON ⛓️💊,38CK7tMsTwPbZ0vh2IwGl1,CYBERSAINT,https://open.spotify.com/playlist/38CK7tMsTwPbZ0vh2IwGl1
queer female artists,5GIrdzOEabFNOtFwSISifM,sapphicplaylists,https://open.spotify.com/playlist/5GIrdzOEabFNOtFwSISifM
GAY ANTHEMS 🏳️‍🌈🏳️‍⚧️,6rDXpcfNlwgWq7V0syDSxF,Bren.dances 🫶,https://open.spotify.com/playlist/6rDXpcfNlwgWq7V0syDSxF
Gay Club Hits 🦋,3OSZNpJ3b3den1nHKxY1m2,Ernessa LS,https://open.spotify.com/playlist/3OSZNpJ3b3den1nHKxY1m2
What a gay romance feels like ,1R8OKrSKsqYrPa0cxDoldL,Angrysky,https://open.spotify.com/playlist/1R8OKrSKsqYrPa0cxDoldL
2000's GAY CLUB HITS,64KaW1TCGVgvYSyYRtx34N,loltino,https://open.spotify.com/playlist/64KaW1TCGVgvYSyYRtx34N
"""I'm not gay!"" - internalized homophobia",5dEWY9MNi1aztJiLQWpkt4,DEADBOY,https://open.spotify.com/playlist/5dEWY9MNi1aztJiLQWpkt4
pov: it’s 2010 & ur in a gay club,6BKcct0t7U3GMm14YLmlmB,Emory,https://open.spotify.com/playlist/6BKcct0t7U3GMm14YLmlmB
Pride Month Playlist 🏳️‍🌈 2026,1FpjGbUgTpPFkeFYwBW5Ya,Love Laugh Holidays,https://open.spotify.com/playlist/1FpjGbUgTpPFkeFYwBW5Ya
TBOGT Club Songs,2f0ymOE631DSlYvoA6id1l,BayAreaBadger,https://open.spotify.com/playlist/2f0ymOE631DSlYvoA6id1l
Gay Club Bangers 🔞🔥,6cywlmrwqP4YJshdN6V8Dp,Fernando FS,https://open.spotify.com/playlist/6cywlmrwqP4YJshdN6V8Dp
Gay Country to Piss Off Your Boss,79cgszS3LUOLFRFWOgP0yD,lynnafred,https://open.spotify.com/playlist/79cgszS3LUOLFRFWOgP0yD
Gay Country & Americana,025YcU9Sf7SAYlrH4qlEXm,your own kind of music,https://open.spotify.com/playlist/025YcU9Sf7SAYlrH4qlEXm
⚡LOUD GAY ASS MIXED⚠️,2c53n5VIEJUC6oO8uYeDva,AL_,https://open.spotify.com/playlist/2c53n5VIEJUC6oO8uYeDva
Gay Hits of the 90s · Queer Pop,1PKhqJNI9X84sIWJrG9BYr,my.charts.music,https://open.spotify.com/playlist/1PKhqJNI9X84sIWJrG9BYr
Ganga Ke Kinare Baith 🤍 Kyun Roye Har Baat Mein Bandeya Kya Laya Tha Sath Mein Bandeya Bunny Sagar 🥀,3znuiMghsJUX8xxz7WRas0,Khalnyak_4k ☑️,https://open.spotify.com/playlist/3znuiMghsJUX8xxz7WRas0
I GET SO GAY OFF THAT TEQUILA!,2AAcawwDYR9d0v3CS0fgwE,m,https://open.spotify.com/playlist/2AAcawwDYR9d0v3CS0fgwE
evil gay stylist 2026 ,4wOV0JdUPPz9y3iqUWEEdj,jmal,https://open.spotify.com/playlist/4wOV0JdUPPz9y3iqUWEEdj
old school gay bar,6bKpFNcSXrVlNiv9oZWXoV,caio vieira,https://open.spotify.com/playlist/6bKpFNcSXrVlNiv9oZWXoV
"English or Spanish, whoever moves first is gay",4uvZMdAN6MijyxTWSMSNTx,Max,https://open.spotify.com/playlist/4uvZMdAN6MijyxTWSMSNTx
gay spanish songs <3,7hDUQsTTfnpCXQPHxPkLI9,tempura_shrimp,https://open.spotify.com/playlist/7hDUQsTTfnpCXQPHxPkLI9
Gay bdSM,2QjgfaexAOM1x5No3Z3f1K,Milod,https://open.spotify.com/playlist/2QjgfaexAOM1x5No3Z3f1K
Religious trauma but I’m gay so it just gave me a god complex ,0o0bZX1DXV2onMrNmNZOtH,Aidan William Aubry,https://open.spotify.com/playlist/0o0bZX1DXV2onMrNmNZOtH
The Ballad of Gay Tony (GTA IV),3dF86J8c7Tp5Njv69hKnkp,James Thompson,https://open.spotify.com/playlist/3dF86J8c7Tp5Njv69hKnkp
marvin gaye: a masterclass in yearning,1rov2ZtD2rNZgoieLf1Cko,naszina,https://open.spotify.com/playlist/1rov2ZtD2rNZgoieLf1Cko
Bottom vibes✌✨,4SVcHHBlsDZyNOdlOTRtxz,💕💘Veroskia Mayday💘💕,https://open.spotify.com/playlist/4SVcHHBlsDZyNOdlOTRtxz
Ray Gay,6V7qWCXCp4W8aBVNVi94YF,Matt Bertsch,https://open.spotify.com/playlist/6V7qWCXCp4W8aBVNVi94YF
I’m gay,3Kjd0TzpalxcwM6f2bsG70,imagine_io,https://open.spotify.com/playlist/3Kjd0TzpalxcwM6f2bsG70
Gay Pop Party Remixes,50GH6xzV5xqZZGGmhymvzz,KendallS,https://open.spotify.com/playlist/50GH6xzV5xqZZGGmhymvzz
The Evil Gay Stylist,1JrZMpyiVKw0NmQVeDFESc,Samuel Lejon,https://open.spotify.com/playlist/1JrZMpyiVKw0NmQVeDFESc
Gay at Cherries 🍒,3F8XyXoqPyK6LAFeiAgkvf,Stephanie Cinque,https://open.spotify.com/playlist/3F8XyXoqPyK6LAFeiAgkvf
Gay dudes,3POWb79ja4FES3gsXB2sI5,Kasonnn,https://open.spotify.com/playlist/3POWb79ja4FES3gsXB2sI5
The Gays,0U7kEVcb8uaJtL1fZRaGZ1,Møth,https://open.spotify.com/playlist/0U7kEVcb8uaJtL1fZRaGZ1
"""I think I'm falling in love"" [wlw]",6kEzP5AflDWSjoNAsTDgNk,𝔸𝕟𝕟𝕚𝕖 𝕓𝕒𝕟𝕟𝕒𝕟𝕚𝕖,https://open.spotify.com/playlist/6kEzP5AflDWSjoNAsTDgNk
"after hours, sniff the poppers",6fWOh2odU7PRf2LYcnWsg1,gaytranada,https://open.spotify.com/playlist/6fWOh2odU7PRf2LYcnWsg1
sexy/badass madison beer songs,3knQZENWz3z6PmXFNVzDkB,Tori_Taylor,https://open.spotify.com/playlist/3knQZENWz3z6PmXFNVzDkB
Gay boy country 🤠,6CTK4XKCDWZtNesBvf1p4e,Zach,https://open.spotify.com/playlist/6CTK4XKCDWZtNesBvf1p4e
gay guy at the gym,6IEhWxU1Cmftodgf1a5aCQ,Karsen,https://open.spotify.com/playlist/6IEhWxU1Cmftodgf1a5aCQ
Woh Bhi Apne Na Hue Dil Bhi Gaya Hatho Se💔🥀,7mFOaSSRtPJj2JzH5GxFnS,Vamika,https://open.spotify.com/playlist/7mFOaSSRtPJj2JzH5GxFnS
gay religious trauma ✨,7s2fu4hYSLg51AOhWlivpx,rey,https://open.spotify.com/playlist/7s2fu4hYSLg51AOhWlivpx
"Jaanam Dekh Lo Mit Gayi Dooriyaan Main Yahaan Hoon, Yahaan Hoon | MAIN  YAHAAN HOON |",6TyVxcih6kOVQSZODzGHkZ,Kiaraa,https://open.spotify.com/playlist/6TyVxcih6kOVQSZODzGHkZ
Lat Lag Gayee (Party Songs),0hIYKZVGdD88C584q6467H,Sohini Chintala,https://open.spotify.com/playlist/0hIYKZVGdD88C584q6467H
Chill Gay Pop ☁️💅🏼,5tNQGDgETGPg8f1dNcUbsK,Andrew Faragher,https://open.spotify.com/playlist/5tNQGDgETGPg8f1dNcUbsK
The Gayest Fourth of July Playlist,3UMjRTPRd3uEsocUdsV9uQ,Billy Dickson,https://open.spotify.com/playlist/3UMjRTPRd3uEsocUdsV9uQ
Y2GAY: Ultimate 2000s Gay Dance Party,5XGrr9oFJpjO2zUL4cY9KG,Jukebox Joints,https://open.spotify.com/playlist/5XGrr9oFJpjO2zUL4cY9KG
110 Down a Backroad on a Wednesday at 2pm,59iaTjW4Gv6gvfxtIEj6XH,tucker 🤍,https://open.spotify.com/playlist/59iaTjW4Gv6gvfxtIEj6XH
Disco Gay Workout,4fT81DIDo5JgBvP4aMlshz,dezcoal,https://open.spotify.com/playlist/4fT81DIDo5JgBvP4aMlshz
Gay Asf playlist🏳‍🌈😌💅💀,4QKDxrsk2zzpI8c8p6KfWH,✞♡MarkimooLuv♡✞,https://open.spotify.com/playlist/4QKDxrsk2zzpI8c8p6KfWH
a darkroom somewhere in a dirty berlin club | gay techno sex,3mxpOTXpRxVVw1D5DXDCQG,jona,https://open.spotify.com/playlist/3mxpOTXpRxVVw1D5DXDCQG
cryptid hunting! with religious trauma and gay undertones,5K3HaEoFW5u9SdvawI05P2,cowprince,https://open.spotify.com/playlist/5K3HaEoFW5u9SdvawI05P2
Songs that work like a sleeper agent activation phrase to turn gay men into f*ggots,7eTN57qENzYVAEUp7wvLKM,Adam Moussa,https://open.spotify.com/playlist/7eTN57qENzYVAEUp7wvLKM
Pov: You're obsessed with Nanami Kento,22wHvarSozm1QWUzXtT0mf,Kaz!!,https://open.spotify.com/playlist/22wHvarSozm1QWUzXtT0mf
marvin gayes best songs ,6R9e5gXlTwZOTkwY2HH8ez,janie,https://open.spotify.com/playlist/6R9e5gXlTwZOTkwY2HH8ez
Sad Marvin Gaye,71cffItWuX4u23u1iyriSY,Haiden hodges,https://open.spotify.com/playlist/71cffItWuX4u23u1iyriSY
cunty club classics,1QujI24ClyWoiDnDlkyK7x,daisy,https://open.spotify.com/playlist/1QujI24ClyWoiDnDlkyK7x
Boys Like Boys,7gNJpJFJfFUg4FbF49cKQ6,Erick Ayala,https://open.spotify.com/playlist/7gNJpJFJfFUg4FbF49cKQ6
Gay Cruising  & Darkroom Sounds,2tZWSyqxbAIFhviIcX5CWP,San Carlos,https://open.spotify.com/playlist/2tZWSyqxbAIFhviIcX5CWP
Gay Punk & Rock - queer punkrock,1YTzyLw6dY9WgIi4SjVB5A,your own kind of music,https://open.spotify.com/playlist/1YTzyLw6dY9WgIi4SjVB5A
GAY BAR MUSIC,0zGdHjOktAsUI6z944DOCh,piper,https://open.spotify.com/playlist/0zGdHjOktAsUI6z944DOCh
Owens Gay,0sCz8BLOCraLUHKfwgP9MX,Ethandhostetler,https://open.spotify.com/playlist/0sCz8BLOCraLUHKfwgP9MX
Something super gay,2mSbBt2PndCctPepKqOCDl,kiwimaddog2020,https://open.spotify.com/playlist/2mSbBt2PndCctPepKqOCDl
evil gay stylist core ,3htrITk80siYFgtvcSWvaf,€lliS,https://open.spotify.com/playlist/3htrITk80siYFgtvcSWvaf
Marvin Gaye Playlist,49Ue5tqaAAAsLmAN6WZ8DQ,69mamas,https://open.spotify.com/playlist/49Ue5tqaAAAsLmAN6WZ8DQ
a very curated & clean indie/chill/folk/fantasy/gay pop playlist,78be8ophB88DRajzsXhkvQ,trippyb,https://open.spotify.com/playlist/78be8ophB88DRajzsXhkvQ
🎉𝔽ℝ𝔼𝕊ℍ 𝕊𝔸ℕ𝕊 ℙ𝕃𝔸𝕐𝕃𝕀𝕊𝕋 🎊,51RBcYuoYVjpQhQ7vx7rCb,✘ ᙭ ✘,https://open.spotify.com/playlist/51RBcYuoYVjpQhQ7vx7rCb
Gay Circuit Sex Party,4daOsjQgVa1rEdORIWKtwW,Adam,https://open.spotify.com/playlist/4daOsjQgVa1rEdORIWKtwW
girls n gays gym drip,3dHCnWNQKkriH3n6eWTNi9,kev 👼🏼,https://open.spotify.com/playlist/3dHCnWNQKkriH3n6eWTNi9
Gay Fisting Fucking Edging Orgy BDSM Bath House Porn Sex,6dPe306OlPFen5dY1IlvSV,David DAemon Allen,https://open.spotify.com/playlist/6dPe306OlPFen5dY1IlvSV
the gay agenda is alive and well,6mPOYjhbZZi0P6BMRLUNvD,matt bernstein,https://open.spotify.com/playlist/6mPOYjhbZZi0P6BMRLUNvD
yay group yay gay yay,0ZfM1861T5x5knA9RUwdPh,gigglefarts,https://open.spotify.com/playlist/0ZfM1861T5x5knA9RUwdPh
Gaya Sa Pelikula Official Soundtrack,1VlhNb9cNGBmfpLD15O42j,ANIMA,https://open.spotify.com/playlist/1VlhNb9cNGBmfpLD15O42j
"Gay Pop summer 2026 Pride month Anthems, classics & Hidden gems",0boR0pya6SEjYbPKnLqZ3C,will,https://open.spotify.com/playlist/0boR0pya6SEjYbPKnLqZ3C
ITAEWON GAY CLUB,3l92jWv6xYWYAlURhwoYkk,yubincults,https://open.spotify.com/playlist/3l92jWv6xYWYAlURhwoYkk
Gay Ming with my Hoe Mes ,302bMWdrjixbRLn83LyWWK,AJ Peterson,https://open.spotify.com/playlist/302bMWdrjixbRLn83LyWWK
ruler of my heart,39K3Ib0WEtKCcNwQqTLWzi,sereni,https://open.spotify.com/playlist/39K3Ib0WEtKCcNwQqTLWzi
Gay Pop Spotify Auto Mix,4eWRjCOxqPvm8Lebyd2iiw,Michael Moudakis,https://open.spotify.com/playlist/4eWRjCOxqPvm8Lebyd2iiw
80s Hi-NRG & Gay Club Classics,5R5HZtcYX1RuDX29p8yIhm,Mark James,https://open.spotify.com/playlist/5R5HZtcYX1RuDX29p8yIhm
Ultimate gay sex playlist,5wAEdAcIJLUWz2qM4gCARl,Mey Rude,https://open.spotify.com/playlist/5wAEdAcIJLUWz2qM4gCARl
Música de Antro Gay 2025 / Musica de Gym 2025 / LGBTQ+ PRIDE LATINOS / New Circuit Music,5ZLZaSdX8WlwaGu1WvxhIL,DJ S.R. YONY.   (YouTube),https://open.spotify.com/playlist/5ZLZaSdX8WlwaGu1WvxhIL
sad gay boy songs,7thrW5vC95yyU9OVuoNbVj,E,https://open.spotify.com/playlist/7thrW5vC95yyU9OVuoNbVj
YOU 🫵🏼 are gay,2llhnHG3YTX6VYs3UFYmd1,Amanda Jean Decespedes,https://open.spotify.com/playlist/2llhnHG3YTX6VYs3UFYmd1
“I heart you too Shadow” Sonadow Playlist,4oFis1SrPIuemLWn9rA4ME,the_little_cosmos,https://open.spotify.com/playlist/4oFis1SrPIuemLWn9rA4ME
𐌕𐌉𐌌𐌄 𐌉𐌔 𐌃𐌄𐌀𐌃 𐌀𐌍𐌃 𐌌𐌄𐌀𐌍𐌉𐌍Ᏽ 𐋅𐌀𐌔 𐌍Ꝋ 𐌌𐌄𐌀𐌍𐌉𐌍Ᏽ!- A Bill Cipher playlist,4hmL4P9uK5SMf3BI9AkJN5,IVORY♡,https://open.spotify.com/playlist/4hmL4P9uK5SMf3BI9AkJN5
sabrina carpenter but only when she’s hating men,528JP5bcjX5HWqPNCJMPqJ,ash ✪,https://open.spotify.com/playlist/528JP5bcjX5HWqPNCJMPqJ
Gay Dance Party Friday,3iXMowAIDTtwvV2BYjesvg,Aaron Hulse,https://open.spotify.com/playlist/3iXMowAIDTtwvV2BYjesvg
Gay rave & house party,0xoiCIo1wtjVO5a0STS5ev,Romy78,https://open.spotify.com/playlist/0xoiCIo1wtjVO5a0STS5ev
girls and gays 💅🏼,68PjCnmfHOdWHNt2szkwiD,Ben Cabral,https://open.spotify.com/playlist/68PjCnmfHOdWHNt2szkwiD
gay coffee shop vibes ,3HUvfdzSMYRCedgrdtycx2,jordan :),https://open.spotify.com/playlist/3HUvfdzSMYRCedgrdtycx2
Mad tsai is so damn gay,3D4kuG9p16yBj2soQWTgNa,Nala ! ⚢,https://open.spotify.com/playlist/3D4kuG9p16yBj2soQWTgNa
gay boy landon,0BpfwU5KpuZ8p5ruwckdx1,Kayzden.l,https://open.spotify.com/playlist/0BpfwU5KpuZ8p5ruwckdx1
pov:you fell in love with your best friend (gay girl/lesbian ed),4fMbVExkYH5pWYEziQX9MI,cupid,https://open.spotify.com/playlist/4fMbVExkYH5pWYEziQX9MI
70s/80s Gaybar,7EBKvhN9JunH2bNk6a0Rgx,Hamish,https://open.spotify.com/playlist/7EBKvhN9JunH2bNk6a0Rgx
country for the girls and the gays ,3VCoM8PCV8jW3yyPkfr40D,daniel little,https://open.spotify.com/playlist/3VCoM8PCV8jW3yyPkfr40D
gay bangers,2igFqHYwYaljuJ1KSRqh04,Robert John Lawlor,https://open.spotify.com/playlist/2igFqHYwYaljuJ1KSRqh04
DOM GAY ENERGY,7MU30DHwGtoSaI5EBwPyYQ,jamessanagustin,https://open.spotify.com/playlist/7MU30DHwGtoSaI5EBwPyYQ
Gaymer,2d9s3aJ45V8m0QaykXY2rj,Cory,https://open.spotify.com/playlist/2d9s3aJ45V8m0QaykXY2rj
gay noise pollution,3BvNSpOgBDUbYPoHDlwCnY,sebastian,https://open.spotify.com/playlist/3BvNSpOgBDUbYPoHDlwCnY
sad gay trans girl hours :3,3nvcu0TgUArITWQbXF7p1V,Arianne :3,https://open.spotify.com/playlist/3nvcu0TgUArITWQbXF7p1V
slutty loud gay music,0t2yuingdA19JxCdAFH2RG,emilio,https://open.spotify.com/playlist/0t2yuingdA19JxCdAFH2RG
To The Sun - Deep House,2FWKd0ere6jRO7Yo29y2Nr,Will R Mitchell,https://open.spotify.com/playlist/2FWKd0ere6jRO7Yo29y2Nr
໒ ₆⁶₆ ₊˚ TNT DUO ❟ /R ﹗𓂃 ˒ 𖤐,5gsj1sEcNtyevMntXD9lA6,💌【⋆ˏˋ 𝙴.𝙿 ˎˊ⋆】🤍,https://open.spotify.com/playlist/5gsj1sEcNtyevMntXD9lA6
Música Disco de los 70 y 80 | La Mejor Música para Bailar en la Discoteca Años 70's y 80's,03g2SvXDcRPDHYqkEUgbju,Listanauta,https://open.spotify.com/playlist/03g2SvXDcRPDHYqkEUgbju
"ethel cain, phoebe bridgers and  searows ",6wBDMluop3GFvz0pBDgYaD,maia ✩,https://open.spotify.com/playlist/6wBDMluop3GFvz0pBDgYaD
Gay Male Gym Rage / Muscle Porn Leather Workout and Nude Circuit Metal Sex Party,4pGoqosKQeFVC9peg2ljRS,Levi Hudson-Smith,https://open.spotify.com/playlist/4pGoqosKQeFVC9peg2ljRS
Jhuki Jhuki Nazar Teri Kamaal Kar Gayi Uthi Jo Ek Baar Sau Sawal Kar Gayi | Kisi Din Banoongi Main,2ShLamp6vRVNC24zy3vzw5,California Love 💸,https://open.spotify.com/playlist/2ShLamp6vRVNC24zy3vzw5
Central Cee - Doja - How can I be homophobic? My bitch is gay,3rIjAwuDQSEl6VnE3IS4aD,Topsify Germany,https://open.spotify.com/playlist/3rIjAwuDQSEl6VnE3IS4aD
im gay ,4iuIvkrvPUWSU00OSvRrvj,Aiden😈,https://open.spotify.com/playlist/4iuIvkrvPUWSU00OSvRrvj
my big fat gay wedding 💍👨‍❤️‍👨,5X6vaRaYRoZGz91uEKh0e2,alexander,https://open.spotify.com/playlist/5X6vaRaYRoZGz91uEKh0e2
New gym non gay playlist,2ZF6zMzBQJju2OKiREozYH,Lucasstokey,https://open.spotify.com/playlist/2ZF6zMzBQJju2OKiREozYH
HOT GIRL SUMMER - GYM 2026,5cJwShXDLox1e2vHcG6FJj,Erendida Razo,https://open.spotify.com/playlist/5cJwShXDLox1e2vHcG6FJj
Dnf 💚💙,52RghnQdlQsqjSMV4CMvaS,7Sparrowstwilight,https://open.spotify.com/playlist/52RghnQdlQsqjSMV4CMvaS
"Black & Queer, BITCH! | a Black Pride Playlist",42O3CBuC2tCiJPKxfpIKX8,Random J,https://open.spotify.com/playlist/42O3CBuC2tCiJPKxfpIKX8
TBoGT - GTAIV,1LW1K6U34uYfVhUhPVEwXp,Jay Kelly,https://open.spotify.com/playlist/1LW1K6U34uYfVhUhPVEwXp
Gay Going Out,7BaaSOo6N6Ez89RmHQu6Q8,Robert Postotnik,https://open.spotify.com/playlist/7BaaSOo6N6Ez89RmHQu6Q8
The gays,785LPGSiBt0JqTyW5pWcCG,Abby !,https://open.spotify.com/playlist/785LPGSiBt0JqTyW5pWcCG
nba gayboy,3yOMgZRjkX8O5m9vRpyPaT,Nylaa🤍😎,https://open.spotify.com/playlist/3yOMgZRjkX8O5m9vRpyPaT
i got more gay in pride of ‘26,4XhybIKWiFomxiLFE35ECL,Spencer Bryant,https://open.spotify.com/playlist/4XhybIKWiFomxiLFE35ECL
Big Gay Summer '26,5LCGUXbPppMNBw9G4kPcWD,Zachwell,https://open.spotify.com/playlist/5LCGUXbPppMNBw9G4kPcWD
Not Gay Country,5IMlInMwHSXat0nYk13qy9,jarrettdwilliams,https://open.spotify.com/playlist/5IMlInMwHSXat0nYk13qy9
Marvin Gaye Complete Collection,57zcQo009RMbVUMWc85ndg,Marvin Gaye,https://open.spotify.com/playlist/57zcQo009RMbVUMWc85ndg
Marvin Gaye sexy,7jZl9Rh1Gouab19XN3BJrm,swissh,https://open.spotify.com/playlist/7jZl9Rh1Gouab19XN3BJrm
simon and garfunkel are my two gay dads,0PaHitwJ7gFd9sbDIeInUo,Oax,https://open.spotify.com/playlist/0PaHitwJ7gFd9sbDIeInUo
Queer 80s,1GJyu0fO2STeIT86i0dOOm,Jukebox Joints,https://open.spotify.com/playlist/1GJyu0fO2STeIT86i0dOOm
GAY DARKROOM 2026,39k4JWyFC0rMWV53EJj7lL,•,https://open.spotify.com/playlist/39k4JWyFC0rMWV53EJj7lL
"Aaj se teri saari galiyan meri ho gayi,
Aaj se mera ghar tera ho gaya.""",1vjmGSuEQSScTCIpbe00gG,Aarohi Singh,https://open.spotify.com/playlist/1vjmGSuEQSScTCIpbe00gG
Ray gay,1caVTpOEpZyqXQQkSDg0NZ,Kai Tautrim,https://open.spotify.com/playlist/1caVTpOEpZyqXQQkSDg0NZ
Gay music by mason and justin 🥶🥵,2Qfvui5Lwh89t7Y1F4soKl,mason_ohearne,https://open.spotify.com/playlist/2Qfvui5Lwh89t7Y1F4soKl
Slutty House for the Girls and Gays (and Cooper),7H4laSXdCXlIHynS3DHnqZ,adnoodle,https://open.spotify.com/playlist/7H4laSXdCXlIHynS3DHnqZ
Cece winans and charity Gayle,1NCA6rGULnObZz9L22Lk1k,Isabellas.mommy85,https://open.spotify.com/playlist/1NCA6rGULnObZz9L22Lk1k
“Are you ready to test your luck?”-a las Nevadas Quackity playlist ,18IFFVZvbYvx7cks6QfqhU,maximum effort,https://open.spotify.com/playlist/18IFFVZvbYvx7cks6QfqhU
The playlist for the sad Trans boy <3,2CsWCtOJMywgRvBQYNvqoN,⭐️alex⭐️,https://open.spotify.com/playlist/2CsWCtOJMywgRvBQYNvqoN
Mrs. Isle/AI Laser,3fMufGkk9sG3wpLQvfyirC,Onikisu,https://open.spotify.com/playlist/3fMufGkk9sG3wpLQvfyirC
Gay lord 1.2,5Ky9ml1UiKgFiqFX3QKWOM,azee,https://open.spotify.com/playlist/5Ky9ml1UiKgFiqFX3QKWOM
GAYAYAYAYAYAYAY,6SOkguAc2rh1p1PRseI0Cu,𝔄𝔷𝔯𝔞𝔢𝔩,https://open.spotify.com/playlist/6SOkguAc2rh1p1PRseI0Cu
Turn a straight dude gay,59WQfpXdWmHfbH1jhHHJH4,ªªr0n,https://open.spotify.com/playlist/59WQfpXdWmHfbH1jhHHJH4
Gayatri Mantra,330Qya3bBzRefyL0ICpW0p,Lashone39,https://open.spotify.com/playlist/330Qya3bBzRefyL0ICpW0p
Songs that make gay boys excited,6mPNTcVhz9J46nEQy84U3I,Mickey Barry,https://open.spotify.com/playlist/6mPNTcVhz9J46nEQy84U3I
Drag Brunch Gaylist,4Od41iXMceptf0YkQ093KG,Nikki Sullivan,https://open.spotify.com/playlist/4Od41iXMceptf0YkQ093KG
Electro-Choc (GTA: The Ballad of Gay Tony),7MG2jsDoX69Z9twGSvoDeN,Myle1060,https://open.spotify.com/playlist/7MG2jsDoX69Z9twGSvoDeN
rhaenicent (a dance of queens),6XMQPpfiOWMtuB0HSJf2ei,alice(nt),https://open.spotify.com/playlist/6XMQPpfiOWMtuB0HSJf2ei
Songs that make me feel like Lestat,4uUwp4Pe9JqQBPIhd7z5iA,tea.slur,https://open.spotify.com/playlist/4uUwp4Pe9JqQBPIhd7z5iA
Will Byers but is's actually 80's music,3L3y6cSoQJcJIuTGa4sMWA,claupinkbaby,https://open.spotify.com/playlist/3L3y6cSoQJcJIuTGa4sMWA
Gay Boys,388nFCfx6eNRikvBKOujs9,twerkformedaddy,https://open.spotify.com/playlist/388nFCfx6eNRikvBKOujs9
GAY EMO PUNK GOTH GIRL,0a2M2EUyRvsDp8dnUmJzX6,Paul HarriS,https://open.spotify.com/playlist/0a2M2EUyRvsDp8dnUmJzX6
marvin gaye and chardonnay,1MreJEaXayZFBxcDMFfECu,Abigail Fleming,https://open.spotify.com/playlist/1MreJEaXayZFBxcDMFfECu
🌈Songs that make gay men REALLY scream🦄,3VgjiTIdD8o9j2NJ3ddZyk,Andrew Chung,https://open.spotify.com/playlist/3VgjiTIdD8o9j2NJ3ddZyk
God I’m so sad and gay,29KXkh5BesXpwCnssfX7mi,Nyx,https://open.spotify.com/playlist/29KXkh5BesXpwCnssfX7mi
"Tammy Wynette, Patsy Cline, Tanya Tucker, Kitty Wells, Crystal Gayle, Lynn Anderson 🚜🪕🫶",0YfwN0yxNofOoGWxF2ToC6,Siobhan,https://open.spotify.com/playlist/0YfwN0yxNofOoGWxF2ToC6
can’t talk rn focusing on me ,4WMXzqF6i4nLSyht8PVukl,Natalie Stanly,https://open.spotify.com/playlist/4WMXzqF6i4nLSyht8PVukl
sad songs for sad lesbians,41qq3Hzi9OhwYM05CZA8Yh,lukewarmhoney,https://open.spotify.com/playlist/41qq3Hzi9OhwYM05CZA8Yh
Heartstopper Season 1 🌈🍂,3D0TwqAcDvxPweMsyBJMCO,SirLuis,https://open.spotify.com/playlist/3D0TwqAcDvxPweMsyBJMCO
Motown Funk,4KdntJL2ACasJ8zBPxsM45,Jeff Shelby,https://open.spotify.com/playlist/4KdntJL2ACasJ8zBPxsM45
GAYMERS new song,7M2iog8WbUP0TrzZCh1JPm,Hailey MF Fernandes,https://open.spotify.com/playlist/7M2iog8WbUP0TrzZCh1JPm
GAY SEX ELECTRONICA,6qFHY0PRtZ41CgdIv3JMA3,Mike Sturmmantel Hartmann,https://open.spotify.com/playlist/6qFHY0PRtZ41CgdIv3JMA3
Gay Ass Music 🌈🎶,46q7eH6SpHFT1TLOWiWPIL,Leon Weekley,https://open.spotify.com/playlist/46q7eH6SpHFT1TLOWiWPIL
soft gay sleepy time,6JLwgCShF0AUnmLXkNrayp,Phrog ☆,https://open.spotify.com/playlist/6JLwgCShF0AUnmLXkNrayp
Gay femboys,4YY6b1WOK1VASQ0lKDKVWY,Gavin,https://open.spotify.com/playlist/4YY6b1WOK1VASQ0lKDKVWY
Poodle's Gay Club Glitter Mix,60DjIHd1vzRI2hQd1pCbBj,Jake Anthony,https://open.spotify.com/playlist/60DjIHd1vzRI2hQd1pCbBj
Aaaaaaaaah Gay and trans fr,2CkWvjMmj17TT4OiduAQab,Kaidantapia,https://open.spotify.com/playlist/2CkWvjMmj17TT4OiduAQab
GLORIA GAYNOR HITS 🔴 BEST OF,6hbxGUBDdZZeWGleluGJOX,Phil Manzini,https://open.spotify.com/playlist/6hbxGUBDdZZeWGleluGJOX
Stevie wonder and Marvin Gaye and mj,0QuS7BgJgncAUVErYxN4u5,Stephen miles,https://open.spotify.com/playlist/0QuS7BgJgncAUVErYxN4u5
kpop gay pride club songs 🏳️‍🌈,643ZqvoeOv3QeBbu7G1vEl,Moa Army,https://open.spotify.com/playlist/643ZqvoeOv3QeBbu7G1vEl
80s gay pop ,2bYRMCsnYgpgMEyPduivr7,sereneclaffey,https://open.spotify.com/playlist/2bYRMCsnYgpgMEyPduivr7
Gayboy Music,3VFeDE8FldGZ5j9F9yKiNM,gl1txh_n,https://open.spotify.com/playlist/3VFeDE8FldGZ5j9F9yKiNM
I’m gay,1fXEwApWjZRa92bsbZoBaa,EXISTING PERSON,https://open.spotify.com/playlist/1fXEwApWjZRa92bsbZoBaa
Gay & Elderly,4zbDajrIxKXV8z5MSJ0nVJ,Shelby,https://open.spotify.com/playlist/4zbDajrIxKXV8z5MSJ0nVJ
Marvin Gaye and Diana Ross,6afaMo6bvu8pX228DqBvKn,1131504676,https://open.spotify.com/playlist/6afaMo6bvu8pX228DqBvKn
"Vintage 1920s, 30s, 40s, 50s lesbian/gay/queer songs",30f7QmzhzMk7SOkEGyxYxR,Kewpie,https://open.spotify.com/playlist/30f7QmzhzMk7SOkEGyxYxR
kakegurui playlist,0fhApwuHGNc20IqBLEzCxj,natteu,https://open.spotify.com/playlist/0fhApwuHGNc20IqBLEzCxj
Pride classics,57jaMyIS8HmVFlQSMcWuzH,Ricardo Soto J,https://open.spotify.com/playlist/57jaMyIS8HmVFlQSMcWuzH
sapphic summer,5Ur2w69dzPUtkh5k5PwI6W,liv dov ☆,https://open.spotify.com/playlist/5Ur2w69dzPUtkh5k5PwI6W
ey yo soy gay súper gay mega gay,6otyNyW40OXsPIx5DdyxKt,Tu papi,https://open.spotify.com/playlist/6otyNyW40OXsPIx5DdyxKt
Gay homo queer bangers *,5hJzxMiAfRH1fMBeVR8tMC,Nyxie,https://open.spotify.com/playlist/5hJzxMiAfRH1fMBeVR8tMC
"The Loudest, Gayest Mix",2crpnOjmxRIUpx7n6zpD9d,Thorn,https://open.spotify.com/playlist/2crpnOjmxRIUpx7n6zpD9d
"really sad, really gay",3TM5qfvaZWaf4biRis9kft,emrys,https://open.spotify.com/playlist/3TM5qfvaZWaf4biRis9kft
Kevin is gay ,2PeLWunAnY4uAIxIAJ1Y28,goofy goober,https://open.spotify.com/playlist/2PeLWunAnY4uAIxIAJ1Y28
Jaylas playlist cs im lwk broke but im lwk gay,0kRKjwJupXrBdgVS4w9Nz5,grimesy,https://open.spotify.com/playlist/0kRKjwJupXrBdgVS4w9Nz5
let's go to coyote ugly,6Mn4ZKgWrnb4gtP7fhqyAz,Eda Lee,https://open.spotify.com/playlist/6Mn4ZKgWrnb4gtP7fhqyAz
taylor swift for lesbians,1R2xBxponox65BxbDcIeEi,emilia,https://open.spotify.com/playlist/1R2xBxponox65BxbDcIeEi
Sahir Ludhianvi Evergreen Songs,2zhip53J8VVG4e71r7jReE,Mandeep,https://open.spotify.com/playlist/2zhip53J8VVG4e71r7jReE
Gay boy love songs and angst for the heart ,7ldztfSiwti6GdKGsmd6v1,~{Elliot}~👁️👄👁️,https://open.spotify.com/playlist/7ldztfSiwti6GdKGsmd6v1
Aaj Se Teri Sari Galiyan Meri Ho Gayi💕,0TPL9qX1Fyjv04DYBlIh3Z,Pushuu🎴,https://open.spotify.com/playlist/0TPL9qX1Fyjv04DYBlIh3Z
Gay Pop Perfection,5BtPepSMQo303K8IlFsxuh,Elijah,https://open.spotify.com/playlist/5BtPepSMQo303K8IlFsxuh
GAY BESTFREINDS💅🫶🏻,1BjkFRkGMfgc43deIMinzU,Kobe Smith,https://open.spotify.com/playlist/1BjkFRkGMfgc43deIMinzU
Chill Gay Vibes,4FPxUaJTht3Leh2x5p1Euu,Karsyn Artemis Love,https://open.spotify.com/playlist/4FPxUaJTht3Leh2x5p1Euu
"＊*•̩̩͙✩•̩̩͙*˚ gay, ok? *•̩̩͙✩•̩̩͙*˚＊",4v0yp7exeBJDjc5Kcwvpdg,B3L0V3D,https://open.spotify.com/playlist/4v0yp7exeBJDjc5Kcwvpdg
"Eddie Rabbitt, Crystal Gayle — You And I",0GImcBdcwvrdgW7thSQknj,Jeffrey Long,https://open.spotify.com/playlist/0GImcBdcwvrdgW7thSQknj
Our gay summer,0jryUbU0lxch6paycGiwgi,Sam,https://open.spotify.com/playlist/0jryUbU0lxch6paycGiwgi
Janitor Ai/C.ai,3nEjoiZeVmTbG0hnVH1aeL,🧢﹕𐔌・Zro 〃・꒱,https://open.spotify.com/playlist/3nEjoiZeVmTbG0hnVH1aeL
MuuTunes,5hGFTzag705tEf721mwux3,muumuse,https://open.spotify.com/playlist/5hGFTzag705tEf721mwux3
Gay jawn asf as fuck,1RHDopC8zjszbcU9iMhnnN,danababy97,https://open.spotify.com/playlist/1RHDopC8zjszbcU9iMhnnN
ngas don’t know that i’m gay,6jK6qFTY8d4viUspvGZqkB,taty 🎶,https://open.spotify.com/playlist/6jK6qFTY8d4viUspvGZqkB
gaming with the gays,04IniPsBRovaFhlVRL7zLe,crwmpie,https://open.spotify.com/playlist/04IniPsBRovaFhlVRL7zLe
Can a gay girl get an amen 💗,4Znyvd3GjcFMzJ42OcCLOK,Danielle Esposito,https://open.spotify.com/playlist/4Znyvd3GjcFMzJ42OcCLOK
I’m gay,2SS8NVukH3Ae0qFQ8feSV2,Lucas,https://open.spotify.com/playlist/2SS8NVukH3Ae0qFQ8feSV2
Gay time ,0HbCLUufiO1cM4fVWaucoD,Sam Bregard,https://open.spotify.com/playlist/0HbCLUufiO1cM4fVWaucoD
My man kirishima 😍😍,2N5QQgzXzbWyOdrLA9rkar,kirishima simp 🪨,https://open.spotify.com/playlist/2N5QQgzXzbWyOdrLA9rkar
pride 2026 mixed ,3VXVvkc4D6Vz9tTS1Gm1Ek,Omar Blanco Quezada,https://open.spotify.com/playlist/3VXVvkc4D6Vz9tTS1Gm1Ek
"Good Luck, Babe! vibes",0xMtYOnNlNgrU3lb4LzaeI,aidan,https://open.spotify.com/playlist/0xMtYOnNlNgrU3lb4LzaeI
gay italian summer,2nXuvQoqqqH7Cgc2GO9u8z,Jaylynn Barth,https://open.spotify.com/playlist/2nXuvQoqqqH7Cgc2GO9u8z
gay cunty hyperpop,0AnCadbNz9lMmWmdQynsvt,aliii,https://open.spotify.com/playlist/0AnCadbNz9lMmWmdQynsvt
Nothing gay,4YXmQocxx9OyVvcV4yDtnd,Ethan Newman,https://open.spotify.com/playlist/4YXmQocxx9OyVvcV4yDtnd
Gay 90s (1890s Music),2kdDeZkJsoAZo4MtSStG3C,1230060847,https://open.spotify.com/playlist/2kdDeZkJsoAZo4MtSStG3C
POV your mentally ill and gay,6vgu1LnNxWWAXg8xgsL8so,Ash,https://open.spotify.com/playlist/6vgu1LnNxWWAXg8xgsL8so
Gaylist,6ZOqo0keRdy8A7hjU0Fkdj,Diana,https://open.spotify.com/playlist/6ZOqo0keRdy8A7hjU0Fkdj
gaysbian,409BqBD7bqxLAQPkZlxSm9,yayaboo,https://open.spotify.com/playlist/409BqBD7bqxLAQPkZlxSm9
Your gay64,4XFUJQWeZzmbGMNbQEsxwd,亗 𝓛𝓲𝓵 𝕵𝖎𝖙 ×͜×,https://open.spotify.com/playlist/4XFUJQWeZzmbGMNbQEsxwd
☆°Kieran's gaylist°☆,06P7nSA2QyXHW99MTykSAI,LusciousJ,https://open.spotify.com/playlist/06P7nSA2QyXHW99MTykSAI
Gay,3RqjDUuWOUhwNuSRCJK5Cv,that scene core bitch,https://open.spotify.com/playlist/3RqjDUuWOUhwNuSRCJK5Cv
80's gay porn,2bWqUCQMwFZYRInWfiLcev,Tonyferreiro,https://open.spotify.com/playlist/2bWqUCQMwFZYRInWfiLcev
POV: your a gay hoe with one obsession BILLIE EILISH ,5swKgkGgHWGKsYyl9VthDU,milo(billies boy),https://open.spotify.com/playlist/5swKgkGgHWGKsYyl9VthDU
Just some gay girl music 🌈,3neXbmz3O8lkxGmhIrxQvL,Sholome,https://open.spotify.com/playlist/3neXbmz3O8lkxGmhIrxQvL
Hayden ur gay,4eeGMfJtLZ0vpH7tmvdMNM,Konner,https://open.spotify.com/playlist/4eeGMfJtLZ0vpH7tmvdMNM
Gay Beach 2025,2Qu9dE2jAZmbrZhM93920k,legrandroi,https://open.spotify.com/playlist/2Qu9dE2jAZmbrZhM93920k
I’m a gay teen from 2009,61CPr9lCjMbI5XgZ9T4cSC,RuneSlayer444,https://open.spotify.com/playlist/61CPr9lCjMbI5XgZ9T4cSC
a cultivation realm with bamboo forests all around || traditional and modern chinese music ,6SU1iQ4flzm6qThFMfO1m0,isab°,https://open.spotify.com/playlist/6SU1iQ4flzm6qThFMfO1m0
Mad scientist music to commit unethical experiments to,3khbBtUa63Umn5i81jLqRo,RoboticTapeworms,https://open.spotify.com/playlist/3khbBtUa63Umn5i81jLqRo
Faggot Mcjiggleson,2pAhJEGCXZ39S5Bjs4iNfG,K8,https://open.spotify.com/playlist/2pAhJEGCXZ39S5Bjs4iNfG
Gays,1dryYj5UIsdYN0gOXny2AX,J3ST3R,https://open.spotify.com/playlist/1dryYj5UIsdYN0gOXny2AX
Ray ain’t gay,4FQzgNvuRonQXIfFkTxIDZ,Aidanedholm,https://open.spotify.com/playlist/4FQzgNvuRonQXIfFkTxIDZ
Gayming tunes,1xdU7K8q1OCs7mLfjmxAXE,TehsmallBean,https://open.spotify.com/playlist/1xdU7K8q1OCs7mLfjmxAXE
Gaybos,2j9nVtPJlzRu1mplb5SGZj,Aub,https://open.spotify.com/playlist/2j9nVtPJlzRu1mplb5SGZj
Gay indie ,05g0QoT3mX99GJ2qyiKZIG,silvanacanoh,https://open.spotify.com/playlist/05g0QoT3mX99GJ2qyiKZIG
4th of july but in a cunty/liberal/gay way,08fubS5jPSuMMSwTBxW3F1,abbie elder,https://open.spotify.com/playlist/08fubS5jPSuMMSwTBxW3F1
Coopers gay ,5K4iIt8ybvWcA3TcHAjAIV,Abby,https://open.spotify.com/playlist/5K4iIt8ybvWcA3TcHAjAIV
The Gaylist,4g74fBiOh2QKyWF6ySKJ84,Cy,https://open.spotify.com/playlist/4g74fBiOh2QKyWF6ySKJ84
These gays are trying to kill me,7ynpnmPv2ymBpKUC1vnsWi,Rebecca,https://open.spotify.com/playlist/7ynpnmPv2ymBpKUC1vnsWi
OLD SCHOOL SOUL AND R&B - 70's / 80's /  FUNK / JAZZ / GOSPEL,14xLT0NEO9TxobOUktMRea,Mid90s Records,https://open.spotify.com/playlist/14xLT0NEO9TxobOUktMRea
Kinky gay dirty talk,0q7vQ9pGFVIFiCzWNy5uND,Eric Yung,https://open.spotify.com/playlist/0q7vQ9pGFVIFiCzWNy5uND
My gay playlist,4UGccChZ396R6r3WuXcLUx,Cdtoelle,https://open.spotify.com/playlist/4UGccChZ396R6r3WuXcLUx
gayest taylor swift songs,0r5juWmaesZ1WI5aZk4Sf4,isabel,https://open.spotify.com/playlist/0r5juWmaesZ1WI5aZk4Sf4
Gaylist,29g0H3aAo2SO8Q6YTH2cDU,Lucca Spagnola,https://open.spotify.com/playlist/29g0H3aAo2SO8Q6YTH2cDU
I’m gay,6RrekSX7DWhffPkqNtU3EN,Miguel,https://open.spotify.com/playlist/6RrekSX7DWhffPkqNtU3EN
Super gay and horny playlist,24F7eIxU9g3uivHXcgOrJc,The big KJ,https://open.spotify.com/playlist/24F7eIxU9g3uivHXcgOrJc
The Gay List 2,0H42sbXVPnZOjGbowt1Wem,mothballs,https://open.spotify.com/playlist/0H42sbXVPnZOjGbowt1Wem
Coming Out - songs about in and out of the closet by gay artists and allies ,3xiajxRpSl45A0Di14gz0y,your own kind of music,https://open.spotify.com/playlist/3xiajxRpSl45A0Di14gz0y
beast soukoku skk 😿😿,2er0jGEkUSrx8uzG2YA5iM,Русский мошенник,https://open.spotify.com/playlist/2er0jGEkUSrx8uzG2YA5iM
GAY asmr (both hot and hilarious),3WXVeJTmTHanrrzxgX51xn,< o Ember o >,https://open.spotify.com/playlist/3WXVeJTmTHanrrzxgX51xn
Gay Party 🏳️‍🌈 Queer Pop,1268QwMQqStR8tZCBRBf2D,Marcus Botwin,https://open.spotify.com/playlist/1268QwMQqStR8tZCBRBf2D
Gay Brunch Party,0y9d9HkV9VVz4McBNwGvq6,12141782559,https://open.spotify.com/playlist/0y9d9HkV9VVz4McBNwGvq6
That gay shit,255ynoDh0wa6v81L3C1RZ9,Kayden,https://open.spotify.com/playlist/255ynoDh0wa6v81L3C1RZ9
Mexican gay songs ,5lmGCnlSUuKbbxi0Ffotpe,Neto😈,https://open.spotify.com/playlist/5lmGCnlSUuKbbxi0Ffotpe
gay resurrection,3DjA2I78hyFubvznXzFe4W,christopher,https://open.spotify.com/playlist/3DjA2I78hyFubvznXzFe4W
⭐️🏳️‍🌈MARCANIEL🏳️‍🌈⭐️,15KHJHSdwEpcgAodT5sQTm,☆•°Fenne°•☆,https://open.spotify.com/playlist/15KHJHSdwEpcgAodT5sQTm
Orufrey • qifrey x olruggio,5zR5XJ1rwtLHJbrg5cD73u,Astralis,https://open.spotify.com/playlist/5zR5XJ1rwtLHJbrg5cD73u
Sweat Drippin’ 🥵,7FgVk6sPvwzgYADobV99us,Nathan Dompke,https://open.spotify.com/playlist/7FgVk6sPvwzgYADobV99us
Gay and passionate ,2NmRrV0DT5fWoyqHDyBnpY,Charlotte Corilla,https://open.spotify.com/playlist/2NmRrV0DT5fWoyqHDyBnpY
GAY playlist for GAY people,3eIqTAJLYmtaXkwXMhQBYO,Lesbian (koi),https://open.spotify.com/playlist/3eIqTAJLYmtaXkwXMhQBYO
Gay type shit,7tSYW49EGpMyc40ts8AwpZ,Hannah Albright,https://open.spotify.com/playlist/7tSYW49EGpMyc40ts8AwpZ
gay diva s!ut 2,3QplJ2uXtPh5fCDPmiKo4o,Harps👽🦕,https://open.spotify.com/playlist/3QplJ2uXtPh5fCDPmiKo4o
Gay Panic! At the Playlist,1VU9vQqYLxcGlvQzgOuAmj,Parkerack,https://open.spotify.com/playlist/1VU9vQqYLxcGlvQzgOuAmj
80s Gay Club,6H5jQb3ivjX2TqF3U50i3h,CarolineintheGarden,https://open.spotify.com/playlist/6H5jQb3ivjX2TqF3U50i3h
Gaylist,6jAzmYs5Ab7SyxFPgnAVAu,Kais a sigma,https://open.spotify.com/playlist/6jAzmYs5Ab7SyxFPgnAVAu
Trouble Man Soundtrack - Best Of Marvin Gaye,0vD4gtbFPrl2SSFQFtSBWa,t,https://open.spotify.com/playlist/0vD4gtbFPrl2SSFQFtSBWa
Música Soul de los 70 80 y 90 🎙 Canciones Románticas,6Yf4hx0BcEemsYYPdgKaLv,Listanauta,https://open.spotify.com/playlist/6Yf4hx0BcEemsYYPdgKaLv
all my songs,4YDpDPqxEcCHsZwZYAJi3K,G Flip,https://open.spotify.com/playlist/4YDpDPqxEcCHsZwZYAJi3K
What in the gay,0wmE4aSz29051wC5i1oDV1,pizzas pizza,https://open.spotify.com/playlist/0wmE4aSz29051wC5i1oDV1
The gay republic ,5KpYBcDDVbYO6nqTo0xj8M,Jojo,https://open.spotify.com/playlist/5KpYBcDDVbYO6nqTo0xj8M
Skibidi gayyaaattt🔥🔥🔥,385sDO0MVjGVws6JjxykDK,isaa,https://open.spotify.com/playlist/385sDO0MVjGVws6JjxykDK
"ABBA, Gloria Gaynor, Laura Branigan",3tt7FxrVdvHmMPLAg6vFu3,Carlos Paez,https://open.spotify.com/playlist/3tt7FxrVdvHmMPLAg6vFu3
Gaylexulyte,0Pxk1pQGGPoNqo38yQFEfQ,Gaylexulyte,https://open.spotify.com/playlist/0Pxk1pQGGPoNqo38yQFEfQ
male covers of songs that don’t change the pronouns so it’s lowkey gay – ꨄ︎,66vbcPRznoddj63MlGPLUE,Broken Pie,https://open.spotify.com/playlist/66vbcPRznoddj63MlGPLUE
💜Gay💜,6FclskDKZZT7hDMC7lV1Ie,JESSTER,https://open.spotify.com/playlist/6FclskDKZZT7hDMC7lV1Ie
hype gay 🤪😈,3xHPtnqbGy7G9yMXU1KtJP,Cameron Smith,https://open.spotify.com/playlist/3xHPtnqbGy7G9yMXU1KtJP
green fn,1t2kZrmJNxt8TCr7BySWFa,daxexotic,https://open.spotify.com/playlist/1t2kZrmJNxt8TCr7BySWFa
GAY BOPS MADE BY GAYS,2JhMu6kvdrC9e0MTVLMOIQ,JËVA,https://open.spotify.com/playlist/2JhMu6kvdrC9e0MTVLMOIQ
GAYNESS,7mHLJBHTwsGcZVkSOnhf0r,✨Emily✨,https://open.spotify.com/playlist/7mHLJBHTwsGcZVkSOnhf0r
Gay Playlist,17QPZnGl54pOsbAJNEZmC0,LunarousMoon,https://open.spotify.com/playlist/17QPZnGl54pOsbAJNEZmC0
When House Music was Black & Gay,6D1fTaIV6lTTw3UJi1CMbf,louie’s mixtape,https://open.spotify.com/playlist/6D1fTaIV6lTTw3UJi1CMbf
Lowk feeling gay and sad ✌️🥹,1gMeZ6wgSnWxgxm9z8bhoU,☆¤{♣︎CIEL♣︎}¤☆,https://open.spotify.com/playlist/1gMeZ6wgSnWxgxm9z8bhoU
yaoi mlm bl whatever you call gay men or boys kissing,3TCDdQHFN8hdRCgJ25du5J,inkyskyceo,https://open.spotify.com/playlist/3TCDdQHFN8hdRCgJ25du5J
country music is gay! pride playlist!🤠🏳️‍🌈 ,7vQF9GzqUgU9AqigwE0uTb,jlynn,https://open.spotify.com/playlist/7vQF9GzqUgU9AqigwE0uTb
"for the girls, gays, and theys (clean)",5pk0fWpRrGb76imjq91Ud5,alyssa,https://open.spotify.com/playlist/5pk0fWpRrGb76imjq91Ud5
sad BL Gaylist,4fGhQ3Sxy5RgT46Baxg3Qc,Lê,https://open.spotify.com/playlist/4fGhQ3Sxy5RgT46Baxg3Qc
SWEAT TOUR Setlist 2024,5wHlmDoxdnGyiHe5tJc5CT,Churros y Tequila,https://open.spotify.com/playlist/5wHlmDoxdnGyiHe5tJc5CT
gay,1pojNKdF1gDePKJwOJcX5M,STELLAN,https://open.spotify.com/playlist/1pojNKdF1gDePKJwOJcX5M
Gay emo music🌈🏳️‍🌈💀,60hUoSbGdoxYyyfJPaWhtX,ur mum,https://open.spotify.com/playlist/60hUoSbGdoxYyyfJPaWhtX
Mentally gay,0cjCuEDVBEExwJoHFi9dQC,Phantom,https://open.spotify.com/playlist/0cjCuEDVBEExwJoHFi9dQC
gay  💔   and ugly ..,2Nkl3k4DePGVcjlG4KXoxQ,Cork,https://open.spotify.com/playlist/2Nkl3k4DePGVcjlG4KXoxQ
cunty gay summer 2026,3sXroceDPOx5ZWod1A4b7T,bee,https://open.spotify.com/playlist/3sXroceDPOx5ZWod1A4b7T
Rejoice (Live) - Charity Gayle Worship Songs (ALL),0SYAB1hL5laxp8Pb3UpL0K,Anthem Records,https://open.spotify.com/playlist/0SYAB1hL5laxp8Pb3UpL0K
Midwest gay,4gXbfk5glq7uuNaVUJVRvr,big cheese,https://open.spotify.com/playlist/4gXbfk5glq7uuNaVUJVRvr
Hua chokra jawaan re,47CaykK2kThq4VmVVTpTzt,Asmiee,https://open.spotify.com/playlist/47CaykK2kThq4VmVVTpTzt
I'm Gay,3QVf1X7PvoonWmuTNcQvUJ,Sin,https://open.spotify.com/playlist/3QVf1X7PvoonWmuTNcQvUJ
Bahut Aayi Gayi Yaadien  Magar is Baar Tum Hi Aana,7G2aI8Ex35YjdmYFAzRjxo,Insta: satyam_k_singh,https://open.spotify.com/playlist/7G2aI8Ex35YjdmYFAzRjxo
danny not gay,4CnDVFlXAAoGADX6ibQS7Z,rickyy.uez,https://open.spotify.com/playlist/4CnDVFlXAAoGADX6ibQS7Z
My gaylist ,6OMKGYJrjFUCs1AqTcZp8l,•~<《☆Kayden☆》>~•,https://open.spotify.com/playlist/6OMKGYJrjFUCs1AqTcZp8l
Obesity Playlist (yeah im probably gay),42nOvRbcGsujxJiFOSOoLz,Dog™,https://open.spotify.com/playlist/42nOvRbcGsujxJiFOSOoLz
You gay???🤔,1MrsGgCsV2A3WsbTRPFPUj,Aaron 🏳️‍🌈💖🔮✨🐈‍⬛🪶🍄🏳️‍⚧️🇩🇪,https://open.spotify.com/playlist/1MrsGgCsV2A3WsbTRPFPUj
"80s Music Oldies 80s Disco HITS 80s Hit  I ABBA, Donna Summer, Gloria Gaynor, Boney M, Madonna, Cher",6wR4gl33rmS84wJYpJ8rEN,indiemono,https://open.spotify.com/playlist/6wR4gl33rmS84wJYpJ8rEN
Playlist more like gay list ,1VbbVdg5ZdvV867nSASNOV,QUINNY,https://open.spotify.com/playlist/1VbbVdg5ZdvV867nSASNOV
tera baap,0vLXNVSVJR21lg7L8SPWdN,Zeeshan,https://open.spotify.com/playlist/0vLXNVSVJR21lg7L8SPWdN
Gay Circuit Party,5qIGEYChbJ2Wanv7fGW6s3,Stef,https://open.spotify.com/playlist/5qIGEYChbJ2Wanv7fGW6s3
GAY BITCH I AM,79ghfZ84kIvh8aLG2r1DQH,lunar moon,https://open.spotify.com/playlist/79ghfZ84kIvh8aLG2r1DQH
Gay people,5se8RC3FjpBLe38CmyCzyM,Hawaiianman9000,https://open.spotify.com/playlist/5se8RC3FjpBLe38CmyCzyM
THE GAYNG,4cvoCl7f8DV7hy88XyvTnM,Finch!!!,https://open.spotify.com/playlist/4cvoCl7f8DV7hy88XyvTnM
gay guy vacation 2026,0IPLdKjvgy4LmYqAbeEpCs,Matt Brown Bear,https://open.spotify.com/playlist/0IPLdKjvgy4LmYqAbeEpCs
Electronica o antro gay,7rBCltZCy4iGG8KRZGA6HZ,Jessica Faz❤️,https://open.spotify.com/playlist/7rBCltZCy4iGG8KRZGA6HZ
Gayming ,60Izd0wgiRZHABD78Rfv8A,Ace,https://open.spotify.com/playlist/60Izd0wgiRZHABD78Rfv8A
Edgar Allan Poe ! | BSD Playlist,73Zl8Nw2JTOQxj8x16s1bk,HermitMartyn,https://open.spotify.com/playlist/73Zl8Nw2JTOQxj8x16s1bk
CLASSIC 70's and 80's SOUL and R&B,3pm5eFtydoFG2ZI1Wy0Rdw,Mid90s Records,https://open.spotify.com/playlist/3pm5eFtydoFG2ZI1Wy0Rdw
Funk BBQ,17XH5dc7XH67sofQXH8pzJ,Jeff Shelby,https://open.spotify.com/playlist/17XH5dc7XH67sofQXH8pzJ
Gay Tea Dance,4ZYs336WZDfOUD5HzNc3SN,Luigi Laredo,https://open.spotify.com/playlist/4ZYs336WZDfOUD5HzNc3SN
gay,4iVVyPPWTgE3Y0Ugj2KnZK,Derek,https://open.spotify.com/playlist/4iVVyPPWTgE3Y0Ugj2KnZK
gay a** dj set.,4PMFXcw6TZv0GWTC5kPkTP,Shelly!,https://open.spotify.com/playlist/4PMFXcw6TZv0GWTC5kPkTP
New Gay Approved,1CUeQJ0nFBEJdGIxz1sb1f,Hexelyn,https://open.spotify.com/playlist/1CUeQJ0nFBEJdGIxz1sb1f
"Pregame, But Make It Gay",6zpG8YbfIK4d76RrgVz43P,Kyle Macchi,https://open.spotify.com/playlist/6zpG8YbfIK4d76RrgVz43P
im gay,6GiWuxKmCFVaXDH30OET0v,david,https://open.spotify.com/playlist/6GiWuxKmCFVaXDH30OET0v
˚₊‧✩ ˚₊‧꒰ა ʚGAYBOɞྀ ໒꒱ ‧₊˚ ✩‧₊˚,6Nci8CPJJm4QaJIfC7HQXx,N3X,https://open.spotify.com/playlist/6Nci8CPJJm4QaJIfC7HQXx
horny gay furry music,6JfNJWDAV0msloCJNxBHKX,BigDaddy McGlucoseGurardian,https://open.spotify.com/playlist/6JfNJWDAV0msloCJNxBHKX
Mann Atkeya Beparwah De Naal (Original) Dhurandhar 2 | Naina Moray Javed Bashir Coke Studio Pakistan,0NetUoPVRP50WDhQ1BMZgR,Nia Rd,https://open.spotify.com/playlist/0NetUoPVRP50WDhQ1BMZgR
Butt Buddys,6pWN4TCa5nA7QBiHBKV5dM,Spawn,https://open.spotify.com/playlist/6pWN4TCa5nA7QBiHBKV5dM
Gay,4KfV9FC3j4DR0q8ka049x8,Ladrana,https://open.spotify.com/playlist/4KfV9FC3j4DR0q8ka049x8
Gay Pool Dance Party 2026,4loVFEkhOzamzfBl7EyzBI,keith76davis,https://open.spotify.com/playlist/4loVFEkhOzamzfBl7EyzBI
Gay Pool Party 2026,5TkgBMkwjhGKTPCLuI0Evo,Jason Walker,https://open.spotify.com/playlist/5TkgBMkwjhGKTPCLuI0Evo
Ray Gay,1Du3PveaNdBCSZhLcptXeP,Seth Ryberg,https://open.spotify.com/playlist/1Du3PveaNdBCSZhLcptXeP
I'm gay,1iXt133Y0xD0c3lRofGmCB,I'm gay,https://open.spotify.com/playlist/1iXt133Y0xD0c3lRofGmCB
Evil Gay Retard Mix,4KrHoZF59gXlglY2ycPCCu,Mrmcjiggl3nipz,https://open.spotify.com/playlist/4KrHoZF59gXlglY2ycPCCu
Gay Cardio - Power Songs 💥🕺🏼 ,6gAMdcIxuMbxfpc9xrRArg,Rodrigo Pierre,https://open.spotify.com/playlist/6gAMdcIxuMbxfpc9xrRArg
Cris es gay123,0ni5O7y29RIx1BrwdJOQTj,IT_BYRON_ES,https://open.spotify.com/playlist/0ni5O7y29RIx1BrwdJOQTj
Carson(lil gay femboy),2C5g5Ih9WOwll06Wwr7R4T,Carsonjbridges,https://open.spotify.com/playlist/2C5g5Ih9WOwll06Wwr7R4T
Marvin Gaye All Songs,08N9KBXLPsBVZ7Ceuzwb6p,Dan Abu Ali,https://open.spotify.com/playlist/08N9KBXLPsBVZ7Ceuzwb6p
gay repellent ,3koVZBshJheLA9fhXT2MQ7,enrique,https://open.spotify.com/playlist/3koVZBshJheLA9fhXT2MQ7
Gay shit :3,3Npwb0BxP4hhpZqDbiBKjn,Sky,https://open.spotify.com/playlist/3Npwb0BxP4hhpZqDbiBKjn
A gay Couples Blue Collar playlist ,0ain1eW82QTQv6zs3O24cu,Purgatoryy,https://open.spotify.com/playlist/0ain1eW82QTQv6zs3O24cu
The songs i like no gay shit wallahi poopy pants,07P9EbJOJ851fzbfgLkcQu,q,https://open.spotify.com/playlist/07P9EbJOJ851fzbfgLkcQu
Gay Little Sips of Coffee on a Sunday Morning,7edbIhodqIZbeHN3sXbM9w,Forkface69,https://open.spotify.com/playlist/7edbIhodqIZbeHN3sXbM9w
Niche gay Playlist 👻,74NxcVkMVU2cdqN7hOfDzw,emi,https://open.spotify.com/playlist/74NxcVkMVU2cdqN7hOfDzw
Gayest shit immaginable,2j8bFVZhfXb6iJHYF4UwEu,Very normal,https://open.spotify.com/playlist/2j8bFVZhfXb6iJHYF4UwEu
BDSM 50 Shades of Grey Music | Best BDSM Songs & BDSM Playlist | Bondage Vibes | Disciplining Songs | Kinky Music | Fetish Music,5xFqYyVD183CrrY5BzZIMH,SATID by Music Moods,https://open.spotify.com/playlist/5xFqYyVD183CrrY5BzZIMH
The Goonettes ,2jx3u36cocdbAR8DSslq6Y,☆Skye Blue☆,https://open.spotify.com/playlist/2jx3u36cocdbAR8DSslq6Y
Gay Music for Furries ,289XIv5TZqBJP86bKMdDCK,Nyacromancer,https://open.spotify.com/playlist/289XIv5TZqBJP86bKMdDCK
My Gay Ass Jams,0O3e2yQzOQTMKf9rYiOGwD,Rs_lifeguard,https://open.spotify.com/playlist/0O3e2yQzOQTMKf9rYiOGwD
The Gay Pirates that have Made and Broken me Over and Over Again (OFMD) 🖤,2TYvaqIaFrVufDjo2EPRax,Stena73,https://open.spotify.com/playlist/2TYvaqIaFrVufDjo2EPRax
Computa make these guys super gay and horny,3xJTRkLnwJcNZaEA6Jr13d,Gianna Caramanello,https://open.spotify.com/playlist/3xJTRkLnwJcNZaEA6Jr13d
i’m not gay ,1BaBesvPDBCmOtiuAR5hzt,Laufey’s Wifey,https://open.spotify.com/playlist/1BaBesvPDBCmOtiuAR5hzt
Gloria gaynor sobrevivire,14q8IhyPALLnRgKI8WJybb,Pilaralvarezochoa,https://open.spotify.com/playlist/14q8IhyPALLnRgKI8WJybb
“Incelcore” should just be called “e-punk” but having a “e” at the start of your name is pretty gay,28lveqsgYGXnceSixpwMx0,Mybutt,https://open.spotify.com/playlist/28lveqsgYGXnceSixpwMx0
Summmmer (Weenies),7lPVRr5RsD8gTvVs8bOZkF,owen4,https://open.spotify.com/playlist/7lPVRr5RsD8gTvVs8bOZkF
Little gay granola boy,0o6EaSszpvXey15ZrUEK7k,avery,https://open.spotify.com/playlist/0o6EaSszpvXey15ZrUEK7k
gay rave🦝🪩,7Mt1kU9hPFqGF14k8ujrGC,ava rochowicz 🐈,https://open.spotify.com/playlist/7Mt1kU9hPFqGF14k8ujrGC
wish you were gay,0fRF5uNIEpM3IKZmvv4D2P,monkey,https://open.spotify.com/playlist/0fRF5uNIEpM3IKZmvv4D2P
90's gay house,3NtCzj68Nn55GNuORGPj8h,catwatch08,https://open.spotify.com/playlist/3NtCzj68Nn55GNuORGPj8h
sad gay songs for sad gay people,5A5keyulPgavbU3upWx2jR,spencer lita,https://open.spotify.com/playlist/5A5keyulPgavbU3upWx2jR
Mentally ill and Gay (Personal playlist),5JdltElANjHBnWsguinJcs,zspaceparty,https://open.spotify.com/playlist/5JdltElANjHBnWsguinJcs
SONG ROULETTE! (GAY RATS ON STEROIDS VERSION),2a8X0T2cQPAFoBlerPmkvo,Nova,https://open.spotify.com/playlist/2a8X0T2cQPAFoBlerPmkvo
Unke Andaaz E Karam Unke Jo Aana Dil Ka -Andaaz-E-Karam 🌹🔥| Madhur Sharma Version Songs💗💖,1BZDzF5IB5JUObqwNJpqoh,Vibey Music 🎶,https://open.spotify.com/playlist/1BZDzF5IB5JUObqwNJpqoh
Soul/Funk/Jazz/Samples,32J13jC3dCavqva2EMoZX9,veelovedonuts,https://open.spotify.com/playlist/32J13jC3dCavqva2EMoZX9
the everything list,3uHEdzVWwTZiFNoJOgUuJu,tadpole,https://open.spotify.com/playlist/3uHEdzVWwTZiFNoJOgUuJu
Gay Ass High Energy Bops,4P6DvfzTG6TF4Bkppy1q82,Dustin Fields,https://open.spotify.com/playlist/4P6DvfzTG6TF4Bkppy1q82
~Call me gay but your dad text me heyyyyy~,0XtNoWc00aIBzDQXVFuibs,🎀🦇rey🦇🎀,https://open.spotify.com/playlist/0XtNoWc00aIBzDQXVFuibs
Gay Communist Propaganda,7rHkaYXUSBIyg3AglHyWyu,Gabriel Guerrero,https://open.spotify.com/playlist/7rHkaYXUSBIyg3AglHyWyu
I am hella gay j,1E0pNjEZ8pWaD5vpctGsip,ElJosh,https://open.spotify.com/playlist/1E0pNjEZ8pWaD5vpctGsip
"For the girls, gays, and Coleman ",03bHWqNY3j5ZbJqSmyzcKy,💔DragonStar💔,https://open.spotify.com/playlist/03bHWqNY3j5ZbJqSmyzcKy
Your GAY XD🖤📼,3b1JAcuSflxs95Qvu2y9wx,🏳️‍🌈🖤Charlie🖤🏳️‍⚧️,https://open.spotify.com/playlist/3b1JAcuSflxs95Qvu2y9wx
Ur Gay. YES YOU,0kjMxuXKtkm9h7UmPcdtJW,SMD Bitch💋,https://open.spotify.com/playlist/0kjMxuXKtkm9h7UmPcdtJW
I'm am gay actually,3O6VISqdTjxd3n4kwYD2H1,T A T O R T H O T,https://open.spotify.com/playlist/3O6VISqdTjxd3n4kwYD2H1
midnight cowboy 1969,1fPWMRw5Ke5z7bpyZxZqM6,nico,https://open.spotify.com/playlist/1fPWMRw5Ke5z7bpyZxZqM6
gaye holud playlist,4KRVBmTwBiN3gXlwSabieG,Rithu,https://open.spotify.com/playlist/4KRVBmTwBiN3gXlwSabieG
Dil ka dariya beh hi gaya ishq ibadat ban hi gaya - tujhe kitna chahne lage hum,3b08v3xwGOkurTQqOmEgV9,kritika shukla,https://open.spotify.com/playlist/3b08v3xwGOkurTQqOmEgV9
Gupi Gayen Bagha Bayen,0ecLYT3YNamsX0ZPDIRnI7,Krishnendu,https://open.spotify.com/playlist/0ecLYT3YNamsX0ZPDIRnI7
“sad gay music”,3oyLdk2woINnFclvI693Zu,niamhccawley,https://open.spotify.com/playlist/3oyLdk2woINnFclvI693Zu
Gay huzz music👩🏼‍❤️‍💋‍👩🏽,7kgxA8k0AVXBP0aiN3DFOz,🍄🍄‍🟫cj😝🧌🌸,https://open.spotify.com/playlist/7kgxA8k0AVXBP0aiN3DFOz
gay happy hour,3swjyW6AmltjIGrOKpx36C,ty !!!!!!,https://open.spotify.com/playlist/3swjyW6AmltjIGrOKpx36C
The gay dad,7LLiWGZwibyc2wHIpONQHj,Happy Chaos 💙🧡,https://open.spotify.com/playlist/7LLiWGZwibyc2wHIpONQHj
Be Gay! Do Crimes! ,46SRnRCmY3sEMjlOBFjHKX,XD KIDDD-Nyxx!!,https://open.spotify.com/playlist/46SRnRCmY3sEMjlOBFjHKX
lets frot bro i swear its not gay,6oDO0JAfRwsu2mRCxFE6AW,Whiskey,https://open.spotify.com/playlist/6oDO0JAfRwsu2mRCxFE6AW
Om Bhur Bhuvah Swaha - Gayatri Mantra,7yf0b3JWfTmi0nKcLDgmnt,KV,https://open.spotify.com/playlist/7yf0b3JWfTmi0nKcLDgmnt
gay ass songs,213T5KqnWhEuVQlYElq5Ty,The Narrator,https://open.spotify.com/playlist/213T5KqnWhEuVQlYElq5Ty
Gay corn,2le0SL35NZlrpM5BjWiG5v,Brynn,https://open.spotify.com/playlist/2le0SL35NZlrpM5BjWiG5v
gay ass core stuff,171xqtZno6vcXtBjKT9wSD,beck :3,https://open.spotify.com/playlist/171xqtZno6vcXtBjKT9wSD
two Gay black Dudes on facetime,1JMQJduB1YEntNCU6EG7KL,etn,https://open.spotify.com/playlist/1JMQJduB1YEntNCU6EG7KL
gayming vibes,4nEWsWKl5g8jDjYlbTMJmH,jackiexovo,https://open.spotify.com/playlist/4nEWsWKl5g8jDjYlbTMJmH
Milk and honey and gays ,5UY3nLpu8IdZZApBRGQOQR,..,https://open.spotify.com/playlist/5UY3nLpu8IdZZApBRGQOQR
Broadway Gay,3cGJpAUc7HUZUUtdyNfpxW,Miles Trinidad,https://open.spotify.com/playlist/3cGJpAUc7HUZUUtdyNfpxW
👑 Gay Girls 26 🌈 ,527DC2wa79c6uHo3yNRlHi,katniss467,https://open.spotify.com/playlist/527DC2wa79c6uHo3yNRlHi
big gay playlist for my big gay ears,46HrmqToXGn7GlEE54lzeS,quququinny,https://open.spotify.com/playlist/46HrmqToXGn7GlEE54lzeS
Poland Gay Version (2),5kvjbTRcLx6UqWpBLWAFab,Evan Gale,https://open.spotify.com/playlist/5kvjbTRcLx6UqWpBLWAFab
im gay fr,1lxTCjeGCdUMWZg2nMudol,Noah Wilson,https://open.spotify.com/playlist/1lxTCjeGCdUMWZg2nMudol
gay dj automix,5ZCSA5PXLVhWC6MKyb1WCi,conraddish,https://open.spotify.com/playlist/5ZCSA5PXLVhWC6MKyb1WCi
Punjabi aa Gaye Oye,6Mvrl8fOEfi2v2xQ3BuOeQ,DiLJoT SiNgH,https://open.spotify.com/playlist/6Mvrl8fOEfi2v2xQ3BuOeQ
Little gay Ryo's playlist,7rcPKRBzWMzhUIqN4N6kAs,Ryo,https://open.spotify.com/playlist/7rcPKRBzWMzhUIqN4N6kAs
that one friend thats too gay,5BXbUna5qqQnARgQbzEL6N,rose,https://open.spotify.com/playlist/5BXbUna5qqQnARgQbzEL6N
Evil Gay Retard Mix,4hjy39WMmeBHHCsG2MHTWn,sophia,https://open.spotify.com/playlist/4hjy39WMmeBHHCsG2MHTWn
NOW I'M 42 😱 I LIVE W MY WIFE 😋 IDRC FOR HER 😮I THINK I HATE MY LIFE 🤯,69gj9nmI7WlLLo724tzQ4q,🎧ྀི Vee ! ♪⋆.✮ [fllw back],https://open.spotify.com/playlist/69gj9nmI7WlLLo724tzQ4q
IAAPOS,4DitiRsEKjN0u9TU9ERzKH,Snurglezz,https://open.spotify.com/playlist/4DitiRsEKjN0u9TU9ERzKH
Jaffeth is gay,6bObWzj0RCNUt9gygcNKks,Cjeremias,https://open.spotify.com/playlist/6bObWzj0RCNUt9gygcNKks
Gloria Gaynor — I Will Survive - Original Version 1982,3kGkHmKmtPPLBUlvlt6eVe,periosrodriguez,https://open.spotify.com/playlist/3kGkHmKmtPPLBUlvlt6eVe
gaymer 🌠,5LXZr9eX0AfpiIn2pgzQEn,j!,https://open.spotify.com/playlist/5LXZr9eX0AfpiIn2pgzQEn
I’m gay,3PnJOrbiB5YR8Cp5aQGGyl,Trenton Kalinowski,https://open.spotify.com/playlist/3PnJOrbiB5YR8Cp5aQGGyl
You gay?,5CxtjHssE7ytMqg5CGS8Ht,Antoncole,https://open.spotify.com/playlist/5CxtjHssE7ytMqg5CGS8Ht
Colby is gay ,4aXgqnXbicLjQP8D7lFPsw,Caleb Thivierge,https://open.spotify.com/playlist/4aXgqnXbicLjQP8D7lFPsw
gaymer,1hfFYscz3tzp6P8UfePR30,rhys_puffs,https://open.spotify.com/playlist/1hfFYscz3tzp6P8UfePR30
El Rey Sapo 090 - Corridos 🐸🚀🆖,1whveGzcUcSVKwE2VEKUgo,EME Music,https://open.spotify.com/playlist/1whveGzcUcSVKwE2VEKUgo
The Saint (NYC Nite Club 1980-88),6WLGhhfT7riUamlNJhoXZe,elevatedandcrass,https://open.spotify.com/playlist/6WLGhhfT7riUamlNJhoXZe
sciles 5ever until i get a new interest,6fQwVMUQZ732XK3UTWUKPp,vinny,https://open.spotify.com/playlist/6fQwVMUQZ732XK3UTWUKPp
gay men,1N4q8y0BcFxQo35LYev0hW,Rileykrulik,https://open.spotify.com/playlist/1N4q8y0BcFxQo35LYev0hW
Siege is gay,2BMCe49Vzq1pJRcSU1dq6i,getitstraigh,https://open.spotify.com/playlist/2BMCe49Vzq1pJRcSU1dq6i
Pregame with the Gays,355cnJujxG26IMPGwY0VzO,Lauren_kral,https://open.spotify.com/playlist/355cnJujxG26IMPGwY0VzO
Gayyy,5bLH9vOKRggQZmyq8kvPMJ,Iris,https://open.spotify.com/playlist/5bLH9vOKRggQZmyq8kvPMJ
Gay Bops,2K0XULi52twKuEIG9yFc8q,Richard Anthony,https://open.spotify.com/playlist/2K0XULi52twKuEIG9yFc8q
I’m gay,3Sj4bBieaCBuk0LAWJoizg,Cris,https://open.spotify.com/playlist/3Sj4bBieaCBuk0LAWJoizg
trim but gay,29r6kI1JH2RhYdvZm3hbFB,brody,https://open.spotify.com/playlist/29r6kI1JH2RhYdvZm3hbFB
Straight/Gay Bangers,3l8KRRuOuIknVqCZYu1fys,Spencer,https://open.spotify.com/playlist/3l8KRRuOuIknVqCZYu1fys
WLW+ Pop ❤️🩷🤍🧡 I Kissed a Girl BBC Three,74RZEJuKhhBCyw7VnBBPSr,Ali Naylor,https://open.spotify.com/playlist/74RZEJuKhhBCyw7VnBBPSr
Gay fags only,382UQdSOXEaTzaYOF02A3o,Rodrigo Abundes,https://open.spotify.com/playlist/382UQdSOXEaTzaYOF02A3o
God I'm Gay 💦🙏,7nCTGXqXJBbRz3JfbRNJvp,licorice29,https://open.spotify.com/playlist/7nCTGXqXJBbRz3JfbRNJvp
gay b c’s of bri cheese,4PPN0eUZqKAEL7eDyZopPo,Brianna,https://open.spotify.com/playlist/4PPN0eUZqKAEL7eDyZopPo
Gay sleep,3wDdjqvEHbq0xHsrZz7RID,AK-47 (riri),https://open.spotify.com/playlist/3wDdjqvEHbq0xHsrZz7RID
chase whites gay asf,2cruIyKw0yp0VdMgCpUIsl,Chase,https://open.spotify.com/playlist/2cruIyKw0yp0VdMgCpUIsl
Gay faggot ,0CCrQB3s0FODoQ4EKMejkL,Sam,https://open.spotify.com/playlist/0CCrQB3s0FODoQ4EKMejkL
dried grapes are gay,0TF3eCOp2Z5s8Dwg9Zdqt7,tazzie (zunk),https://open.spotify.com/playlist/0TF3eCOp2Z5s8Dwg9Zdqt7
Sleepy Gaymers,3CBrQSqHy0HhzMhtIJDs2Y,J&Adubz,https://open.spotify.com/playlist/3CBrQSqHy0HhzMhtIJDs2Y
Gay slut core🏳️‍⚧️🏳️‍🌈,6SnsQlqiRRK8REjYQtmFUt,Rio Morn,https://open.spotify.com/playlist/6SnsQlqiRRK8REjYQtmFUt
Gay people,2q24Xrl8x6bC8St2WO1vch,Twinkle toes,https://open.spotify.com/playlist/2q24Xrl8x6bC8St2WO1vch
subah ho gayi mamu,0Ub5hy2A6uSMS6DN6yXW95,Mahima Chundawat,https://open.spotify.com/playlist/0Ub5hy2A6uSMS6DN6yXW95
"""Gay music"" - my dad",0YeLLzkoGTNS2RwXv7YXCC,greyson!!,https://open.spotify.com/playlist/0YeLLzkoGTNS2RwXv7YXCC
Gays,5SDTCLCVxWGpRIWeC1laQ3,N0ahor0th3r,https://open.spotify.com/playlist/5SDTCLCVxWGpRIWeC1laQ3
Gay Butt Stuff,7BCREUnJmJMRjShcP33v4i,Justin,https://open.spotify.com/playlist/7BCREUnJmJMRjShcP33v4i
Gaylist,0Ab80z4X4T1vl3nZAzaBPY,Logan H,https://open.spotify.com/playlist/0Ab80z4X4T1vl3nZAzaBPY
Im not hungry,6cMEPKsTbAfz23tubSHXMg,Bree 🪲✨🐟,https://open.spotify.com/playlist/6cMEPKsTbAfz23tubSHXMg
On some gay shit,2AaGHqS6m8NtOh2WUBw9kh,Flanic! At the disco,https://open.spotify.com/playlist/2AaGHqS6m8NtOh2WUBw9kh
brian griffin if he was GAYgin,7dq0cfMNJi0daVrTKVlAac,violet,https://open.spotify.com/playlist/7dq0cfMNJi0daVrTKVlAac
Gay Pride Month,2ZkwP1xQ0xFd8nL3qBQUHb,Bernardo Vidigal,https://open.spotify.com/playlist/2ZkwP1xQ0xFd8nL3qBQUHb
Gurmukh Laha Lai Gaye,1Yr2YfFGGsdc8EREdbBP7u,Vishal Nanglu,https://open.spotify.com/playlist/1Yr2YfFGGsdc8EREdbBP7u
Gay,36L9ca6krNoekW3XcQmGfY,@kanyegraduationbear,https://open.spotify.com/playlist/36L9ca6krNoekW3XcQmGfY
I’m gay.,4bYwMg2Rz4mtteDISCJCVY,•{*}💛🫯Rindou✨🩵{*}•,https://open.spotify.com/playlist/4bYwMg2Rz4mtteDISCJCVY
emo gay furry porn,6cT1JcjimqkwZlmAVHqAsd,@haunt,https://open.spotify.com/playlist/6cT1JcjimqkwZlmAVHqAsd
- interview with the vampire (toxic gays),7Ch8PsWb5Uig8QIySYluXS,lana☾,https://open.spotify.com/playlist/7Ch8PsWb5Uig8QIySYluXS
The songs I play the most because I'm a little gay,0fl8hbssJkjuUyh3gjHYHP,Isla Matter,https://open.spotify.com/playlist/0fl8hbssJkjuUyh3gjHYHP
chemicals in the water that turn the friggin’ frogs gay.,6Jo6T94w5JT7xcEVmVYY6F,Jacques,https://open.spotify.com/playlist/6Jo6T94w5JT7xcEVmVYY6F
Gayming 3.0,6bwvbKTpE4UMmmmXdQSB1c,zrog88-us,https://open.spotify.com/playlist/6bwvbKTpE4UMmmmXdQSB1c
Marvin Gaye Slow Jams,44lbYbndYgHAbOM0YKeHaz,Panya Jordan,https://open.spotify.com/playlist/44lbYbndYgHAbOM0YKeHaz
Gay monkey,1d3TnU8XNsof2unkYH1eec,Fred boy,https://open.spotify.com/playlist/1d3TnU8XNsof2unkYH1eec
gay walking speed,4rToInkNI9Qlr5eB3SG25W,stak∅∅,https://open.spotify.com/playlist/4rToInkNI9Qlr5eB3SG25W
Punjabi aa gaye,1F3sHQaVAuYQC7ypeGMEXW,sgt-pillzbury,https://open.spotify.com/playlist/1F3sHQaVAuYQC7ypeGMEXW
One sided gay crush,6t4akWB9LSMhnjsEPg0LAF,Cian,https://open.spotify.com/playlist/6t4akWB9LSMhnjsEPg0LAF
Can a gay girl get an amen🧡🤍💖,2kzkxylodIIKCq0dVvFLss,Clair,https://open.spotify.com/playlist/2kzkxylodIIKCq0dVvFLss
4 da gays,3W7BhxXjH2PNYbRAFrNpON,Kenna,https://open.spotify.com/playlist/3W7BhxXjH2PNYbRAFrNpON
Fuck this Gay Earth,3bAzDEc5yCVMEmmIM8i5kK,lockstock86,https://open.spotify.com/playlist/3bAzDEc5yCVMEmmIM8i5kK
!!!♡♡♡liTTle feMBoi kiTTy♡♡♡!!! AND !!¡¿¿XD¡WEIRDO JUNG-COOKIE♱¡XD¿¿¡!,3aNMFbb4tyHcJxP9hZhFWa,!!!♡♡♡liTTle feMBoi kiTTy♡♡♡!!!,https://open.spotify.com/playlist/3aNMFbb4tyHcJxP9hZhFWa
Tylie’s First Ptown,3htUmTJni5tKYIhAYa2oJ8,Shane Sturtevant,https://open.spotify.com/playlist/3htUmTJni5tKYIhAYa2oJ8
Gay español/latino 🌈🦄,0xxd4iLFuq7bvWbC4ZXTyZ,Sebastian La Madrid,https://open.spotify.com/playlist/0xxd4iLFuq7bvWbC4ZXTyZ
Pig Pen: Hard and Hot Gay Sex Dungeon Music,7m1Mp1nMObf4ysl0oaOGTk,NoLo,https://open.spotify.com/playlist/7m1Mp1nMObf4ysl0oaOGTk
Hot gay summer ,6YLh1u65Fzqy0RUoytXQUK,🗝️🌀Scouty🧷🔮,https://open.spotify.com/playlist/6YLh1u65Fzqy0RUoytXQUK
My gay music,6GIdPAx8biqkXT1R0PaZjn,Jason,https://open.spotify.com/playlist/6GIdPAx8biqkXT1R0PaZjn
gayge,62gTf78pExdkb7EAmHJM7h,vitoriuhhh,https://open.spotify.com/playlist/62gTf78pExdkb7EAmHJM7h
Hella Gay,3xbCoI2TtVQOk25663PWpH,Chloe de Salvo,https://open.spotify.com/playlist/3xbCoI2TtVQOk25663PWpH
gay african gaming,2D1tZgINSVrjzOaUS0Eauq,goobert,https://open.spotify.com/playlist/2D1tZgINSVrjzOaUS0Eauq
SUPER MEGA GAY LIST,1b3YwlnWEOO6PKzMKGE6tx,Travis hunt,https://open.spotify.com/playlist/1b3YwlnWEOO6PKzMKGE6tx
 gay shit,49v0iWfZFnmRNj70UFGzPd,Enniu,https://open.spotify.com/playlist/49v0iWfZFnmRNj70UFGzPd
My Country David’s Gay,1YAVBs0claXTCsJvBVNOVX,Travis Fitzgerald,https://open.spotify.com/playlist/1YAVBs0claXTCsJvBVNOVX
POLNITO GAY,0iWTwYX13voyPX6tW55nGB,Anderson,https://open.spotify.com/playlist/0iWTwYX13voyPX6tW55nGB
i'm gay,2ntJYjMCuHhPLPMbFAon71,Wisteria,https://open.spotify.com/playlist/2ntJYjMCuHhPLPMbFAon71
💅my gay ass💅,5WrJxw1CDmlPpDsYyRpPVx,☆★ G I Y U U ! ★☆,https://open.spotify.com/playlist/5WrJxw1CDmlPpDsYyRpPVx
gay nga playlist,20oXKLhm97Vhze3X9YRhsb,alwathig7,https://open.spotify.com/playlist/20oXKLhm97Vhze3X9YRhsb
Jacobs not gay music,59Ih7kx3fpCMVnHq0Ol086,faragon156,https://open.spotify.com/playlist/59Ih7kx3fpCMVnHq0Ol086
Car but really gay,5dMZhJXuNitIAzDallcfMT,Zekefreak,https://open.spotify.com/playlist/5dMZhJXuNitIAzDallcfMT
"Computer, make these guys super gay and horny🌚",2zBTa4w9j8fuiJQClglyZp,@ the pub,https://open.spotify.com/playlist/2zBTa4w9j8fuiJQClglyZp
Do you want gay shit?  ,4V3Ma5Dx1PlrtL3vCAwTbP,Vincent Rutter-Covatto,https://open.spotify.com/playlist/4V3Ma5Dx1PlrtL3vCAwTbP
gay twink Thursday mix ,57L52VZGhS9W0I99O1Ojrj,sam,https://open.spotify.com/playlist/57L52VZGhS9W0I99O1Ojrj
💜🧡,73hDD7EGkay9A5h2ZlHMnB,OneShotGolf,https://open.spotify.com/playlist/73hDD7EGkay9A5h2ZlHMnB
Gay twerk shi ,0RoDJEHE8YJOo6nUMtEPxj,Broxson,https://open.spotify.com/playlist/0RoDJEHE8YJOo6nUMtEPxj
GAY,1Cgt2Iobidn7ogCjY3AKkw,⭐️Charstar ⭐️,https://open.spotify.com/playlist/1Cgt2Iobidn7ogCjY3AKkw
gay club kpop,0IuQ3e9GuGW6SC8Hnch8FO,danina,https://open.spotify.com/playlist/0IuQ3e9GuGW6SC8Hnch8FO
GAY🏳️‍🌈✨,5Q7arHrphW2i27tEhgtR4M,toriemerchant,https://open.spotify.com/playlist/5Q7arHrphW2i27tEhgtR4M
Gaylist,2dqOEq5GUwhWppfZDsFDIJ,khanchana,https://open.spotify.com/playlist/2dqOEq5GUwhWppfZDsFDIJ
Gaylist,5j6We4cg64jguUcLBC3a9P,FireBringer1357,https://open.spotify.com/playlist/5j6We4cg64jguUcLBC3a9P
Roel’s totally awesome not gay at all playlist ,5UkfjwFNLCDeutdqV9qQmZ,Roel,https://open.spotify.com/playlist/5UkfjwFNLCDeutdqV9qQmZ
BADSHAH - All songs MIX -BADSHAH best songs,0Gl58lS2tooGtQ7N9oW6Qj,SKY URBANO,https://open.spotify.com/playlist/0Gl58lS2tooGtQ7N9oW6Qj
Mikey's polyJAMorous '90s/'00s pop for the girls/gays/theys,3NwEfz2kNUzNhoze8bnkAr,thereisnosilence1312,https://open.spotify.com/playlist/3NwEfz2kNUzNhoze8bnkAr
GAY,4ebpOWyrGNHTNgI4qsKDQZ,Urmom<3,https://open.spotify.com/playlist/4ebpOWyrGNHTNgI4qsKDQZ
gay (playlist in lowercase),5S0YmGnewiPKQksGCDxRUW,suhhreenuhh,https://open.spotify.com/playlist/5S0YmGnewiPKQksGCDxRUW
I'm gay,6Ladi0O8XSRKo29N0k4iS3,jeffries.jacob0,https://open.spotify.com/playlist/6Ladi0O8XSRKo29N0k4iS3
gayming😭💔💀,5lUtQl33Gv71bMljp7wblu,john xu,https://open.spotify.com/playlist/5lUtQl33Gv71bMljp7wblu
gay frank ocean,6EczZvZUlNJeEk8JPncg6T,dirk,https://open.spotify.com/playlist/6EczZvZUlNJeEk8JPncg6T
what a gay bitchh ,1H1ihndUUwzHz8ZQlZsTmq,fatnuggets,https://open.spotify.com/playlist/1H1ihndUUwzHz8ZQlZsTmq
"Sade, Norah Jones, & Marvin Gaye",5NXzt52Fd92cTqxS67PKTt,sarah munson,https://open.spotify.com/playlist/5NXzt52Fd92cTqxS67PKTt
gaymaxximg,1Y3dOlQpb8HCczkKDjz8do,Stinkyrat,https://open.spotify.com/playlist/1Y3dOlQpb8HCczkKDjz8do
Gloria Gaynor — I Will Survive,3MnJVUxqQa43nA0BRVnpZg,Peter Fotinos,https://open.spotify.com/playlist/3MnJVUxqQa43nA0BRVnpZg
Gay Pop Anthems🏳️‍🌈,1QRv4QDULKFQ2ddZqvXr3h,Christian Tozzi,https://open.spotify.com/playlist/1QRv4QDULKFQ2ddZqvXr3h
gay ass music,7IdFy0bXujXWZ1NTjRDoP9,Akira,https://open.spotify.com/playlist/7IdFy0bXujXWZ1NTjRDoP9
Super gay songs for applebees,6b7iDKFIOrNvFgmUpVR5Fz,Alicia M,https://open.spotify.com/playlist/6b7iDKFIOrNvFgmUpVR5Fz
gay gay homosexual gay,1WjxIeqFASiivvATt7GwWc,Coachie,https://open.spotify.com/playlist/1WjxIeqFASiivvATt7GwWc
"be gay, do crime",3PuZyUxKDeswBPPagdyfvM,your local bookworm,https://open.spotify.com/playlist/3PuZyUxKDeswBPPagdyfvM
im gay,25Q8CtYtMHyn4UeS6NEYVI,d lal,https://open.spotify.com/playlist/25Q8CtYtMHyn4UeS6NEYVI
for the gay and mentally ill,4h2pddAGehP1wUONZ2Iorj,Tsw/theshadowwolf,https://open.spotify.com/playlist/4h2pddAGehP1wUONZ2Iorj
BIG GAY BALLS JAM,4avUwVOqxL7yjZMkF6WUC1,muddymcmeatz,https://open.spotify.com/playlist/4avUwVOqxL7yjZMkF6WUC1
🌈 Tribal House 2026 🌈 As melhores by Dj Derek Flores,6JEP1U4PEA3lCTtrOHHkG1,Derek Flores,https://open.spotify.com/playlist/6JEP1U4PEA3lCTtrOHHkG1
Jacob,5jZj6zRRj9kLnzX6596DJf,Jacob Estrella,https://open.spotify.com/playlist/5jZj6zRRj9kLnzX6596DJf
gay villain god complex ,136dC6OaK7QAyR5xSkL88M,beasty,https://open.spotify.com/playlist/136dC6OaK7QAyR5xSkL88M
Gay people will like,3PetTdlN3fNSNWQxvZa5ZI,Braxton Wyman,https://open.spotify.com/playlist/3PetTdlN3fNSNWQxvZa5ZI
Gay Pride - Chill Party House Mix 🏳️‍🌈,23mdnsDSw6dg93OOLgN5JD,Mike,https://open.spotify.com/playlist/23mdnsDSw6dg93OOLgN5JD
Gays🏳️‍🌈,7lWMjR2Cd2jD4XnyNo4A35,Aviana,https://open.spotify.com/playlist/7lWMjR2Cd2jD4XnyNo4A35
I’m so gay,2NZ05PxaSLLIVrh6CQeHt4,Tomeow,https://open.spotify.com/playlist/2NZ05PxaSLLIVrh6CQeHt4
"*Points* ""GAYYYY""",4Lvy2LFsX2bsQrPmgvMV7W,Liz,https://open.spotify.com/playlist/4Lvy2LFsX2bsQrPmgvMV7W
⋆˚࿔ GAY PIGS ARE COMING TO GROOM YOUR KIDS <3 𝜗𝜚˚⋆,3hp0BPdcuJRo6waH6xoA1Z,ivory.,https://open.spotify.com/playlist/3hp0BPdcuJRo6waH6xoA1Z
Gay Music,4UGpGJ9ujRlgqMFEgvj8nG,Colten,https://open.spotify.com/playlist/4UGpGJ9ujRlgqMFEgvj8nG
fuck my gay ass life,5TAt0OOZlU7VG2iPFdDcDO,Melissa Titanium,https://open.spotify.com/playlist/5TAt0OOZlU7VG2iPFdDcDO
Music to eat me out to (no gay stuff),69TA9CFqPzoZQmcsIf3sZv,Lolninolol69,https://open.spotify.com/playlist/69TA9CFqPzoZQmcsIf3sZv
Gay Gym Sh*t 🦄,0W3pdCdjkrR3qx2DtOzhzk,Aggelos Sakkalis,https://open.spotify.com/playlist/0W3pdCdjkrR3qx2DtOzhzk
Gay American Pool Party 2026,5Xg8WtzOfNL0hvpOfH2zDd,youngclaus,https://open.spotify.com/playlist/5Xg8WtzOfNL0hvpOfH2zDd
Don’t be gay ,0Ue8M8j8pQ9ZTKJcLigkpT,Paytongalvan,https://open.spotify.com/playlist/0Ue8M8j8pQ9ZTKJcLigkpT
Gayyyy🌈🙌🏻,2IkTvcwLZHPpA39359jwTP,DJ Nads,https://open.spotify.com/playlist/2IkTvcwLZHPpA39359jwTP
Charity Gayle playlist ❤️,1nhFnA6Nicm4Eqob92CQhf,joysalandanan21,https://open.spotify.com/playlist/1nhFnA6Nicm4Eqob92CQhf
Moody Gay Teen Anthems♡◇♧♤☆○●•°.,2ZcekrFtG6KaPwDm6Bn3oW,FrogsWillEatEveryone:),https://open.spotify.com/playlist/2ZcekrFtG6KaPwDm6Bn3oW
Gay rock,2YZ7hS9GIyMIOgXxHeNvMC,szmgjhbnlvckyfr5qqfr9cglu,https://open.spotify.com/playlist/2YZ7hS9GIyMIOgXxHeNvMC
Spooky Evil Gay Mix,4DuqOBYEPT68kcmjJLNQXH,Lily,https://open.spotify.com/playlist/4DuqOBYEPT68kcmjJLNQXH
The ultimate GAYlist,7eJgT8aDQDDM3oD1gjGJmT,MUTT!,https://open.spotify.com/playlist/7eJgT8aDQDDM3oD1gjGJmT
Big fat gays LIVE,5fTOj7NB83wPCih9foHsan,Matt Cheeze Lindberg,https://open.spotify.com/playlist/5fTOj7NB83wPCih9foHsan
gay,0MGNdsZElUkiYZTVuQ6MM8,caitlinillson,https://open.spotify.com/playlist/0MGNdsZElUkiYZTVuQ6MM8
God I’m so gay premium bundle,7Mdy4Wv9dzcuTUU5ctvCki,Phenix77,https://open.spotify.com/playlist/7Mdy4Wv9dzcuTUU5ctvCki
Tony's Gay Playlist😂,6ApLUDYxRXC70wSjIiVA5E,Mariz Rascon,https://open.spotify.com/playlist/6ApLUDYxRXC70wSjIiVA5E
Gayming with Ben,1FdFIGD0te7WEsOExVFzZU,AMCross,https://open.spotify.com/playlist/1FdFIGD0te7WEsOExVFzZU
YOUR DOG IS GAY,6LVIqBIplUDhlbtqOkWnqi,Jimotheythedino,https://open.spotify.com/playlist/6LVIqBIplUDhlbtqOkWnqi
Unabashed Gayness,5ULDu4dbOORGpMy1lOmPqP,Kit,https://open.spotify.com/playlist/5ULDu4dbOORGpMy1lOmPqP
Spicy soukoku,6xFTs3zODlYSfEngaKx8FP,꒰  .  🥥 。lucas ◟ `` ˖,https://open.spotify.com/playlist/6xFTs3zODlYSfEngaKx8FP
Im gay n stuff,3fpmkmPIuCgzif1QtCLEZU,aloEVera ☆,https://open.spotify.com/playlist/3fpmkmPIuCgzif1QtCLEZU
Brain melting hard af rn bro,4MfwwAgUgoyP7rvVHuTTsR,Moriaritysm,https://open.spotify.com/playlist/4MfwwAgUgoyP7rvVHuTTsR
gay,4CuFi8WAmQQfkHH6rRwLQO,Noah Johnson,https://open.spotify.com/playlist/4CuFi8WAmQQfkHH6rRwLQO
Gay Shit,5INUciKAFoQpR0XauOTq19,Curt1z1zd3d,https://open.spotify.com/playlist/5INUciKAFoQpR0XauOTq19
gaypop,1C2bqz0DXMGwf5toe6GQ1V,galecross,https://open.spotify.com/playlist/1C2bqz0DXMGwf5toe6GQ1V
Gay Gurliepop (& Slightly Psychotic) Energy,6qOQq1jvHp2y0oPZS4gZnJ,Coco Melon 🍉,https://open.spotify.com/playlist/6qOQq1jvHp2y0oPZS4gZnJ
Songs that remind me of gay boys kissing,4DXKEdvw9liNJ8vqAbisuW,Minxy ;3,https://open.spotify.com/playlist/4DXKEdvw9liNJ8vqAbisuW
Sammy’s Gay Ass Music List🎶💫🐻,5AgLjfqcFH8JV4VNUf2k53,ฅ^•ﻌ•^ฅ◇~•Sammy•Bur•19~♤ʕ•ᴥ•ʔ,https://open.spotify.com/playlist/5AgLjfqcFH8JV4VNUf2k53
wish you were gay (but soul crushing and gay),4OuLsTNCxi1GWDZVYW1767,emilyyy,https://open.spotify.com/playlist/4OuLsTNCxi1GWDZVYW1767
✨️gay✨️,7lEtnSlzX6d3Pqw7POYYrA,Nyx_b1rdbr81n,https://open.spotify.com/playlist/7lEtnSlzX6d3Pqw7POYYrA
junk ,2uhQmb8H78efUEcch7VYVq,hanner,https://open.spotify.com/playlist/2uhQmb8H78efUEcch7VYVq
Let the hunt begin 🔪🪢,1n8lXTYWnZR1ptLQP5f7rn,Niko Marek,https://open.spotify.com/playlist/1n8lXTYWnZR1ptLQP5f7rn
homosexual's playlist,5ES1PMNkLVXFzk4dPUTPP2,Syllyeon,https://open.spotify.com/playlist/5ES1PMNkLVXFzk4dPUTPP2
homosexual mega mix,07I2s71hV09wlLyyrztYm8,crystallineBaker,https://open.spotify.com/playlist/07I2s71hV09wlLyyrztYm8
life force 1 hr,3PPuX8wHEsqlfx4d1InUfp,bibble cereal,https://open.spotify.com/playlist/3PPuX8wHEsqlfx4d1InUfp
homosexual,299R6Krfa1fAS6WN4Bd7Xp,Milkywayyy,https://open.spotify.com/playlist/299R6Krfa1fAS6WN4Bd7Xp
The greatest remixes exclusively for homosexuals,30Mj7s9whHr0223Kb0jT57,Matt Stopera,https://open.spotify.com/playlist/30Mj7s9whHr0223Kb0jT57
Folk punk? Nah these songs are too open about homosexuality ,5iyHd3HJ1wAuaZP3XIEbYl,Elliott Ivan,https://open.spotify.com/playlist/5iyHd3HJ1wAuaZP3XIEbYl
homosexual relations,5ke0ZQVSIZ2aUl4hlTjrFN,g,https://open.spotify.com/playlist/5ke0ZQVSIZ2aUl4hlTjrFN
" homosexual sex, vibe, and cry hangout",4mcqrwWvVdbuCP74ou4w8m,Thomas B.,https://open.spotify.com/playlist/4mcqrwWvVdbuCP74ou4w8m
☁️🌀✦🌙✦🌀☁️,2HGAw2URAoFwiZUSQTkKTT,✮Tøpaz✮,https://open.spotify.com/playlist/2HGAw2URAoFwiZUSQTkKTT
Father pucci | Enrico pucci Playlist,0zccGsQ4k2LjhmGoOJxsNa,el,https://open.spotify.com/playlist/0zccGsQ4k2LjhmGoOJxsNa
Homosexuals summer playlist,7G7ByCBgRST7JbL7X9NnVx,sneezyrocker,https://open.spotify.com/playlist/7G7ByCBgRST7JbL7X9NnVx
i am a closeted homosexual,1yh9H68gdiSY8dkJO7vPfk,Dave,https://open.spotify.com/playlist/1yh9H68gdiSY8dkJO7vPfk
homophobic parents core,7rHG88U8Pm9SN0l97fiGsv,Kate,https://open.spotify.com/playlist/7rHG88U8Pm9SN0l97fiGsv
Playlist for Homosexuals,0tDRGBBPP1PbyqZ1lD1MHw,Janiee,https://open.spotify.com/playlist/0tDRGBBPP1PbyqZ1lD1MHw
✨Homosexuals✨,4VATKyNDftyXGFFo52Z0Bq,✨Pan Panic✨,https://open.spotify.com/playlist/4VATKyNDftyXGFFo52Z0Bq
"""The Bonezone said I'm a closeted homosexual."" Flambae playlist",0fyTtjR4JmlhptLntrbC7A,minty fresh,https://open.spotify.com/playlist/0fyTtjR4JmlhptLntrbC7A
I might be a homosexual,1wacDxcA71E1cSucB0gOcy,Albin Rahmström,https://open.spotify.com/playlist/1wacDxcA71E1cSucB0gOcy
mentally ill and homosexual,31yHDq9KfN8Y7laO5sWC11,niko,https://open.spotify.com/playlist/31yHDq9KfN8Y7laO5sWC11
Homosexuality,6eQHgNEwmCnzv9LItAAckO,Andrew Chen,https://open.spotify.com/playlist/6eQHgNEwmCnzv9LItAAckO
I am a HUGE homosexual,63t1E9Z5tHoYabCArH84R2,AnimeThighz,https://open.spotify.com/playlist/63t1E9Z5tHoYabCArH84R2
the homosexual supporting cast,1VeuRO4n3FYbNRTZxQCIiR,reallzazamaster,https://open.spotify.com/playlist/1VeuRO4n3FYbNRTZxQCIiR
They think I'm homosexual the way I be chasing that sack💰💰,7KJkjynr9IpkN0496gThQF,MR.BOOTYMUNCHER,https://open.spotify.com/playlist/7KJkjynr9IpkN0496gThQF
homosexual rage (but its all pop),1JeHnzJaErQXb89JuelBGD,Thijs,https://open.spotify.com/playlist/1JeHnzJaErQXb89JuelBGD
its time for a hopping homosexual summer baby!,41swVlz8xwXbPtfTlcg9f9,Lillie,https://open.spotify.com/playlist/41swVlz8xwXbPtfTlcg9f9
Gay gay homosexual gay,4JqMXiMJSQldV0iLejn355,merrss★★,https://open.spotify.com/playlist/4JqMXiMJSQldV0iLejn355
I’m probably a homosexual,261WQdJeFXc0hNBfv8QZPM,Stuffy Boi,https://open.spotify.com/playlist/261WQdJeFXc0hNBfv8QZPM
★ Cyber perreo (2) ★,5XTWTXVyEecqtdWLtWpeaR,dome <3,https://open.spotify.com/playlist/5XTWTXVyEecqtdWLtWpeaR
Gay gay homosexual gay,6kA8c8MXMiM7zk6FEr2Jp0,.,https://open.spotify.com/playlist/6kA8c8MXMiM7zk6FEr2Jp0
I'm a slightly sad homosexual,1b7MPkXjPMg60Q4amm7b65,♡𝔗𝔥𝔢ℜ𝔦𝔳𝔢𝔯𝔖𝔱𝔶𝔵♡,https://open.spotify.com/playlist/1b7MPkXjPMg60Q4amm7b65
mama raised an unstable homosexual,67PAbjWnSZc4WsIyr9IoRu,MADC1PES,https://open.spotify.com/playlist/67PAbjWnSZc4WsIyr9IoRu
Vibes for when you and your homosexual husband have different music tastes  and need common ground,4w8oJJBAHdqPEyJX65m4hF,Jeff Vandergoot,https://open.spotify.com/playlist/4w8oJJBAHdqPEyJX65m4hF
~ hypersexual but loving (hating) it~,2IFMaFA9rhIx8JFkyTCiuq,kotaro,https://open.spotify.com/playlist/2IFMaFA9rhIx8JFkyTCiuq
my pansexual shit💋,0VwF61HPeSF86Z2AsmcoFC,⊰∘☽sp00ky.gh0st☾∘⊱,https://open.spotify.com/playlist/0VwF61HPeSF86Z2AsmcoFC
🌌Creek vibes☕️ (SOUTH PARK),6koIHDBJptH8HLdbi8k0kK,Pink_ChalkBoard2000,https://open.spotify.com/playlist/6koIHDBJptH8HLdbi8k0kK
Billy Loomis Mixtape,2wJlEw7E0Y4CrRciWUwLIu,Sharp,https://open.spotify.com/playlist/2wJlEw7E0Y4CrRciWUwLIu
God,73sJuHkyuupwFTePLzaABX,Holy Crow,https://open.spotify.com/playlist/73sJuHkyuupwFTePLzaABX
homosexuals anonymous,0iJiUbnEgZobzJJL4TmiJf,karen :3,https://open.spotify.com/playlist/0iJiUbnEgZobzJJL4TmiJf
lubed up homeless homosexuals ,5n0s21XAbnPqENxNiR7jIg,homosexual nigga,https://open.spotify.com/playlist/5n0s21XAbnPqENxNiR7jIg
Gay Gay Homosexual Gay,7xHuWBMeUDbpknrcV2gAH4,Daniel,https://open.spotify.com/playlist/7xHuWBMeUDbpknrcV2gAH4
homosexual tendencies ,4zGiVRtBHJwfjlCnRLP9f3,givemebackmyslop,https://open.spotify.com/playlist/4zGiVRtBHJwfjlCnRLP9f3
Bisexual Playlist,5S6Tezjj71MUIG1Yp9bVDz,♡ Jade ♡,https://open.spotify.com/playlist/5S6Tezjj71MUIG1Yp9bVDz
"""I like girls and guys,if you don't like it byeee"" //A Bisexual playlist//",0TnKHObs5ZzSv0hDPvdCAO,×Who.I.Long.To.Be×,https://open.spotify.com/playlist/0TnKHObs5ZzSv0hDPvdCAO
Asexual Anthems 💜🤍🩶🖤,2ti7uVtiyYHDOrD3LGt145,Mj,https://open.spotify.com/playlist/2ti7uVtiyYHDOrD3LGt145
Nonbinary songs for your nonbinary ass☆,2PhmNR4zoSbl9gTBBEA1ya,Domi.noziee,https://open.spotify.com/playlist/2PhmNR4zoSbl9gTBBEA1ya
God damn we're gay🤤💕,6irn9aJRV0hzuFkZSMWDPU,Sky🖤⛓️,https://open.spotify.com/playlist/6irn9aJRV0hzuFkZSMWDPU
Homosexual hits,3mj42IJHAxelJ8iv8KBeKd,Loko,https://open.spotify.com/playlist/3mj42IJHAxelJ8iv8KBeKd
Gay homosexual,721kLdCBYgGyczDZJTLL3s,You know me,https://open.spotify.com/playlist/721kLdCBYgGyczDZJTLL3s
George Homosexual,2MNp93hDmMetpQRZy1w4NO,Corban Rider,https://open.spotify.com/playlist/2MNp93hDmMetpQRZy1w4NO
weird psychosexual girl ,39xtHAHUCfSjuTcVRuI9m6,dani,https://open.spotify.com/playlist/39xtHAHUCfSjuTcVRuI9m6
Sapphic songs that aren't the same five artists ,1EJeL4b9ipm0rY47XHwU9d,Bloody Nymph,https://open.spotify.com/playlist/1EJeL4b9ipm0rY47XHwU9d
LBGTQIA+ Songs 🏳️‍🌈🏳️‍⚧️🌈,3ysfL5D80Ra4pTMRzR3A8S,Froxythegoober,https://open.spotify.com/playlist/3ysfL5D80Ra4pTMRzR3A8S
⚠️THESE SONGS ARE ABOUT LESBIAN SEX⚠️,4CNH34YN0XFEovXb6eyc4U,kahlee,https://open.spotify.com/playlist/4CNH34YN0XFEovXb6eyc4U
"today, i am a GOD! {tf2 medic}",63O1w17IhF3htVCRxPCGmX,charleyyy,https://open.spotify.com/playlist/63O1w17IhF3htVCRxPCGmX
✨Vibes😔✌✨,7rO42rFbEijjisa12S4NFV,Nick<3,https://open.spotify.com/playlist/7rO42rFbEijjisa12S4NFV
Gay Gay Homosexual Gay,3QxswyyihTaNzDtPOQ5RSi,Lemon !!,https://open.spotify.com/playlist/3QxswyyihTaNzDtPOQ5RSi
Your neighborhood homosexuals🏳️‍🌈,6BYegJlNLWdoaJlu3ZUQce,Riley,https://open.spotify.com/playlist/6BYegJlNLWdoaJlu3ZUQce
An ACTUAL hypersexual Playlist,50Ui2fM8PjJp8d7r9VACVL,Aldanaohnana,https://open.spotify.com/playlist/50Ui2fM8PjJp8d7r9VACVL
A playlist for Pansexuals💗💛💙,1FXOhDLmomRo8MoXa9y2nQ,silly⸆⸉,https://open.spotify.com/playlist/1FXOhDLmomRo8MoXa9y2nQ
ˊˊ Why wont these thoughts stop?ˏˏ ┊ A hypersexual playlist ୨୧,4V3AfjEb3TKfo4429bpRyJ,kody  ＞︿＜,https://open.spotify.com/playlist/4V3AfjEb3TKfo4429bpRyJ
Popular and niche songs 🎵 ♥️ ,0bU2nIaVYyq2CCSrKq5R5x,SUMM3RT1M3_1119,https://open.spotify.com/playlist/0bU2nIaVYyq2CCSrKq5R5x
aggressively sapphic pop bops,3HuE6M5Q5RzCwpaWZVs0UL,ciara,https://open.spotify.com/playlist/3HuE6M5Q5RzCwpaWZVs0UL
🌙 ᴛʜᴇ ɢᴀʏ ʜᴏᴍᴏsᴇxᴜᴀʟs 🦇,5FfCnlCtP0F2YRQL22iOSO,ᗩᗰI ⋆｡˚ 🫀ੈ✩‧₊˚,https://open.spotify.com/playlist/5FfCnlCtP0F2YRQL22iOSO
Meow meow ✂️✂️,5pZuhcUFtQgn8q17ppXjkh,Lesbos,https://open.spotify.com/playlist/5pZuhcUFtQgn8q17ppXjkh
LESBIANISMO ENTRE MUJERES LARGA VIDA HOMOSEXUAL!!,3F4jpXp1AHC3wA6RznopN6,Jxsol,https://open.spotify.com/playlist/3F4jpXp1AHC3wA6RznopN6
Homosexual men,4nnYn2NT4cMWUXwBEj97XK,Youre.mommy.and.me,https://open.spotify.com/playlist/4nnYn2NT4cMWUXwBEj97XK
Homosexual🤐,6GHmK1LH2CPoI9JEhNwXGO,Rajakya,https://open.spotify.com/playlist/6GHmK1LH2CPoI9JEhNwXGO
I Cast ✨️Homosexuality✨️,4QExj1Tu12Bj2QJfxCdTom,Dude I Love Frogs,https://open.spotify.com/playlist/4QExj1Tu12Bj2QJfxCdTom
fucking gay? as in homosexual?,4o025ug4AbeM9n8AbKGkSC,goose,https://open.spotify.com/playlist/4o025ug4AbeM9n8AbKGkSC
THE MOST hypersexual songs in existence🔞,5wgYd8znBpgPCKD82WKPGH,parker🔮,https://open.spotify.com/playlist/5wgYd8znBpgPCKD82WKPGH
asexual playlist for when ur feeling asexual,5cdb6nzP0LwqU53unFS3uJ,mankamenty,https://open.spotify.com/playlist/5cdb6nzP0LwqU53unFS3uJ
Bisexual Anthems,0is7AkXys3uU4aVekm0JuP,Lyssa D Thomlin,https://open.spotify.com/playlist/0is7AkXys3uU4aVekm0JuP
“Why are you so scared and disgusted? It’s only sex?”,2y3N1ADOCve44OBiS7ysdq,🦴📀Lils🗡️🧚‍♀️,https://open.spotify.com/playlist/2y3N1ADOCve44OBiS7ysdq
cring,6G7D8UgF2ZxDLApi9KUgG7,tulip :),https://open.spotify.com/playlist/6G7D8UgF2ZxDLApi9KUgG7
Homosexuality inc.,727yWQSWA7JtWSMtxDh4ZP,Niko,https://open.spotify.com/playlist/727yWQSWA7JtWSMtxDh4ZP
Mental Problems and Homosexuality,4CoCoQXa9RyhFe9IWCbJtG,Cinnamon (Saca),https://open.spotify.com/playlist/4CoCoQXa9RyhFe9IWCbJtG
A playlist for Bisexuals💗💜💙,4cUvkOsbcJWWdxo365e3Pj,silly⸆⸉,https://open.spotify.com/playlist/4cUvkOsbcJWWdxo365e3Pj
closeted queer with a homophobic family,730UivVnY3U6JdWRy5G8Ij,dim ⋆˚࿔,https://open.spotify.com/playlist/730UivVnY3U6JdWRy5G8Ij
"filthy, disgusting, ugly. - hypersexual playlist",0uAdlqHtIeRcA0LfC17yfh,r3xI__,https://open.spotify.com/playlist/0uAdlqHtIeRcA0LfC17yfh
Sapphic Rock Shit‼️,1K4IIeSSE41aiyXFclVDKY,Luna Grey,https://open.spotify.com/playlist/1K4IIeSSE41aiyXFclVDKY
Club Disco ,6nrh6lv8oGfLU2oKvEe6Cw,Blue_Wall17,https://open.spotify.com/playlist/6nrh6lv8oGfLU2oKvEe6Cw
homosexuals🤬,5GB2HMdcBRSyua9SNfCuko,Nat<3,https://open.spotify.com/playlist/5GB2HMdcBRSyua9SNfCuko
Homosexuales,6tzdjExg8AFXxRx4Th0mAE,Drizz,https://open.spotify.com/playlist/6tzdjExg8AFXxRx4Th0mAE
homosexuality ,23L1NzhajvhEVqcIMtWbNv,nautguheliauh,https://open.spotify.com/playlist/23L1NzhajvhEVqcIMtWbNv
freaky homosexual playlist ,6nfffxGwv7fqQrtgj3DZ0J,LilylovesYuri,https://open.spotify.com/playlist/6nfffxGwv7fqQrtgj3DZ0J
Radioactive Homosexual,1DFc3qnc7fCqvxZctLXoII,123139559,https://open.spotify.com/playlist/1DFc3qnc7fCqvxZctLXoII
get psychosexual NOW,2nRosGu5dibLrzOcwUcyok,olympia.orchid,https://open.spotify.com/playlist/2nRosGu5dibLrzOcwUcyok
POV :your pansexual and nonbinary,2asGP3YEkEroNhhik8mnKk,Wicked,https://open.spotify.com/playlist/2asGP3YEkEroNhhik8mnKk
hypersexual guilt👉👈,74x2b0Q3ZXH4E7oef5feg9,kai,https://open.spotify.com/playlist/74x2b0Q3ZXH4E7oef5feg9
queer women love | sapphic,7DmDvFx9O4Vg8bq7GVF9JQ,stela IS,https://open.spotify.com/playlist/7DmDvFx9O4Vg8bq7GVF9JQ
Gay homosexual gay,6g1dO5288yYQ98RdPty5OS,Evelinm90,https://open.spotify.com/playlist/6g1dO5288yYQ98RdPty5OS
pov: ur a closeted bisexual ,0yWdf6rbSrOaGb6K3J0aS5,Ammu Cherukuri,https://open.spotify.com/playlist/0yWdf6rbSrOaGb6K3J0aS5
meater beater 3000,6h5AjQy632vp7kzFFD2N2K,Rxvxlk,https://open.spotify.com/playlist/6h5AjQy632vp7kzFFD2N2K
byle bongs,67CTSWtqc5HmHdplS6Ttu8,Kyle Rockwell,https://open.spotify.com/playlist/67CTSWtqc5HmHdplS6Ttu8
Music for the me favorites,5or9OpGvgeqoxp9aP3qgD3,J.G. and ryley,https://open.spotify.com/playlist/5or9OpGvgeqoxp9aP3qgD3
I’m Pansexual And My Family Doesn’t Know,3OHohC7T091ZlIeBTf7Fuw,Lil Dorito,https://open.spotify.com/playlist/3OHohC7T091ZlIeBTf7Fuw
niche #niche,6DnXRriOw4mnloyPlKwIM2,cacaboy56,https://open.spotify.com/playlist/6DnXRriOw4mnloyPlKwIM2
homosexuals and ben,4mMjgyxOuqMxcPizOiMIjy,Chave9,https://open.spotify.com/playlist/4mMjgyxOuqMxcPizOiMIjy
Not a Homosexual Playlist,0S5kHKDIexk9EkJk7xrBGq,sheath,https://open.spotify.com/playlist/0S5kHKDIexk9EkJk7xrBGq
Homosexual Rigamarole,38w6xq0JEy9gsCLoNZ91Qr,Sheyro,https://open.spotify.com/playlist/38w6xq0JEy9gsCLoNZ91Qr
gay gay homosexual gay,1pBU5xl2gaXWLDcwbiwxri,Adam,https://open.spotify.com/playlist/1pBU5xl2gaXWLDcwbiwxri
Such a good girl...//spicy WLW playlist,1IZrJJbDyCRViuQ0zZluym,T0^^Y¡^^¡T,https://open.spotify.com/playlist/1IZrJJbDyCRViuQ0zZluym
🖤🩶🤍💜average asexual playlist🐈‍⬛🪨📄☂️,3zLaCzpyboL3lv1bgSmyVg,caramel,https://open.spotify.com/playlist/3zLaCzpyboL3lv1bgSmyVg
"these are asexual pride songs now, no take backs",4Hq2laFhH2T4C0qlmBwC0I,Kayla RoseQueen,https://open.spotify.com/playlist/4Hq2laFhH2T4C0qlmBwC0I
masc lesbian,6DHR2py6QAXXcVibnbnOfY,✮ Sam,https://open.spotify.com/playlist/6DHR2py6QAXXcVibnbnOfY
gender dysphoria (ftm),7vswCA0fyt2YlRZUYfQbzD,~○☆Elliot☆○~,https://open.spotify.com/playlist/7vswCA0fyt2YlRZUYfQbzD
⁺ ‎ ‎ ‎ ‎ ‎𝓀α𝒾 ‎ ‎ ‎ ❤︎ ‎ ‎ ‎ ‎𝑱𝗎ꪀ𝗂 ‎ ‎ ‎ ⊹　,7FdO5AvBdspH24zLQWHfM6,🌹  ㅤׅ⠀  𝒥͟𝓊𝗻𝕚⠀⑅  𝓀αι’𝓼  ㅤׄ ⠀,https://open.spotify.com/playlist/7FdO5AvBdspH24zLQWHfM6
Homosexual,42lPbvfuasRcDUI3sF4hen,Corvyonx,https://open.spotify.com/playlist/42lPbvfuasRcDUI3sF4hen
Gay gay homosexual gay,4Ml0V5EnSP8Gq620CUyp99,Toast,https://open.spotify.com/playlist/4Ml0V5EnSP8Gq620CUyp99
Raging Homosexual,3FArIxFXVjhkffDWdbpcrA,Tism time,https://open.spotify.com/playlist/3FArIxFXVjhkffDWdbpcrA
genderfluid songs to piss of your transphobic parents ,3jhwXGUBjjgJDfinHt39Is,weird fih,https://open.spotify.com/playlist/3jhwXGUBjjgJDfinHt39Is
pov: you’re asexual but your music isn’t,0ebaiCtocmpH5MvaKK0UHl,.kit.,https://open.spotify.com/playlist/0ebaiCtocmpH5MvaKK0UHl
"🩷💛🩵 guys seriously, I'm PANicking 🩵💛🩷 // Pansexual Playlist ",3ZV2fjC6HqbqQ5qd38xTtr,in2catacombs,https://open.spotify.com/playlist/3ZV2fjC6HqbqQ5qd38xTtr
Levi and Maddie’s story,6QnoVaBa5NKknWvICUqg1V,Hazel,https://open.spotify.com/playlist/6QnoVaBa5NKknWvICUqg1V
Sgt. Sullivan || Boots,5uQUNieD7MQrumwV9rDNUP,theodor,https://open.spotify.com/playlist/5uQUNieD7MQrumwV9rDNUP
homosexual,46OgHg1YfLyc3bNha7Pltm,ahtziri 𐔌՞ ܸ.ˬ.ܸ՞𐦯,https://open.spotify.com/playlist/46OgHg1YfLyc3bNha7Pltm
Homosexual Dreams,6Zqk73bI2yXjWKKaNrSPrP,SoggySock,https://open.spotify.com/playlist/6Zqk73bI2yXjWKKaNrSPrP
homosexual impregnation,35kZS2qcOzYhGo15HjuuXg,Saran Khan,https://open.spotify.com/playlist/35kZS2qcOzYhGo15HjuuXg
sick ass homosexual playlist,1zN1GMqWll2NwPElyZXYTq,lrooski,https://open.spotify.com/playlist/1zN1GMqWll2NwPElyZXYTq
Gay gay homosexual gay,4yJIriqaQTSPyxSfbm0VWq,Iceewolfe,https://open.spotify.com/playlist/4yJIriqaQTSPyxSfbm0VWq
queer pain/internalized homophobia,3eiPS0Wi6Qw6VQoWQHaiRN,Olivia,https://open.spotify.com/playlist/3eiPS0Wi6Qw6VQoWQHaiRN
Pansexual Panic!?!?!?!?! <3,6q08449U48mdcWAsqGa6Em,PotatoezLOL,https://open.spotify.com/playlist/6q08449U48mdcWAsqGa6Em
🏳️‍🌈The Gaylist🏳️‍🌈,4hdQ2KYZcV3ojHEC4OjWAk,Darian Washington Jr.,https://open.spotify.com/playlist/4hdQ2KYZcV3ojHEC4OjWAk
Homosexual supporting cast ahh playlist,1JFpzSpYY3r7UhPQuXLySu,Tj,https://open.spotify.com/playlist/1JFpzSpYY3r7UhPQuXLySu
Homosexuality,0RKkHgq9oo7SXfSxmfTLRR,Oscat,https://open.spotify.com/playlist/0RKkHgq9oo7SXfSxmfTLRR
Gay homosexual shit,2L52ipIENIJzgqutyma0RG,gooberbush,https://open.spotify.com/playlist/2L52ipIENIJzgqutyma0RG
hypersexual,7DXk6PNpeCBvBy4IOr7ZFQ,🐇,https://open.spotify.com/playlist/7DXk6PNpeCBvBy4IOr7ZFQ
Being a 🌟Pansexual🌟,4WN57J9FBRPNnG5G2Y3fSy,raven.u_u2,https://open.spotify.com/playlist/4WN57J9FBRPNnG5G2Y3fSy
really gay stuff,6vHKl4dLm5m1slFWZWQXEO,Omungies,https://open.spotify.com/playlist/6vHKl4dLm5m1slFWZWQXEO
Powerful Women Only,6HcxrCt1t0jaGDcG7GRNEc,Mike Fontana,https://open.spotify.com/playlist/6HcxrCt1t0jaGDcG7GRNEc
Bisexual punk skaters,27mnLWkfeQzirOfJC8YaLL,Marshall,https://open.spotify.com/playlist/27mnLWkfeQzirOfJC8YaLL
Homosexualness,3au5LUsb5nqiqumOxstmHF,TheGayOrca,https://open.spotify.com/playlist/3au5LUsb5nqiqumOxstmHF
Caballo Homosexual de las Montañas,20Iy3VwFjTk1ZEahGlm5AW,Abraham,https://open.spotify.com/playlist/20Iy3VwFjTk1ZEahGlm5AW
I’m a fucking homosexual 🗣️🔥,2UwFTxGfGp2bzigoytwUFL,Mattu,https://open.spotify.com/playlist/2UwFTxGfGp2bzigoytwUFL
I work for the State Department and I'm a homosexual,5bd7LtrHCdqyw2Y6EZCbxc,Greyson Pettus,https://open.spotify.com/playlist/5bd7LtrHCdqyw2Y6EZCbxc
POV: This is a decent bisexual playlist ,092ppqzJIgoqrYobViGXox,Aztek,https://open.spotify.com/playlist/092ppqzJIgoqrYobViGXox
Religious Guilt for Being Queer,2StQL7EYyub5T8FYhTvqpt,Tr4sh_k1tty,https://open.spotify.com/playlist/2StQL7EYyub5T8FYhTvqpt
sapphic songs for your talking stages that aren't just clairo,1AwFH5rNLUaNAdxXZiXRAg,ju,https://open.spotify.com/playlist/1AwFH5rNLUaNAdxXZiXRAg
🧬,2l3eTOYFrCdkxwcNpLdbaJ,Emanuel,https://open.spotify.com/playlist/2l3eTOYFrCdkxwcNpLdbaJ
Homosexual intercourse,1D2lrwf6iPqOdEXnxj49Tx,Edd,https://open.spotify.com/playlist/1D2lrwf6iPqOdEXnxj49Tx
Playlist for homosexuals 25,3muQApQF0BRt6iV8pTiAoM,soonjay macaneudo,https://open.spotify.com/playlist/3muQApQF0BRt6iV8pTiAoM
Aggressive & Homosexual at the Gym Vol. 4,4XJk7MeBxnpU19NFFoVYv2,Greyson Pettus,https://open.spotify.com/playlist/4XJk7MeBxnpU19NFFoVYv2
"will's gay playlist for homosexuals, aka “the gaylist”",3Pkr8Sb9e2qwhcL8NR2glL,wclem371,https://open.spotify.com/playlist/3Pkr8Sb9e2qwhcL8NR2glL
Ah yes. BISEXUALITY✨️✨️✨️,7GjRk4tvAdIBNYnjHT5VTa,Period,https://open.spotify.com/playlist/7GjRk4tvAdIBNYnjHT5VTa
Non-binary playlist 💛🤍💜🖤,705sKRf4JIXjp2Rt06FckX,⋆. 𐙚˚࿔ ANGEL 𝜗𝜚˚⋆,https://open.spotify.com/playlist/705sKRf4JIXjp2Rt06FckX
"🏳️‍⚧️~""CAUSE PARENTS AIN'T ALWAYS RIGHT!""~🏳️‍⚧️ (my personal trans ftm playlist)",55axNBOzRzTPcHEylCY3vi,ᴘɪᴇʀʀᴏᴛ ༘⋆𖦹 🎪 🎈,https://open.spotify.com/playlist/55axNBOzRzTPcHEylCY3vi
✨🌈🔥Sapphic Smuttt🔥🌈✨,3W2VbLb7pwfAnUrcMpQGQF,Kristen Bassett,https://open.spotify.com/playlist/3W2VbLb7pwfAnUrcMpQGQF
Spotify thinks I'm a Bisexual,0lkY20JNpemPnoLF7kq59Z,Nick,https://open.spotify.com/playlist/0lkY20JNpemPnoLF7kq59Z
homosexuality (rock & metal edition),4c6s7G65lUyYsL1fAubMrz,mesonyx,https://open.spotify.com/playlist/4c6s7G65lUyYsL1fAubMrz
im  a retarded homosexual,7z8Iku97g5bdlL4aKFR9qJ,billyisapig,https://open.spotify.com/playlist/7z8Iku97g5bdlL4aKFR9qJ
The happiness of the homosexual squirrel,5IMxtS2AihsP1hoekNeral,failed poop,https://open.spotify.com/playlist/5IMxtS2AihsP1hoekNeral
Pansexual and aroace,2dDnOqIxqZ4PWsnIGhvny0,Kirara,https://open.spotify.com/playlist/2dDnOqIxqZ4PWsnIGhvny0
sad queer songs for sad queer people,0GbBY5RxJ4kJ2OMnDjEyFM,Farah,https://open.spotify.com/playlist/0GbBY5RxJ4kJ2OMnDjEyFM
non-binary dysphoria🥀 (but made by a non-binary person),7psq5JvC8DdkFkXo1miIiF,@cid yummi3zxX,https://open.spotify.com/playlist/7psq5JvC8DdkFkXo1miIiF
Bisexual Frat Boy Bangers,3Zy4WvjdVvpPgMxalIwkol,mshafer2,https://open.spotify.com/playlist/3Zy4WvjdVvpPgMxalIwkol
the yuri sanctuary,6LYKT6CdDIkgycDjByZyg2,key lime π,https://open.spotify.com/playlist/6LYKT6CdDIkgycDjByZyg2
sesbian lex ✂️,6oFBf3kbiwoGMFr4CWH1uV,sarah.kate,https://open.spotify.com/playlist/6oFBf3kbiwoGMFr4CWH1uV
my sigma playlist x3,2LoYZkwAEFqpSamX335iP2,plutooo,https://open.spotify.com/playlist/2LoYZkwAEFqpSamX335iP2
homosexuality,2cxoxNTylH4uQlZXc0XNnT,kuki,https://open.spotify.com/playlist/2cxoxNTylH4uQlZXc0XNnT
Homosexual ,4q95PuQfcUjXDUU62EL6Ks,cashfamily2010,https://open.spotify.com/playlist/4q95PuQfcUjXDUU62EL6Ks
The Homosexual Gathering,4vln6EkvEO22ru2EVY2H1e,RitzSpikes,https://open.spotify.com/playlist/4vln6EkvEO22ru2EVY2H1e
radical homosexuals,4Gu2deAg0G0dNJs9wpeBOL,men,https://open.spotify.com/playlist/4Gu2deAg0G0dNJs9wpeBOL
🏳️‍🌈✨Gay the pray away✨ 🏳️‍🌈,7pDJeNbKqVdxgFC9gBcFyT,Cele§te L¥rielle,https://open.spotify.com/playlist/7pDJeNbKqVdxgFC9gBcFyT
Real music that made me cry,7wsfdakwh7KHMrOBhK8uiH,Yatsu,https://open.spotify.com/playlist/7wsfdakwh7KHMrOBhK8uiH
actual sapphic love songs,18CxRWmVIqhdHWChhRdhAH,bea 🐞,https://open.spotify.com/playlist/18CxRWmVIqhdHWChhRdhAH
Blue_luvs_gyomei☆☆,3oHMELfDkN7Stim31Hn3bk,Melinda Bayra,https://open.spotify.com/playlist/3oHMELfDkN7Stim31Hn3bk
Homosexual ,29woA6abubZtKjXGcjqnW4,Jazzy Dababss,https://open.spotify.com/playlist/29woA6abubZtKjXGcjqnW4
Homosexual Chaos,215sH9F8bPxNYrfOSkwbfo,turnerliketina,https://open.spotify.com/playlist/215sH9F8bPxNYrfOSkwbfo
I’m a homosexual!,0hDiuMPzFv4ZxC0XhpD5Tt,zdawg,https://open.spotify.com/playlist/0hDiuMPzFv4ZxC0XhpD5Tt
♡~¡Abrosexual!~★,62pDAx71ofoWv24DVKabb2,𝐕𝐚𝐧𝐧𝐲⋮ ⌗┆StarlessVoid,https://open.spotify.com/playlist/62pDAx71ofoWv24DVKabb2
Sesbian Lex,3EtaptNwRUaO0o7OKf9vDe,Jade,https://open.spotify.com/playlist/3EtaptNwRUaO0o7OKf9vDe
queer guilt,4WrxYrVZlVLjprmQKHmXhO,em🐞,https://open.spotify.com/playlist/4WrxYrVZlVLjprmQKHmXhO
💞The Trans Girl Playlist💞,400lVghV5T0bDVUWRXQzjF,KaitlynLovesAlliums,https://open.spotify.com/playlist/400lVghV5T0bDVUWRXQzjF
spooky (dope) things 👀,5TubtbjNSA7UyAM7nezVjB,Dave so DOPE!!,https://open.spotify.com/playlist/5TubtbjNSA7UyAM7nezVjB
Zentea's homosexual list,6vdZKvYyUXAaPJD18PsfaB,Zentea,https://open.spotify.com/playlist/6vdZKvYyUXAaPJD18PsfaB
Closeted homosexual ,3nIPhyc23uNqQyQjcu6r5M,ITNAS,https://open.spotify.com/playlist/3nIPhyc23uNqQyQjcu6r5M
My Hypersexual/SH Playlist,152YsSy8Lnmna8d4tRfrDc,🏳️‍⚧️•Z0MB13PUP•🇷🇺,https://open.spotify.com/playlist/152YsSy8Lnmna8d4tRfrDc
a confused bisexual 🩷💜💙,6y6K3mBSh1JHinDjoPAmRt,timkon_is_the_best_,https://open.spotify.com/playlist/6y6K3mBSh1JHinDjoPAmRt
*ೃ༄ ftm 💤 ·˚ ༘༄˙,64cDkiIqyBuqCNoaMd4Exz,˖° 𐙚  𝓢𝓾𝓪 𐙚 °˖,https://open.spotify.com/playlist/64cDkiIqyBuqCNoaMd4Exz
anti-performative,1gORakcp1zgBQZlDLo05dD,jezabell,https://open.spotify.com/playlist/1gORakcp1zgBQZlDLo05dD
punk/queercore: trans edition,16fTWDFUtT3MhzKwI9YMlv,Ayne,https://open.spotify.com/playlist/16fTWDFUtT3MhzKwI9YMlv
POV your that weird kid,4V33W1n3W70YbK1LmK2RWC,*Axel,https://open.spotify.com/playlist/4V33W1n3W70YbK1LmK2RWC
questioning my sexuality.... again,63WREJowu4DsFJRYlK5TGk,wieke,https://open.spotify.com/playlist/63WREJowu4DsFJRYlK5TGk
🧼 Soapshipping 🧼,7qlkJkrsMzP7ECwjmxhc6E,Mintys 🦨,https://open.spotify.com/playlist/7qlkJkrsMzP7ECwjmxhc6E
homosexual in denial,4ea3fczCJ83Itjb3dPjUFS,emily rose,https://open.spotify.com/playlist/4ea3fczCJ83Itjb3dPjUFS
Homosexual/ADHD Singing,58aZ17w7Ah21cQStYiVYhN,Purplemudkip,https://open.spotify.com/playlist/58aZ17w7Ah21cQStYiVYhN
Feeling: Calm (and Homosexual),0sgOJbHKhGOxBK9muBJ8Sx,Forecast,https://open.spotify.com/playlist/0sgOJbHKhGOxBK9muBJ8Sx
I want to love a woman but in a homosexual way,5VpawVMcZM3air1R0XnUBd,Zoltach,https://open.spotify.com/playlist/5VpawVMcZM3air1R0XnUBd
Bisexual Love <3,3RGa2hf0K6sLzpWk6BGu3h,Sarah Angel,https://open.spotify.com/playlist/3RGa2hf0K6sLzpWk6BGu3h
🏳️‍⚧️⚧️trans mtf dysphoria⚧️🏳️‍⚧️,65y1PK0kihwnjG8TR1iPO3,Ashley,https://open.spotify.com/playlist/65y1PK0kihwnjG8TR1iPO3
✰questioning my gender✰,1S3n2dZgBUBodd86qfD3YN,✰💛⚡︎denki kaminari⚡︎💛✰,https://open.spotify.com/playlist/1S3n2dZgBUBodd86qfD3YN
Asexual Pride,5hHmvAGKGzw52yKBizvwfB,Mal 💜,https://open.spotify.com/playlist/5hHmvAGKGzw52yKBizvwfB
I LOVE HOMOSEXUAL BLACK PEOPLE 🫶😘🧴-Braxton,6vU3pSViADJAJ5wptpKP9r,Pranav,https://open.spotify.com/playlist/6vU3pSViADJAJ5wptpKP9r
homosexual jam,55ohzCpWf8f1dRYKoJJeNH,SAMUEL,https://open.spotify.com/playlist/55ohzCpWf8f1dRYKoJJeNH
Homosexuality is key ,35KIBvaOZJbhmgyOLzqI05,𝑎𝑣𝑎 💗,https://open.spotify.com/playlist/35KIBvaOZJbhmgyOLzqI05
I am a stupid chud closeted homosexual,7g9d7EJdX66EyHgDmk0VuE,ZTG,https://open.spotify.com/playlist/7g9d7EJdX66EyHgDmk0VuE
bisexual energy only🩷💜💙,04fbNXSu7lXaSkN2XY3yip,taylor624,https://open.spotify.com/playlist/04fbNXSu7lXaSkN2XY3yip
"self made, asexual 🤧",6jK9qcGoBYgrRVf15Noxre,delandaab,https://open.spotify.com/playlist/6jK9qcGoBYgrRVf15Noxre
trans girl stuff,3YccQACBgGGbjuNl0xLYhy,adelaide,https://open.spotify.com/playlist/3YccQACBgGGbjuNl0xLYhy
Moody bisexual shit,1TMYBYcW4IciKYPPfsIUCr,Scrappy,https://open.spotify.com/playlist/1TMYBYcW4IciKYPPfsIUCr
🎶🎵,3t1haeyj3iVEzWKt2kCfh0,🐦‍⬛,https://open.spotify.com/playlist/3t1haeyj3iVEzWKt2kCfh0
July 2026 Bangers,3Ra1D45oZLaditHn2CUI4S,Jud,https://open.spotify.com/playlist/3Ra1D45oZLaditHn2CUI4S
homosexual tendencies ,5E2z2oD0mHczN3P1CjzPII,Faithy<3,https://open.spotify.com/playlist/5E2z2oD0mHczN3P1CjzPII
Another month of homosexual tendencies ,7ECr2IgGOCBKVQPjX3TWy2,jise111e,https://open.spotify.com/playlist/7ECr2IgGOCBKVQPjX3TWy2
A VERY bisexual playlist,0CpgXdIlkjks8jaV47WfmF,Emma ^^,https://open.spotify.com/playlist/0CpgXdIlkjks8jaV47WfmF
My bisexual playlist,51BdwQt8zD0XMUwlwfiiAP,L̴͙̣͚̱͚̄̽̊̎̕̕i̶̙̹̝̟͂̀́̽̒͑̔͒͌͘͜v̷̛̬̞̀̏͌́̑̒͝ͅȇ̶̩̥̙̤͎̲̱̻̈́̂͆͒̈́͠W̸̡̳̠̱̹͕͙̍͝ḭ̶̢̜̼̠͚͌̓̏̒̆̅̑̈́͘ͅr̶̨͙̫̔͛̏͋̈́̔͗͠͝ȩ̸̥̖͈̰̭̈̊͗,https://open.spotify.com/playlist/51BdwQt8zD0XMUwlwfiiAP
POV your trans ftm in a transphobic family,0dp5ktM62sgrbQsFLRkecv,Gregor from limbus company,https://open.spotify.com/playlist/0dp5ktM62sgrbQsFLRkecv
🏳️‍⚧️MTF🏳️‍⚧️,0BhUZVlJo35MGdhNhGJtwy,Alexღ𓆣,https://open.spotify.com/playlist/0BhUZVlJo35MGdhNhGJtwy
Queer punk,3slFDNZzXMo8pVAYh71AFs,MoonGoddess,https://open.spotify.com/playlist/3slFDNZzXMo8pVAYh71AFs
The Femboy Frolic,3Ig3EGe9EWifc686AtN6hf,Grumbo Glunko,https://open.spotify.com/playlist/3Ig3EGe9EWifc686AtN6hf
yeet,2GcTfyodPOPAnkPTkzVv44,grell,https://open.spotify.com/playlist/2GcTfyodPOPAnkPTkzVv44
"The Playlist with Five Names,",5mm5hJuuRk1LzqfKYPeJ3c,lz.mp3,https://open.spotify.com/playlist/5mm5hJuuRk1LzqfKYPeJ3c
Homosexual Crisis,6how5XNhJVn2ZYfbm6jRlA,K$_NOO$E,https://open.spotify.com/playlist/6how5XNhJVn2ZYfbm6jRlA
{•. ★ Omnisexual playlist ★.•},7CTiTEvEyezR3a7I5T1xRf,INKRAT_1999,https://open.spotify.com/playlist/7CTiTEvEyezR3a7I5T1xRf
ᵢₜ fₑₑₗₛ ₜₒₒ gₒₒd—ₛₒ dᵢₛgᵤₛₜᵢₙg... (hypersexual playlist),77CxtrrzMNm3ugBVNXZ95P,puppy uzi,https://open.spotify.com/playlist/77CxtrrzMNm3ugBVNXZ95P
LGBTQ+ Queer Pride Metal/Punk Playlist,53eqMqVgkR7xP4V9WOXtU3,AsexualSoup,https://open.spotify.com/playlist/53eqMqVgkR7xP4V9WOXtU3
polyamorous queer  vibes ,7EErv8bIVKE3AQ9fwsQeuL,romeo (>w<),https://open.spotify.com/playlist/7EErv8bIVKE3AQ9fwsQeuL
"Rock, Metal, and Divorced Dad Music",2d7mvPm0wQqDF8Pi7vsIbY,MidnightSnack,https://open.spotify.com/playlist/2d7mvPm0wQqDF8Pi7vsIbY
heatherphim,4OMnT618pfb0uuUtPX2Py5,heatherphim,https://open.spotify.com/playlist/4OMnT618pfb0uuUtPX2Py5
personal favorites,0i7GspNNEkNeCgKlKSph7J,Patrick Brady,https://open.spotify.com/playlist/0i7GspNNEkNeCgKlKSph7J
Pride’s over I’m not gay anymore,3b5pDHcWFlegvan91GTDqT,Sid,https://open.spotify.com/playlist/3b5pDHcWFlegvan91GTDqT
Nonbinary Panic 💛🤍💜🖤,31f0vyYqij08mtK74qTvM2,Squidward'sFavRollOfToiletPaper,https://open.spotify.com/playlist/31f0vyYqij08mtK74qTvM2
Homosexuals,5WJk6zGT0pLT5Mr1M0heQI,Sebastian,https://open.spotify.com/playlist/5WJk6zGT0pLT5Mr1M0heQI
Homosexual sneakers ,18SfHs8GOAmqgdMVdolE9q,Sebi,https://open.spotify.com/playlist/18SfHs8GOAmqgdMVdolE9q
*cries in homosexual*,5xy9IHVLY1GhaG6LmvcHg1,maplesyrup71,https://open.spotify.com/playlist/5xy9IHVLY1GhaG6LmvcHg1
Arcadian Cauzillo AKA popsicle homosexual in rollerblades AKA you read into it,2hO03d7ZzVf57BmY1pL91t,It’s awful out here,https://open.spotify.com/playlist/2hO03d7ZzVf57BmY1pL91t
Pansexual anthems ,3ueNi3c8RXRCzAyFb1NKAg,Living Light,https://open.spotify.com/playlist/3ueNi3c8RXRCzAyFb1NKAg
confused about ur sexuality ,1ATDjUpdNv23gX0Gt47xKK,el,https://open.spotify.com/playlist/1ATDjUpdNv23gX0Gt47xKK
Bisexuals?,0DjwO1BiHfG22PBN7w379Y,Isra,https://open.spotify.com/playlist/0DjwO1BiHfG22PBN7w379Y
hypersexual,5Yj9ucggTbJxSwvjk9EL6w,ben,https://open.spotify.com/playlist/5Yj9ucggTbJxSwvjk9EL6w
⤷ - gay songs ⭑ .ᐟ,1qhgL8ZzsTcIvnO5e4GgWQ,helioherms,https://open.spotify.com/playlist/1qhgL8ZzsTcIvnO5e4GgWQ
homosexual tendencies ,08R0UMeEgycbtQSvblKjOV,isa,https://open.spotify.com/playlist/08R0UMeEgycbtQSvblKjOV
Homosexuality Inc©️™️,2FumKoWZtknHA0AW9vA4Km,Thinkpiece Tribe,https://open.spotify.com/playlist/2FumKoWZtknHA0AW9vA4Km
Big booty hairy homosexual men,0u49uE8uO1k9zTHs4vtItW,Fabiansolrio,https://open.spotify.com/playlist/0u49uE8uO1k9zTHs4vtItW
depressed homosexual ,6X97kL9gJ8oEem7Gumze3W,jessi,https://open.spotify.com/playlist/6X97kL9gJ8oEem7Gumze3W
Queercore (Lgbtq+ Punk music),3mbBf5qrZKMORxdW5Gquwm,Ps1 metalhead,https://open.spotify.com/playlist/3mbBf5qrZKMORxdW5Gquwm
asexual love<3,01y6bZZseF3sFITCz4ye1D,˚✭❂༅~𝙲𝚛𝚒𝚖𝚜𝚘𝚗~༅❂✭˚,https://open.spotify.com/playlist/01y6bZZseF3sFITCz4ye1D
@,6AUazxqMDqSiadWG8zGQIu,lori,https://open.spotify.com/playlist/6AUazxqMDqSiadWG8zGQIu
sapphic and angry,35eWNaBIPhkWDzwcAYpcHD,Gwenyth,https://open.spotify.com/playlist/35eWNaBIPhkWDzwcAYpcHD
insufferable queer,2exYXPdajktfGeMWvqzX4v,Ruby Blair,https://open.spotify.com/playlist/2exYXPdajktfGeMWvqzX4v
Lo Homosexual del Circuit,5E81vCxGlOVRqB2AOH4ZfZ,Rafa Guerrero,https://open.spotify.com/playlist/5E81vCxGlOVRqB2AOH4ZfZ
"Sacrilege, homosexuality, transgenderism, body horror ,gore , leftism, etc.",7pnji88j75vIuvekS7s3cv,bloom,https://open.spotify.com/playlist/7pnji88j75vIuvekS7s3cv
gay gay homosexual gay,3bnvCn46e4veU9ZNpGncCZ,CrowWithAKnife,https://open.spotify.com/playlist/3bnvCn46e4veU9ZNpGncCZ
Pansexual!!!🩷💛🩵,5SttwkDZWvOGtqbYuzHIuo,✨Hardcore MHA Fan✨,https://open.spotify.com/playlist/5SttwkDZWvOGtqbYuzHIuo
POV: you're hypersexual,0YDnpoiLZdTCEPGhD5F4Wa,_Alastor_,https://open.spotify.com/playlist/0YDnpoiLZdTCEPGhD5F4Wa
Bisexual,6OrZVjhdjfa11Oq8qCJlv2,Genemar Cena,https://open.spotify.com/playlist/6OrZVjhdjfa11Oq8qCJlv2
…bit fruity…🤨🏳️‍🌈,734K0drAv3wVD3nY2Q3bxI,💙✨Micheal Queeler the 3rd✨💛,https://open.spotify.com/playlist/734K0drAv3wVD3nY2Q3bxI
krungtacular time,7MvYlmqx4MJ9Ke4G2adYIM,SapphyCathy<3,https://open.spotify.com/playlist/7MvYlmqx4MJ9Ke4G2adYIM
Homosexuality  is pretty gay🤧✌️,6v5RRUtH7K3f3hTSlWzgHo,Jacob,https://open.spotify.com/playlist/6v5RRUtH7K3f3hTSlWzgHo
Aggressively Homosexual (PUT THIS ON SHUFFLE),6Bd1Ak6ZecFN8KidDoT3Zl,Daniel Scotte,https://open.spotify.com/playlist/6Bd1Ak6ZecFN8KidDoT3Zl
queer rock,4abvCuh73SK6WThIvORHwG,Ewa Chabałowska,https://open.spotify.com/playlist/4abvCuh73SK6WThIvORHwG
POV: your pansexual but there’s no pan songs ,4WswiGprZokffomQsS5x99,Z,https://open.spotify.com/playlist/4WswiGprZokffomQsS5x99
I’m Gay DJ Set - Manu Oropeza,413gmI4fHoZIUyG9HTKsOa,Manu Oropeza,https://open.spotify.com/playlist/413gmI4fHoZIUyG9HTKsOa
i love my wife,5itAxbFp08FlFmnIQylCdR,Fuck Yea Its Fionna,https://open.spotify.com/playlist/5itAxbFp08FlFmnIQylCdR
homosexually straight,3NLHK11EZHGdAajjt4kHcl,Daddy,https://open.spotify.com/playlist/3NLHK11EZHGdAajjt4kHcl
Homosexual ,0SGX40Jw0hOOmRMxIkgkG9,Samham,https://open.spotify.com/playlist/0SGX40Jw0hOOmRMxIkgkG9
gay gay homosexual gay ,1Z2INRtHM3x8mmAWQsREBO,owey333,https://open.spotify.com/playlist/1Z2INRtHM3x8mmAWQsREBO
:),5JYtCFFYg3IDrbiz1Csr87,tellitubayyy,https://open.spotify.com/playlist/5JYtCFFYg3IDrbiz1Csr87
LESI SUMMERRRRR,3HW6ojCi6hrpNjwYsgx9Vr,the.Goldfish.__2000,https://open.spotify.com/playlist/3HW6ojCi6hrpNjwYsgx9Vr
Queer gay homo,23JVha6ahH9lEIhSGytfEE,Zach,https://open.spotify.com/playlist/23JVha6ahH9lEIhSGytfEE
homosexual,2NppHnoR5KzhEEmROOqXqr,nelson,https://open.spotify.com/playlist/2NppHnoR5KzhEEmROOqXqr
Homosexual,4xTegjY95tI0VmqmQeBUhd,Melanie K Quinn,https://open.spotify.com/playlist/4xTegjY95tI0VmqmQeBUhd
homosexual feelings 2025-2026,2OEBPGVX9CxB7kIPNoptKV,clam,https://open.spotify.com/playlist/2OEBPGVX9CxB7kIPNoptKV
"Cullen's Playlist of Heartbreak, Depression, Homosexuality, and Midwest Emo",1KUexfVHFetrr7FOEk4ayQ,Cullen Ferguson,https://open.spotify.com/playlist/1KUexfVHFetrr7FOEk4ayQ
Demisexual/Asexual Playlist ♠️💜🖤🤍,14rVWjTozcPmydOJP802JH,RaeRae ⊹₊⟡⋆,https://open.spotify.com/playlist/14rVWjTozcPmydOJP802JH
a TRUE asexual/aroace playlist,2sXJr6Jp39WSbljmliM2Cb,Stupid idiot,https://open.spotify.com/playlist/2sXJr6Jp39WSbljmliM2Cb
Aroace Songs,4Jl62meSR9Ng0Q5Uk5bYIi,PizzaPerson,https://open.spotify.com/playlist/4Jl62meSR9Ng0Q5Uk5bYIi
sexy sapphic songs ✨,3sb7P7puextpu4Bmw8Ve0B,rey,https://open.spotify.com/playlist/3sb7P7puextpu4Bmw8Ve0B
willtressor 🔥🔥😈👹🎭🩸,79jNvShXp9JJchZ64m1j8P,oli!!,https://open.spotify.com/playlist/79jNvShXp9JJchZ64m1j8P
Gay Tears ☔️,6H66ohb8swJ7xDWvlR1z0J,harry-doyle,https://open.spotify.com/playlist/6H66ohb8swJ7xDWvlR1z0J
homosexual tragedies i quit being gay,3L9habH6fJZimz2EPMxr98,amelia⁉️,https://open.spotify.com/playlist/3L9habH6fJZimz2EPMxr98
HOMOSEXUAL!!,5QXdsF6SwaLafcxiMoBVYA,SLOWPOKE,https://open.spotify.com/playlist/5QXdsF6SwaLafcxiMoBVYA
Homosexual Agenda,2wPkVgfyzYMVFKBLkyYZkC,Michael🫩🫩🫩,https://open.spotify.com/playlist/2wPkVgfyzYMVFKBLkyYZkC
not homosexual enough but we’re working on it,3DFMMN2e9JZalTerj2zqq5,h,https://open.spotify.com/playlist/3DFMMN2e9JZalTerj2zqq5
gay gay homossexual gay playlist,265kF7GRroiIHNKtNDsVA4,Sunny,https://open.spotify.com/playlist/265kF7GRroiIHNKtNDsVA4
GENDERFLUID.,3Dt4B1dupyqqjz1GyEZLZN,🍴~Kayden~💊,https://open.spotify.com/playlist/3Dt4B1dupyqqjz1GyEZLZN
Bisexual 🩷💜💙,2wLWDsJEiWiqJMAgbpRz6g,PurpleDiamond1596,https://open.spotify.com/playlist/2wLWDsJEiWiqJMAgbpRz6g
Gay People Playlist,3t1rtkvO35LxCJg5bK2lOn,🧷Sunny🎵,https://open.spotify.com/playlist/3t1rtkvO35LxCJg5bK2lOn
The most unhinged homosexual playlist you’ll ever find ✨🏳️‍🌈,636067oE8cWiVpOqdbqPzn,Baguette.,https://open.spotify.com/playlist/636067oE8cWiVpOqdbqPzn
The chemicals in the water enhances my homosexuality ,4lIbW5NLp1ejNyb0ApKM4y,Logann,https://open.spotify.com/playlist/4lIbW5NLp1ejNyb0ApKM4y
my favs ,15xkxDNdCu00z2f0TwOTCY,Lucia. ♫,https://open.spotify.com/playlist/15xkxDNdCu00z2f0TwOTCY
For my pansexual and alternative ass,6eYbD2XWH6X6La8QEFsx8t,Nifa,https://open.spotify.com/playlist/6eYbD2XWH6X6La8QEFsx8t
songs that make you gayer ,5IFWhrvYxKs30UBajgtylV,Elizabeth 💘,https://open.spotify.com/playlist/5IFWhrvYxKs30UBajgtylV
My fuck!n sh!t 💙🏳️‍⚧️,73vjIMF5r4U4WD4nVAFgoq,✰Therian✰Mila/Mio/Leo✰,https://open.spotify.com/playlist/73vjIMF5r4U4WD4nVAFgoq
ROCK 4ND M3TAL☆,2kNzCpislO9bvP9cXopABM,Misosoup ‼️,https://open.spotify.com/playlist/2kNzCpislO9bvP9cXopABM
Homosexual Rhythms,5NLLZlYhKDdRCWz5RmPOXD,Liam,https://open.spotify.com/playlist/5NLLZlYhKDdRCWz5RmPOXD
Homosexual Idols,5EvMryUl73fgyd2QPZyYF4,Junopop,https://open.spotify.com/playlist/5EvMryUl73fgyd2QPZyYF4
Happy Homosexual Hits,389LXTJex3neWn1h33sBiU,Seth Amos,https://open.spotify.com/playlist/389LXTJex3neWn1h33sBiU
A composition of music from a homosexual  ,3Ue1aMx3TAhKIlr60VhNoT,Cesar Hernandez,https://open.spotify.com/playlist/3Ue1aMx3TAhKIlr60VhNoT
Guiltless Hypersexual,2XxGJfp6EfqVcj5CXu0AOV,🪻 ⋆｡˚꒰ঌ plutia ໒꒱˚｡⋆ 🪐,https://open.spotify.com/playlist/2XxGJfp6EfqVcj5CXu0AOV
⛧°⋆༺♰ 𝔑𝔬𝔠𝔱𝔲𝔯𝔫𝔞𝔩 𝔰𝔢𝔯𝔢𝔫𝔞𝔡𝔢♰ ༻⋆ °⛧,5XFnZ22ovFsmnG8dnI3Ga6,丰 Ally ⁴⁸³,https://open.spotify.com/playlist/5XFnZ22ovFsmnG8dnI3Ga6
gayfag loveclub,4xfYmMyBcjG5kH3LxFxN62,Jüde Doucet,https://open.spotify.com/playlist/4xfYmMyBcjG5kH3LxFxN62
Berrisexual ,56KHe6sEcWRt8z4Q7fDRnu,TheGremlin,https://open.spotify.com/playlist/56KHe6sEcWRt8z4Q7fDRnu
Bisexualny femboy💗💜💙,1wyG8h6Mb2773fvkCdMJC2,niki,https://open.spotify.com/playlist/1wyG8h6Mb2773fvkCdMJC2
Idk. Fav songs?,30mRmhR5xObaE6OjbdJ803,Lhetamonka,https://open.spotify.com/playlist/30mRmhR5xObaE6OjbdJ803
Homosexual Heatwave,4lrFDqFglh2HoMuKxhmzfZ,gavingalyen,https://open.spotify.com/playlist/4lrFDqFglh2HoMuKxhmzfZ
larga vida homosexual,4rejVjKDIprmonZIRVazIV,12183411096,https://open.spotify.com/playlist/4rejVjKDIprmonZIRVazIV
I hate this stop I’m not fucking homosexual.,2X3RUUrQMyi4F8kpLULYzJ,lvrusvlecover,https://open.spotify.com/playlist/2X3RUUrQMyi4F8kpLULYzJ
dystopian homosexuals,5SjKYZncxSsx8tgNuSRKrL,_the pleather’s fine_,https://open.spotify.com/playlist/5SjKYZncxSsx8tgNuSRKrL
"Songs for when you're questioning your (sexuality, gender,everything,ect.)",2fPoMKkSf4MKxPoraZo0fm,thedrawingcheezecake,https://open.spotify.com/playlist/2fPoMKkSf4MKxPoraZo0fm
BISEXUAL ,7fAK1W7rtp6jgzRxB1E3Tj,HUNTER MOCK,https://open.spotify.com/playlist/7fAK1W7rtp6jgzRxB1E3Tj
𝓃𝑒𝓌 𝓎𝑜𝓇𝓀'𝓈 𝒶𝓁𝓇𝒾𝑔𝒽𝓉 𝒾𝒻 𝓎𝑜𝓊'𝓇𝑒 𝒶 𝒽𝑜𝓂𝑜𝓈𝑒𝓍𝓊𝒶𝓁 (𝚜𝚒𝚍𝚎 𝚋),0dspAGKfcrpu6x6ikxLj9S,Ryan Andrew Killoran,https://open.spotify.com/playlist/0dspAGKfcrpu6x6ikxLj9S
Queer Songs 🏳️‍🌈,6DKOaa7X2xnmRt0veDbnGn,Lenny,https://open.spotify.com/playlist/6DKOaa7X2xnmRt0veDbnGn
homoqueer virb,7clOKJXmtBr8oOoj6jQUsv,Coomman,https://open.spotify.com/playlist/7clOKJXmtBr8oOoj6jQUsv
Homosexual Activites,276m4MTEi6wvGc2VYnPRcS,Prince Llama,https://open.spotify.com/playlist/276m4MTEi6wvGc2VYnPRcS
Homosexual activities ,02NNhZ9U1XxB6wkXJHdDub,nicky2tuff,https://open.spotify.com/playlist/02NNhZ9U1XxB6wkXJHdDub
Violently Homosexual + Consistently Annoyed,4WIKxZWvftMqmB0KaPy9qG,Sam Krot,https://open.spotify.com/playlist/4WIKxZWvftMqmB0KaPy9qG
~i feel disgusting~ a hypersexual playlist,3Qb5z6qlp74qUbd4w9PNoA,Woof^-^bahh,https://open.spotify.com/playlist/3Qb5z6qlp74qUbd4w9PNoA
happy WLW songs,6RynAu2aRJLq2Eo6ubHNyG,lynn,https://open.spotify.com/playlist/6RynAu2aRJLq2Eo6ubHNyG
The Gay Agenda,7AFzFL0XfzNzl1Cz7GYp6K,Steven Schinkoeth,https://open.spotify.com/playlist/7AFzFL0XfzNzl1Cz7GYp6K
✨Bisexuals & The Late Night AMs✨,3AC92dXYH63HoLHDxTR6vC,Izzy <3,https://open.spotify.com/playlist/3AC92dXYH63HoLHDxTR6vC
FUCK I’m queer,1FR12ngBFiW2dNfPxQOcZ8,Jasper Brynn❤️,https://open.spotify.com/playlist/1FR12ngBFiW2dNfPxQOcZ8
hot queer girl summer ,4IoO64Iyubd6iOGvXoY1uS,beebs,https://open.spotify.com/playlist/4IoO64Iyubd6iOGvXoY1uS
h,67Xgzlz0az0z2Uei4HAJtB,whoTFreadinthis,https://open.spotify.com/playlist/67Xgzlz0az0z2Uei4HAJtB
homosexuality,6FKEu8XCg2lp8mFxu8Hx5w,pinkglitterfartz,https://open.spotify.com/playlist/6FKEu8XCg2lp8mFxu8Hx5w
Doomed homosexuals,7jmq8CAtixw5u2dzNl17tZ,Tobyy,https://open.spotify.com/playlist/7jmq8CAtixw5u2dzNl17tZ
gay gay homosexual gay,3pZ8oxqUVyaPJi8gdIvFNq,capnaptain,https://open.spotify.com/playlist/3pZ8oxqUVyaPJi8gdIvFNq
Mellow Homosexual,2G9WSrpfMTLeJ2URPAgzPp,teale138,https://open.spotify.com/playlist/2G9WSrpfMTLeJ2URPAgzPp
Bisexual / Biromantic Playlist,6o0rvvjnBkDmRXKgtiZaw7,MaddyDragneel,https://open.spotify.com/playlist/6o0rvvjnBkDmRXKgtiZaw7
🏳️‍🌈 Pride Anthems 🏳️‍🌈 🌈 👨🏻‍🤝‍👨🏼👩🏽‍🤝‍👩🏼,5GWapWfULxLEW4lIYhJVUH,Mark Condro,https://open.spotify.com/playlist/5GWapWfULxLEW4lIYhJVUH
QUEER SONGS !!,4DFwpEJZOgW4djviry6AbB,c0sm1c_dvst,https://open.spotify.com/playlist/4DFwpEJZOgW4djviry6AbB
screams bisexual,7uS21MAVcYwJUX6Dp5tEtt,kaitlynlavella,https://open.spotify.com/playlist/7uS21MAVcYwJUX6Dp5tEtt
Country but make it sapphic,53apBiWbizD0BpQntTgAK3,Kamie Harrell,https://open.spotify.com/playlist/53apBiWbizD0BpQntTgAK3
closeted bisexual guy energy,5zzW397234mMEl3TgoumVh,marlow,https://open.spotify.com/playlist/5zzW397234mMEl3TgoumVh
Homosexual Angels & Robots,0SwExcmxtYzyP2CP1hIpLN,Keanu_Is_Awesome,https://open.spotify.com/playlist/0SwExcmxtYzyP2CP1hIpLN
Homosexual hits,2uoecTkNgyJPH5KGxG2En7,Bryton,https://open.spotify.com/playlist/2uoecTkNgyJPH5KGxG2En7
not a homosexual ,7naoeQtLVHiXj2I7ISIimf,sadie matakis,https://open.spotify.com/playlist/7naoeQtLVHiXj2I7ISIimf
Outrageously homosexual ,6mZT4arqdXdUFpLnkwMDM7,Mgabancho,https://open.spotify.com/playlist/6mZT4arqdXdUFpLnkwMDM7
Gym Jams for Homosexuals,6UKgLpptlZZRR5P1nK6L58,hardin.ivan,https://open.spotify.com/playlist/6UKgLpptlZZRR5P1nK6L58
Depressed bisexual music ,36eOU2h6ldNrrPXfWyhvdN,Booondocks,https://open.spotify.com/playlist/36eOU2h6ldNrrPXfWyhvdN
I hate being hypersexual ,13sxVmV8qGK69kBpz0mFfd,🌙🌀{ASTRØ}🌀🌙 // I♡MARI,https://open.spotify.com/playlist/13sxVmV8qGK69kBpz0mFfd
being queer sucks ,46N00ha6Zzy7DYMFfO8ex0,Lucas P (:,https://open.spotify.com/playlist/46N00ha6Zzy7DYMFfO8ex0
✮ ⋆ ˚｡𖦹 ⋆｡°✩,0w2pvdZeNv9XYAgwtyeAYO,࿔˚⋆𝐀𝐥𝐚𝐧𝐢⋆˚࿔,https://open.spotify.com/playlist/0w2pvdZeNv9XYAgwtyeAYO
Gay slur,3cAFoMEw0XsLeViBkJ8pDL,NEOSPARTYPOPPERS,https://open.spotify.com/playlist/3cAFoMEw0XsLeViBkJ8pDL
HOMOSEXUAL TENDENCIES ,6Zu20LSEjDpPB1iKy9TzZP,LIVVI,https://open.spotify.com/playlist/6Zu20LSEjDpPB1iKy9TzZP
Homosexuality,3Z7mFnYeYLmZqtcJYHn1mE,madi!?,https://open.spotify.com/playlist/3Z7mFnYeYLmZqtcJYHn1mE
GET HOMOSEXUAL,2aLenpflaSHOQ2Q1MkcBM0,Ven,https://open.spotify.com/playlist/2aLenpflaSHOQ2Q1MkcBM0
the homosexual agenda,4oIO4InSKLThxuuFm4KF1t,linden ♡,https://open.spotify.com/playlist/4oIO4InSKLThxuuFm4KF1t
Gay gay gay gay gay homosexual gay gay,2w5kP4AViwxLeDNL33GoLh,Parker🍃🍄,https://open.spotify.com/playlist/2w5kP4AViwxLeDNL33GoLh
"Homo-Sapiens, Homonyms and Homophones: Heretical Homosexuals Hung Half Past High-Noon",67gFs2HKvI4h0lPyrbA04w,Chloe J,https://open.spotify.com/playlist/67gFs2HKvI4h0lPyrbA04w
P.O.V: you were sexualized as a child and you grew up to be hypersexual.,6wsSTNidl4Hea2EjQdorCT,Azrael🕷,https://open.spotify.com/playlist/6wsSTNidl4Hea2EjQdorCT
the playlist of a bisexual teenage girl,2oeN9yYGXfvCZ0aY0Lruyp,zozo <3,https://open.spotify.com/playlist/2oeN9yYGXfvCZ0aY0Lruyp
Queer Punk,1woYC85yVN6spUymLxQ74i,Magmirian,https://open.spotify.com/playlist/1woYC85yVN6spUymLxQ74i
Songs that will 100% turn you lesbain/gay,0afWBpGNRCQxTXKOEs5eSf,oh yes,https://open.spotify.com/playlist/0afWBpGNRCQxTXKOEs5eSf
HOMOSEXUAL?,71FjKXVxpqeAtX9miLtqh4,Chase,https://open.spotify.com/playlist/71FjKXVxpqeAtX9miLtqh4
do all my friends hate me or am i homosexual ,5QCUBsBHgdtaqsT5ZStEzx,haley,https://open.spotify.com/playlist/5QCUBsBHgdtaqsT5ZStEzx
Lowkey questioning my sexuality😭,0wUyXbKOrp0yByNohjYukU,Lana_is_silly,https://open.spotify.com/playlist/0wUyXbKOrp0yByNohjYukU
Holy fruity ,1QzPUwtV0wuMgJaZxOqZJX,Aceee♠,https://open.spotify.com/playlist/1QzPUwtV0wuMgJaZxOqZJX
Am I transmasc or just genderfluid?,5AdOBQY8SdKYH5LhSIBN7Z,FancyRat,https://open.spotify.com/playlist/5AdOBQY8SdKYH5LhSIBN7Z
ZANE🤩🤯🎒,1MKMHxQKDzzjvcnN1n9FpZ,Zane Stansbury,https://open.spotify.com/playlist/1MKMHxQKDzzjvcnN1n9FpZ
Healed,0trurixqOysxEVDQtUugOe,Norvin,https://open.spotify.com/playlist/0trurixqOysxEVDQtUugOe
pov: you are a queer christian,48x92RXLjzhmVS9ewa3n85,olivia patricia,https://open.spotify.com/playlist/48x92RXLjzhmVS9ewa3n85
Unisexual,53lrJyZcstQfrWu3g3iD7f,within you without you,https://open.spotify.com/playlist/53lrJyZcstQfrWu3g3iD7f
Songs ,1fZLcUUFzP5epx3liAbg6I,Zoe,https://open.spotify.com/playlist/1fZLcUUFzP5epx3liAbg6I
Homosexual Workout,0Rb3gfeiGm1BSIbVgg1zQ5,cgragson42,https://open.spotify.com/playlist/0Rb3gfeiGm1BSIbVgg1zQ5
i’m a homosexual!,01WUWl5jYx8mM5OEOc61wp,Elizabeth ☆,https://open.spotify.com/playlist/01WUWl5jYx8mM5OEOc61wp
Now THAT’S what  I call Homosexual,6Td21SxEbyfeG7BnUtNKMg,em ✨,https://open.spotify.com/playlist/6Td21SxEbyfeG7BnUtNKMg
I am aggressively homosexual,0FsTz0oeMr0sDbwtY2TPnP,Taylor,https://open.spotify.com/playlist/0FsTz0oeMr0sDbwtY2TPnP
Homosexuels,3Fh2Dgs6eWFb4IevTuC2UM,Tyrxes,https://open.spotify.com/playlist/3Fh2Dgs6eWFb4IevTuC2UM
hypersexual playlist,0OE8bxK2tjQxQPg3OH0nZw,alex7,https://open.spotify.com/playlist/0OE8bxK2tjQxQPg3OH0nZw
Omesexual Gay,5LfwfHiYO6YunfvmOex1Yi,GIOVANNI,https://open.spotify.com/playlist/5LfwfHiYO6YunfvmOex1Yi
upbeat lesbian bops 🥰,6iIt37HEOSdejo7kZMVWrx,röshēłłê,https://open.spotify.com/playlist/6iIt37HEOSdejo7kZMVWrx
let's be sapphic cowboys | queer country,2dxoLoPiWc8nmFDtj9YhO5,Ace,https://open.spotify.com/playlist/2dxoLoPiWc8nmFDtj9YhO5
The homosexual host club,3IUl0wb17pBM1wkPIDfGRX,cola.mpv,https://open.spotify.com/playlist/3IUl0wb17pBM1wkPIDfGRX
The Ballad of the Homosexual Martyr,11ltMuECjODnIIhVw9BAqZ,IHitKidsNotTragedies,https://open.spotify.com/playlist/11ltMuECjODnIIhVw9BAqZ
I have a manly grip and not homosexual love of my detective partner named clint ,7sANgZYZrnc20YhwWRr6ls,Jtable,https://open.spotify.com/playlist/7sANgZYZrnc20YhwWRr6ls
Deeply Closeted Homosexual,1hYw8cwO7yccNUtm0uwv5k,BeezleHonk,https://open.spotify.com/playlist/1hYw8cwO7yccNUtm0uwv5k
🍆homiesexual🍆,7AnScb2Xt3UIe9W7PrqbTE,bulbusonek,https://open.spotify.com/playlist/7AnScb2Xt3UIe9W7PrqbTE
I 🩷 lgbtqia+,3nEZGJ50U2ds5LLrsEsRXE,K4rm4,https://open.spotify.com/playlist/3nEZGJ50U2ds5LLrsEsRXE
bisexual black men,6eKO4CbCGNWMQksq3KzxZD,adam,https://open.spotify.com/playlist/6eKO4CbCGNWMQksq3KzxZD
Gay bitch 👉 💙 👈,2t4avKp5LfhVHjLNiQQ6y2,Aarush@12209,https://open.spotify.com/playlist/2t4avKp5LfhVHjLNiQQ6y2
Homosexually Desiring a Woman Carnally,7g06mDSnH7i00MIu00ueby,Jeff Savage,https://open.spotify.com/playlist/7g06mDSnH7i00MIu00ueby
homosexual mosh pit,5kUVWwgw32oiejAPjZnZTD,fucku,https://open.spotify.com/playlist/5kUVWwgw32oiejAPjZnZTD
Not a homosexual ,1Kvnrhyve2N2yPLjeRmmW1,Kaleb,https://open.spotify.com/playlist/1Kvnrhyve2N2yPLjeRmmW1
The greatest remixes exclusively for homosexuals (2),7nk9qhQw9WCa0qRD50yEAt,Sutton Fister,https://open.spotify.com/playlist/7nk9qhQw9WCa0qRD50yEAt
When you’re a confused bisexual ❤️,2K5t7jv3hlfceSW6vJKGNy,Ahhhh,https://open.spotify.com/playlist/2K5t7jv3hlfceSW6vJKGNy
🎀the Bisexuals 🎀,7yvzeBflRuFGGlLQ0ZVnIW,Megan Lathers,https://open.spotify.com/playlist/7yvzeBflRuFGGlLQ0ZVnIW
sad bisexuals,54IelwsfpFBcFVbDU5XJUr,.moon,https://open.spotify.com/playlist/54IelwsfpFBcFVbDU5XJUr
Actual real queercore,4k8Lp4n9AslH48f6dE6zAi,Rudy,https://open.spotify.com/playlist/4k8Lp4n9AslH48f6dE6zAi
queer indie?? rock?? punk??,3JSLnS69h9zvNe6Y6DdPfl,Comicalkilljoy,https://open.spotify.com/playlist/3JSLnS69h9zvNe6Y6DdPfl
💤Your Gay🌀,29X87OQGJZpnmhvhVaTPV1,🔆Angel🌀,https://open.spotify.com/playlist/29X87OQGJZpnmhvhVaTPV1
Repressed homosexuality,63nZR9Qo2q66sRrkprFCas,༻꫞꯭ Adonis꫞꯭༺,https://open.spotify.com/playlist/63nZR9Qo2q66sRrkprFCas
Deer but homosexual and sad,2bqUabGvdIuGiwCMB49RVT,Deer in the woods,https://open.spotify.com/playlist/2bqUabGvdIuGiwCMB49RVT
Homosexual ,7xXzk4RNUe2MRVaowbdbEw,Sam,https://open.spotify.com/playlist/7xXzk4RNUe2MRVaowbdbEw
homosexuals. running.,7GjFtdgicFvBhRPSdALVrf,micah !,https://open.spotify.com/playlist/7GjFtdgicFvBhRPSdALVrf
An actual hypersexual playlist…taking requests ,2Q6VwBLM3FsLrH8N2CLi76,Millie#giveAustinalighter,https://open.spotify.com/playlist/2Q6VwBLM3FsLrH8N2CLi76
┄﹊⏤͟͟͞͞☆playlist♩﹊┄,3BKstSF8zOdzCZPcNt0x0g,୨୧〰︎𖤛Felix𖤛〰︎୨୧,https://open.spotify.com/playlist/3BKstSF8zOdzCZPcNt0x0g
songs for the trans and non binary,2zVfGNvRmMifSlrxcbs4Cq,Quin,https://open.spotify.com/playlist/2zVfGNvRmMifSlrxcbs4Cq
lesbian punk <3,5JFUOf5VEKM3WPiOjkNVBC,olly🎩,https://open.spotify.com/playlist/5JFUOf5VEKM3WPiOjkNVBC
how it feels being on the aromantic and asexual spectrum,7mrwKR8GBeLVv7OqMr8CKU,living-dead-cowpoke,https://open.spotify.com/playlist/7mrwKR8GBeLVv7OqMr8CKU
i love gay people,5dEHAD5UWzZ0eeUHoUzIEj,wurm eater,https://open.spotify.com/playlist/5dEHAD5UWzZ0eeUHoUzIEj
HOMOSEXUALS :3,7iNkUMsdmlEOzj6B2ngJ5L,Michael<3,https://open.spotify.com/playlist/7iNkUMsdmlEOzj6B2ngJ5L
homosexual summers,2fcyQAgXVxZImFli5lr1iA,Baby Carrot,https://open.spotify.com/playlist/2fcyQAgXVxZImFli5lr1iA
repressed teenage homosexuality || a stan x kyle playlist,5d08AR1BKADfQvQ6sPpnJY,Honeybee,https://open.spotify.com/playlist/5d08AR1BKADfQvQ6sPpnJY
"Mama raised a depressed homosexual, not a bitch ",5rEZJR3hTN4tdvGngmRS4E,NicoDiAngelo,https://open.spotify.com/playlist/5rEZJR3hTN4tdvGngmRS4E
homosexuals,6oRXOvUGyvnWQd3ByRg9oo,Meadow 🙈,https://open.spotify.com/playlist/6oRXOvUGyvnWQd3ByRg9oo
Homiesexual type shi,4WJJ1UkMjBQfEhr6uryPJH,Dillon Reagan,https://open.spotify.com/playlist/4WJJ1UkMjBQfEhr6uryPJH
Hypersexual guilt,2J8r2SxOhXYJH6XXtoj4j3,cameronnn??,https://open.spotify.com/playlist/2J8r2SxOhXYJH6XXtoj4j3
Sapphic faves,7Iz8LzMHNJP5CNTj4JAuRj,Lillie Raine,https://open.spotify.com/playlist/7Iz8LzMHNJP5CNTj4JAuRj
Ahhh dyke queer punk & riot grrrl but also soft lesbian interjections,0ubnjRXMZT60p7MxIbfU9d,yonderlesbian,https://open.spotify.com/playlist/0ubnjRXMZT60p7MxIbfU9d
Sapphic jams,55SO3yx6R69e1ovpSESdih,elizaque1,https://open.spotify.com/playlist/55SO3yx6R69e1ovpSESdih
homosexual havoc,6yW1yv63a6S9Oi6ys2BzpD,bureeto,https://open.spotify.com/playlist/6yW1yv63a6S9Oi6ys2BzpD
Homosexual Playlist,6f6Aj36WcAxMIReYx3Ig2u,Eric,https://open.spotify.com/playlist/6f6Aj36WcAxMIReYx3Ig2u
Las rolas de un homosexual 🫧🎧,4lzggHhgRO4qj1eqMOOWPc,Matita,https://open.spotify.com/playlist/4lzggHhgRO4qj1eqMOOWPc
the feeling of being sexualized lol. ,6fwra4ql9UemsGtnVMKsJP,❀𝐵𝑟𝑖❀,https://open.spotify.com/playlist/6fwra4ql9UemsGtnVMKsJP
🩷💛🩵☆★٭∘•~!PANSEXUAL!~•∘٭★☆🩷💛🩵,32ysoSDMILkCK8MaSCc7qf,∘•٭!Raven-n!ghtwing!٭•∘,https://open.spotify.com/playlist/32ysoSDMILkCK8MaSCc7qf
he let me hit cause i'm goofy as hell,5HIDltNzxAa8VIPdH52IJb,Pika,https://open.spotify.com/playlist/5HIDltNzxAa8VIPdH52IJb
all,2YJbhPlStEsypnrByXtiDu,felix,https://open.spotify.com/playlist/2YJbhPlStEsypnrByXtiDu
LGBTQIA+,51tdsuRYJShKl14vooFSHF,Helo.darmon,https://open.spotify.com/playlist/51tdsuRYJShKl14vooFSHF
Homosexual ,2bJ3IEQY6hvHGWuXX9l7IB,Kirkendalljames,https://open.spotify.com/playlist/2bJ3IEQY6hvHGWuXX9l7IB
homosexual tendencies ,5Sb0pdnq67CMiyKMLBl2o2,Caleb,https://open.spotify.com/playlist/5Sb0pdnq67CMiyKMLBl2o2
Slightly homosexual inspirational love songs,5m1hb1s8bfT9441J9W8p3p,Robert Lewis Beard,https://open.spotify.com/playlist/5m1hb1s8bfT9441J9W8p3p
Alt gay homosexual ,3g9XWNqrMQDHZ9V5Lrx1dB,Samuel Rachet,https://open.spotify.com/playlist/3g9XWNqrMQDHZ9V5Lrx1dB
✿Rough sesbian lex✿,6RKxakmCL9LG1pIAkxvkOX,K.M🦇,https://open.spotify.com/playlist/6RKxakmCL9LG1pIAkxvkOX
loud gay music,4aoueYtK50mmkbkHNAOtdH,milo.,https://open.spotify.com/playlist/4aoueYtK50mmkbkHNAOtdH
The Bisexual Playlist,2HGkXy69kQOXXOIszGw6lt,Aaron Fontanella,https://open.spotify.com/playlist/2HGkXy69kQOXXOIszGw6lt
LGBTQIA+ ,7qdeNwBvtULV63Uivlpu8A,{€|~|¥ARIA¥|~|€},https://open.spotify.com/playlist/7qdeNwBvtULV63Uivlpu8A
Gay queer whip,2vP1kC49k2adK3RCd4rbwf,Brendanshafer,https://open.spotify.com/playlist/2vP1kC49k2adK3RCd4rbwf
Homosexual palace,4UfK6VW5nQ5l6Fjw0L3igY,🦇 creeperz 🦇,https://open.spotify.com/playlist/4UfK6VW5nQ5l6Fjw0L3igY
"Look What The Homosexuals Have Done To Me, Michael! ",6jRSiVnDoRbE6xbsz4tqbN,Tricia,https://open.spotify.com/playlist/6jRSiVnDoRbE6xbsz4tqbN
Zachary Gregory edit audios to become a Legend,2WWZRCtFCOIjRDkc5Bjncz,James,https://open.spotify.com/playlist/2WWZRCtFCOIjRDkc5Bjncz
Am I Bi or a Lesbian???,3f2NZ40LbatvdiRv7bp9ap,Neptune,https://open.spotify.com/playlist/3f2NZ40LbatvdiRv7bp9ap
BUTCH LESBIANING SO HARD,23oSAS3kCHJfAXWBXZGhhZ,ZOMBIE BUTCH COWBOY,https://open.spotify.com/playlist/23oSAS3kCHJfAXWBXZGhhZ
🌈GAY TUNES🌈,1sMwwNT8tSczyyxx1xQUJB,Tom Jenkins,https://open.spotify.com/playlist/1sMwwNT8tSczyyxx1xQUJB
I hate my music,3j5v4GoV36G7IH5xjLk0yI,spamjam,https://open.spotify.com/playlist/3j5v4GoV36G7IH5xjLk0yI
feeling kinda gay,3JSNwmONpiNrXh5ZwzDiGO,bru💫,https://open.spotify.com/playlist/3JSNwmONpiNrXh5ZwzDiGO
Queer shit ,7gNmJbMDk4zDu50IYkC0PL,Tays.lame,https://open.spotify.com/playlist/7gNmJbMDk4zDu50IYkC0PL
angry ukrainian homosexual,6iJPcomwMAbpiThKJFakZB,Red,https://open.spotify.com/playlist/6iJPcomwMAbpiThKJFakZB
Vkei for the homosexuals,7eF7i9PT8SY8a91nL3S0EI,phom,https://open.spotify.com/playlist/7eF7i9PT8SY8a91nL3S0EI
Hello Kitty Will Turn Your Kid Homosexual,1nKLCjoQh1fiypmdK0DLBd,_dumpsterxfire_,https://open.spotify.com/playlist/1nKLCjoQh1fiypmdK0DLBd
psychosexual FREAK,2g7ogxwYodWBpT7YPQOPAu,malebeater,https://open.spotify.com/playlist/2g7ogxwYodWBpT7YPQOPAu
Landscaping music🌱🇺🇸,4y2bZFwjMyoYau95rrvHfK,Gabi Vann,https://open.spotify.com/playlist/4y2bZFwjMyoYau95rrvHfK
ONLY FOR GAY PEOPLE,1ph1kMShhqX4lgbZFjztyZ,Demian,https://open.spotify.com/playlist/1ph1kMShhqX4lgbZFjztyZ
idk kind of gay ;),28MLIFzxfZDwov1pLl8aBw,xI Zendx Ix,https://open.spotify.com/playlist/28MLIFzxfZDwov1pLl8aBw
frogmix,0YsQ19MEjT1V1j2IgwAuVK,silasss,https://open.spotify.com/playlist/0YsQ19MEjT1V1j2IgwAuVK
my gay playlist song taste,4qaHMIQ8JeYpVzETCy2AYW,Funni,https://open.spotify.com/playlist/4qaHMIQ8JeYpVzETCy2AYW
Homosexual strutting🏳️‍🌈,0gzDRxhGmq78ymTHUDZwAi,chris.elguiripop,https://open.spotify.com/playlist/0gzDRxhGmq78ymTHUDZwAi
Homosexual rhythm #7,12V1yYnb6ovYaH0B6A8UXB,down bad bastard rat boy,https://open.spotify.com/playlist/12V1yYnb6ovYaH0B6A8UXB
ex-homosexual,5AAV4fLF1HyP4AB0Q2gZkL,lyss,https://open.spotify.com/playlist/5AAV4fLF1HyP4AB0Q2gZkL
non binary c*nt ,1vm3XibeKLMl0HP4mAdANQ,maçarico,https://open.spotify.com/playlist/1vm3XibeKLMl0HP4mAdANQ
and I could take another hit for you,6iPHfzlIQlTGF16wuA4y0m,₊ ⋆ ⅈડꪮ𝕥𝕥ꪖ ✶⋆.˚,https://open.spotify.com/playlist/6iPHfzlIQlTGF16wuA4y0m
PRIDE MONTH,7xxHsjA2nGI042KnDefsPj,Quinn,https://open.spotify.com/playlist/7xxHsjA2nGI042KnDefsPj
★     a bisexual's playlist ♪,5E1CDnLZJkHjW3CpLAcnT7,maferrr :3,https://open.spotify.com/playlist/5E1CDnLZJkHjW3CpLAcnT7
🏳️‍🌈 Love Songs For Everyone 🏳️‍⚧️ ,4886lriMZMsFFrJHn6UEjB,Greg,https://open.spotify.com/playlist/4886lriMZMsFFrJHn6UEjB
👠,1K5nb0rCQ6ETj4UWe6UmFv,fjallzuki,https://open.spotify.com/playlist/1K5nb0rCQ6ETj4UWe6UmFv
sapphic bubblegrunge ⋆｡°✩,6fp41HJbTW4FqVyuS02FiL,threeofknives,https://open.spotify.com/playlist/6fp41HJbTW4FqVyuS02FiL
Homosexual Sadism  ,5bYFUJ9AEAzBD5Q20ndKDc,DonSoPsycho,https://open.spotify.com/playlist/5bYFUJ9AEAzBD5Q20ndKDc
closeted homosexual,2K1gBzPpjyXxv5S2KVBXcw,liam,https://open.spotify.com/playlist/2K1gBzPpjyXxv5S2KVBXcw
🍖🍩Raging homosexual 🕳️🌭,1F1V50Nymnr21xVt6nKDpJ,kyle,https://open.spotify.com/playlist/1F1V50Nymnr21xVt6nKDpJ
Nonbinary Dysphoria,1av8pXHnhPwKor9GSOJdUm,Bones<3,https://open.spotify.com/playlist/1av8pXHnhPwKor9GSOJdUm
fraky nasty ,2sHm5HZyQKEHV07RnG7B6q,sweatytittys,https://open.spotify.com/playlist/2sHm5HZyQKEHV07RnG7B6q
what does sapphic mean?? 🫶🩷,57XmiovZLSNILVCq42EEIP,millygoatsgruff,https://open.spotify.com/playlist/57XmiovZLSNILVCq42EEIP
Queer shit,47mxcmfWYk2qvE0zRk7PNa,Griffin Gerritsen,https://open.spotify.com/playlist/47mxcmfWYk2qvE0zRk7PNa
Queer???,4bslxdp0d7wXD91S0DpYPl,SomeoneRandom,https://open.spotify.com/playlist/4bslxdp0d7wXD91S0DpYPl
GAY HOMOSEXUALS,2x4MUl6KsCszA678gIaro9,Layla,https://open.spotify.com/playlist/2x4MUl6KsCszA678gIaro9
Homosexual playlist,11PoEuoIkVQ56WzIGX5sli,Elliot,https://open.spotify.com/playlist/11PoEuoIkVQ56WzIGX5sli
GAY LESBIAN HOMOSEXUAL,5mEu0ZhSEHRR904sScXgFK,Emily Azalea 🌺,https://open.spotify.com/playlist/5mEu0ZhSEHRR904sScXgFK
sesbian lex. 😩🫦🔞,3lEHBeL80j2HdZMbk6dxKQ,G O A T.,https://open.spotify.com/playlist/3lEHBeL80j2HdZMbk6dxKQ
Queer Artists 🏳️‍🌈🎵,47Gj8GY5WWQMs7tlboSEqO,Lauren Yapalater,https://open.spotify.com/playlist/47Gj8GY5WWQMs7tlboSEqO
Is it werking,5GDfPRYEC5LsrZDbxfcoNv,Anna f,https://open.spotify.com/playlist/5GDfPRYEC5LsrZDbxfcoNv
im gay and im sad and im sleepy,4ICmM7tpSkHwAio2xwHYOM,*holy music stops*,https://open.spotify.com/playlist/4ICmM7tpSkHwAio2xwHYOM
Pride Riot - Angry Songs for Angry Queers,0DoMhWMSJy21ATX4ubWnIx,James Harriman,https://open.spotify.com/playlist/0DoMhWMSJy21ATX4ubWnIx
🤧,7uOifNzx77bHEtLtRcld1m,obi,https://open.spotify.com/playlist/7uOifNzx77bHEtLtRcld1m
Queer Talks and Tears,33F40S9wAiyVEhU0YyA9LL,Jo sephus,https://open.spotify.com/playlist/33F40S9wAiyVEhU0YyA9LL
Homosexuals,3RAyHFfDyjDH0qvCpdmXmK,Ari,https://open.spotify.com/playlist/3RAyHFfDyjDH0qvCpdmXmK
Homosexual Tendencies,1v225IRCfpjIZya1UcBTYM,AffinityForBlue,https://open.spotify.com/playlist/1v225IRCfpjIZya1UcBTYM
silly moment,3tuY6EhNI6h74WRjDS3b3M,0nTh3Fr1tz,https://open.spotify.com/playlist/3tuY6EhNI6h74WRjDS3b3M
 ¸¸♬·¯·♩¸¸♪·¯·♫¸¸¸♬·¯·♩¸¸♪·¯·♫¸,2nw74FWZXqmJZ0GTJZd7NJ,⭑╭ 𝐌𝐞𝐥𝐥𝐨 ⁀ ⊹“,https://open.spotify.com/playlist/2nw74FWZXqmJZ0GTJZd7NJ
Falling Down the Stairs,4UuGzbJQsCQdpH2bYX9Nex,Phip,https://open.spotify.com/playlist/4UuGzbJQsCQdpH2bYX9Nex
DriftingDanger,4ryLLjgo2JHbmkeluM6LFh,sam,https://open.spotify.com/playlist/4ryLLjgo2JHbmkeluM6LFh
homosexual🏳️‍🌈,5vL7yvMdG1mZMy0DrMmQif,Justin,https://open.spotify.com/playlist/5vL7yvMdG1mZMy0DrMmQif
CUNTY & HOMOSEXUAL,6Cht201SNV9qq7N0FVMIuW,lexwuzliving,https://open.spotify.com/playlist/6Cht201SNV9qq7N0FVMIuW
 Homosexual Jams,1kEdfF2ZTOq7dpn0dQP2rf,Tyler Jury,https://open.spotify.com/playlist/1kEdfF2ZTOq7dpn0dQP2rf
Slur for those under the Homosexual Identity,1VUPaDXoQv5JO1kLJlAdt7,A_Pankake,https://open.spotify.com/playlist/1VUPaDXoQv5JO1kLJlAdt7
𝕖𝕚𝕘𝕙𝕥 𝕞𝕒𝕜𝕖𝕤 𝕠𝕟𝕖 𝕔𝕣𝕖𝕒𝕞  ࣪ ˖ 𖦹°⋆,1LPwaifRDoyHsF3dbufwFi,lily pullen,https://open.spotify.com/playlist/1LPwaifRDoyHsF3dbufwFi
Nonbinary playlist (mostly for myself),65PAmWrELFbkp1dwC0MQ0c,Ivy_,https://open.spotify.com/playlist/65PAmWrELFbkp1dwC0MQ0c
“I don’t wanna be a boy I don’t wanna be a girl”,4JhGyEJGMegZByIAqBkFk3,💕🌸💫  Lucy  💫🌸💕,https://open.spotify.com/playlist/4JhGyEJGMegZByIAqBkFk3
.. ꒱ | ࿔₊• αвσυт мє / 私について,35ooahXEkwnphTMygzlxXi,!             .⋅ мιℓσ ⋅.  ιƒв,https://open.spotify.com/playlist/35ooahXEkwnphTMygzlxXi
bisexual butter chicken ,6NZmCaMHzqmEVz8yoUMRkx,swag420,https://open.spotify.com/playlist/6NZmCaMHzqmEVz8yoUMRkx
homosexual lifelines,5DF1FPFqynKpaYfCNXfxi8,primavides,https://open.spotify.com/playlist/5DF1FPFqynKpaYfCNXfxi8
Música homosexual,0TzyvHFipkNvPCcXaHXb5l,Grewis20,https://open.spotify.com/playlist/0TzyvHFipkNvPCcXaHXb5l
I’m a homosexual btw,3vCeIc9DAbV8yA335oj6SV,Cheevy,https://open.spotify.com/playlist/3vCeIc9DAbV8yA335oj6SV
🏳️‍🌈👨‍❤️‍💋‍👨 Homosexual Music👨‍❤️‍💋‍👨🏳️‍🌈,4IaQK4mQ4c9J4GVyEMbrP9,Colinoscopy 🦧,https://open.spotify.com/playlist/4IaQK4mQ4c9J4GVyEMbrP9
My romance is chemically homosexual,1tLBIQfr66XgXUhcWBC345,gothicpunkassloser,https://open.spotify.com/playlist/1tLBIQfr66XgXUhcWBC345
𝕡𝕠𝕡 𝕙𝕠𝕞𝕠𝕤𝕖𝕩𝕦𝕒𝕝🏳️‍🌈,5bUcPN0gSuHmHbihhQYCWx,★ ult4vik!i5★,https://open.spotify.com/playlist/5bUcPN0gSuHmHbihhQYCWx
Moody Bisexual,2T5kzpbIz7PcOPhSCLirDG,Wigins,https://open.spotify.com/playlist/2T5kzpbIz7PcOPhSCLirDG
sapphic cannibalization,1I2eVuVvuxTo2IWMjp1cLD,V ★,https://open.spotify.com/playlist/1I2eVuVvuxTo2IWMjp1cLD
"pov: you’re the brunette, sarcastic, bisexual friend  ",6kkraSKw3vsVbeoqpGFpun,✰𝐕𝐚𝐧𝐞𝐬𝐬𝐚✰,https://open.spotify.com/playlist/6kkraSKw3vsVbeoqpGFpun
Homosexuality ,5sUVEl5f9n7t8CgS1uE9hM,I eat glass,https://open.spotify.com/playlist/5sUVEl5f9n7t8CgS1uE9hM
Homosexuality at the Front Desk,7sU74MB1wEcQoy6wxASgJO,Center Youth,https://open.spotify.com/playlist/7sU74MB1wEcQoy6wxASgJO
"""iceman is for homosexuals"" - cliff",6QhR6unFRzGzjfnaS1FAmw,Beth Kinney,https://open.spotify.com/playlist/6QhR6unFRzGzjfnaS1FAmw
Walk at homosexual speeds,7i6yx4BoVsJ7FObSsiT6ML,Audrey Antoinette,https://open.spotify.com/playlist/7i6yx4BoVsJ7FObSsiT6ML
Omnisexual playlist,6dFFCybSkvsGCMzPTIAAGg,Alicja🩵,https://open.spotify.com/playlist/6dFFCybSkvsGCMzPTIAAGg
🗝Omnisexual🎧💿,0I9OueaYey4liNteLZHUfn,🧿°Mªélie~🗝,https://open.spotify.com/playlist/0I9OueaYey4liNteLZHUfn
asexuality is a curse.,1UuNj9Qsps7UTRutTPc0VU,ischyrós,https://open.spotify.com/playlist/1UuNj9Qsps7UTRutTPc0VU
Hardcore gay shit,3BBOAQHgpCgTVnpyuCyBKr,Nikola,https://open.spotify.com/playlist/3BBOAQHgpCgTVnpyuCyBKr
gayest the smiths songs,3hyPYNM3YeVasOgygXOq2E,heyo.jay,https://open.spotify.com/playlist/3hyPYNM3YeVasOgygXOq2E
Low-key just a trans guy ,4l5IUHgNJMLAAhNmljvfMN,Astro_XD,https://open.spotify.com/playlist/4l5IUHgNJMLAAhNmljvfMN
Homosexual Hoochie Holiday,54A3I7eysX2CWrK2L2wROu,★ milquetoast,https://open.spotify.com/playlist/54A3I7eysX2CWrK2L2wROu
I fear I might be that homosexual ,6ICSaTXPsq92yAmWbmb8hh,Claire,https://open.spotify.com/playlist/6ICSaTXPsq92yAmWbmb8hh
a mob of angry homosexuals,218a5wnVNsqiaId6UGq3Yb,kaindatired,https://open.spotify.com/playlist/218a5wnVNsqiaId6UGq3Yb
Bisexual Playlist,4yXJfkbCTzgYx7TwgEkivM,Jordan Rand ,https://open.spotify.com/playlist/4yXJfkbCTzgYx7TwgEkivM
K-gyatt,47LfcyMMtlSJlZCT6hncLd,EJ <3,https://open.spotify.com/playlist/47LfcyMMtlSJlZCT6hncLd
Songs that are explicitly about being transgender or nonbinary,7z5lALkfQ2t2tq7AwVFsva,Cloudy,https://open.spotify.com/playlist/7z5lALkfQ2t2tq7AwVFsva
Pansexual Playlist,6yMJf43InYWsOa2jCD8tTk,Kit <3,https://open.spotify.com/playlist/6yMJf43InYWsOa2jCD8tTk
"NOW, That's What I Call Gay!",1bxI7BeSOYbjZOa27Ji9uB,Oskiithewizard,https://open.spotify.com/playlist/1bxI7BeSOYbjZOa27Ji9uB
Fuck Metal but I’m Asexual 🥵,0dNkAXaYBjjW81bevqd2fm,KBanta03,https://open.spotify.com/playlist/0dNkAXaYBjjW81bevqd2fm
Best Queer (LGBTQ) Artists EVER!!!,3zbNZrh7T0iaMdUtNmyq2Z,Quill Bleu,https://open.spotify.com/playlist/3zbNZrh7T0iaMdUtNmyq2Z
Reggaeton para homosexuales,3T4KPkrQGjBoJYqbgpzm6g,Dissapointment,https://open.spotify.com/playlist/3T4KPkrQGjBoJYqbgpzm6g
You might be a homosexual ,3SPCHCgLZ4V8oAksW0tsNf,Trippaggie,https://open.spotify.com/playlist/3SPCHCgLZ4V8oAksW0tsNf
Sounds better than a fat homosexual in a mumu,1spGCUX4SgDM5IsmkUQNQJ,Harri Balzania,https://open.spotify.com/playlist/1spGCUX4SgDM5IsmkUQNQJ
My Sister Is Homosexual,7k67zVjpxv5YTOsHTeK2RI,L.,https://open.spotify.com/playlist/7k67zVjpxv5YTOsHTeK2RI
A non asexual playlist for asexuals.,7tAOx1m2irkLVduWJh96yX,woof,https://open.spotify.com/playlist/7tAOx1m2irkLVduWJh96yX
Alt/ emo,3KTaXmUcv9Zdhqi85jxKpq,Nicole Chen,https://open.spotify.com/playlist/3KTaXmUcv9Zdhqi85jxKpq
stupid ass queer teenager,0fflGEvAvdkrzpfugk1lJ1,✰ amari ✰,https://open.spotify.com/playlist/0fflGEvAvdkrzpfugk1lJ1
TRANSGENDER DYSPHORIA (FTM),2P7F3MfrEo2PaICHH74qok,flay3dm1nd,https://open.spotify.com/playlist/2P7F3MfrEo2PaICHH74qok
🤍(๑ơ ₃ ơ),1nt7LLnT2IETPpRQKQNvBa,hailstorm,https://open.spotify.com/playlist/1nt7LLnT2IETPpRQKQNvBa
homosexual vibes,7aF1REVlL8E7tn36i00sex,Spork,https://open.spotify.com/playlist/7aF1REVlL8E7tn36i00sex
Homosexual psychosis,4k2m0A1sOyuMmkwXqoeg08,Dan Irani,https://open.spotify.com/playlist/4k2m0A1sOyuMmkwXqoeg08
Raging Homosexual Energies,3cjDEQqhi1ITjaL048TuDo,jason,https://open.spotify.com/playlist/3cjDEQqhi1ITjaL048TuDo
Howdy Pardner... Homosexually,4mEhpkJdMtQhLT5uGz0h1k,Onyx Hates Everyone,https://open.spotify.com/playlist/4mEhpkJdMtQhLT5uGz0h1k
Genderfluid and Pansexual vibes,3Vp8MuIhhBCUFXDBhgRrs4,AM.B3ST.B01,https://open.spotify.com/playlist/3Vp8MuIhhBCUFXDBhgRrs4
I finds out I'm berrisexual,38Hy23KFQzoia55olgNg7n,◟♯ . / 𝓡𝓪𝓰𝓪𝓽𝓱𝓪 . !,https://open.spotify.com/playlist/38Hy23KFQzoia55olgNg7n
Tyler The Creator playlist ,1ayJkvFsH9tdOBUkprKMy0,cutthr0atElm0VER.2,https://open.spotify.com/playlist/1ayJkvFsH9tdOBUkprKMy0
sad AND gay😂😭,5TbENcZ8pIVCFxGOllLood,Intestinal blockage,https://open.spotify.com/playlist/5TbENcZ8pIVCFxGOllLood
*punches you lesbianly*,4fFgIq0Vql6biU3kUAyTKe,Lavender Courtney,https://open.spotify.com/playlist/4fFgIq0Vql6biU3kUAyTKe
queer people are awesome,7J0u3bnsA1vQWF5oN78aqA,cryptid,https://open.spotify.com/playlist/7J0u3bnsA1vQWF5oN78aqA
Homosexuals,5RQN8ljDAyYHJubEcifyiP,o0alex0o,https://open.spotify.com/playlist/5RQN8ljDAyYHJubEcifyiP
Homosexual Strong 💪,0kMKHHIu3TQx3KETAUNSSS,Drew Culler,https://open.spotify.com/playlist/0kMKHHIu3TQx3KETAUNSSS
Celebrating the death of my Homosexualness,2GUIZHfyQpP4veATmzcBaL,Zinnia,https://open.spotify.com/playlist/2GUIZHfyQpP4veATmzcBaL
Stray kids are dih 👅💦,3vLsy38J6caeQfWSpExAva,I ❤️ PRE-DEBUT JEONGIN,https://open.spotify.com/playlist/3vLsy38J6caeQfWSpExAva
I'm bisexual🏳‍🌈,3JRl2a8FDLBaEY1KZeB3tZ,Ada,https://open.spotify.com/playlist/3JRl2a8FDLBaEY1KZeB3tZ
Chill Sexy Queer,4x39ljRTJ5oN46FXul8ZQN,Rahbee,https://open.spotify.com/playlist/4x39ljRTJ5oN46FXul8ZQN
June 2026,2hSvciMb87zFxTD8YudZHI,qtf0x,https://open.spotify.com/playlist/2hSvciMb87zFxTD8YudZHI
homophobic slur,2OWJlGBGunhkprx5W3aj3V,Zozo,https://open.spotify.com/playlist/2OWJlGBGunhkprx5W3aj3V
homosexual,3aO58c3v0IJt9eP5tarG51,diddy,https://open.spotify.com/playlist/3aO58c3v0IJt9eP5tarG51
Briya is a homosexual,00lqVemzaBtldmZK2dqLU3,Phil,https://open.spotify.com/playlist/00lqVemzaBtldmZK2dqLU3
Queer homosexual men in ancient Mesopotamia ,1njTfkIbcQqEdTTyBt35sF,Connell ⦻,https://open.spotify.com/playlist/1njTfkIbcQqEdTTyBt35sF
Alac's killer toons,5tEmA1vOPVoeQWlcvHPaOA,Haven|18|🪼,https://open.spotify.com/playlist/5tEmA1vOPVoeQWlcvHPaOA
MLM unrequited love/ internalized homophobia ,0cehW8oeLYSDgc8lYn1tFp,Will,https://open.spotify.com/playlist/0cehW8oeLYSDgc8lYn1tFp
Gay Panic and Sadness,22B5jpeO7vnYxipJfPox9M,Chey :>,https://open.spotify.com/playlist/22B5jpeO7vnYxipJfPox9M
What time is it?,6WWSBOAvdvjp2USsjtXx3Y,BEEECH,https://open.spotify.com/playlist/6WWSBOAvdvjp2USsjtXx3Y
Songs by LGBTQ+ Christian Artists,0pWIWaU7SRyGduZDKFYxlC,First Presbyterian Church of Elk Rapids,https://open.spotify.com/playlist/0pWIWaU7SRyGduZDKFYxlC
masc/non-binary gender euphoria,5guHOFKuDCRHONJkQHCFSz,bubs,https://open.spotify.com/playlist/5guHOFKuDCRHONJkQHCFSz
Homosexual Feeling,2qg1YAbPc8oZrZucM0P5pW,Mikepócrita,https://open.spotify.com/playlist/2qg1YAbPc8oZrZucM0P5pW
Caballo homosexual de las montañas,6d4rwsYtHeLzTBRkzHu00i,Ianzava0212,https://open.spotify.com/playlist/6d4rwsYtHeLzTBRkzHu00i
beware the homosexuals,7d72C24dx9XOk0Cai2bw2A,jax,https://open.spotify.com/playlist/7d72C24dx9XOk0Cai2bw2A
it's always been you,0rcC9TwTGcpOkhi5Y5reGk,rose song,https://open.spotify.com/playlist/0rcC9TwTGcpOkhi5Y5reGk
✨ bisexual girl chaos ✨,1SN5vUDPxp4RB1OqtAqhlm,izzybizzyblue!,https://open.spotify.com/playlist/1SN5vUDPxp4RB1OqtAqhlm
a powerful asexual playlist <3,2sgrPO4XnLnbMwIP4JRoRY,👾a👾,https://open.spotify.com/playlist/2sgrPO4XnLnbMwIP4JRoRY
i’m gay and autistic,69w47B1rStHB1IhGbyS5Ik,archie,https://open.spotify.com/playlist/69w47B1rStHB1IhGbyS5Ik
Gay songs I like,6oo4e0hq40tOGovCjHz79n,Makoto || ᴀʟᴛ ʏᴏsʜᴋᴀ's #1 ʟᴏᴠᴇʀ,https://open.spotify.com/playlist/6oo4e0hq40tOGovCjHz79n
only for gay,2xyMhbdLLa5SQ2TX9mSQLJ,WONDER OF U,https://open.spotify.com/playlist/2xyMhbdLLa5SQ2TX9mSQLJ
gay mcr songs,3ZFjjCflN4aODeJDeU1EEX,CAT-DOS 𖥠,https://open.spotify.com/playlist/3ZFjjCflN4aODeJDeU1EEX
homosexual wireplay,5bHiIjKlM8YVOz5cUcQxz1,poop from a BIG buttt,https://open.spotify.com/playlist/5bHiIjKlM8YVOz5cUcQxz1
Homosexual joy ,6XtQ6iqg9nhEB5rI3PZM0K,Krispy,https://open.spotify.com/playlist/6XtQ6iqg9nhEB5rI3PZM0K
〔 🏮 〕〜 Pangi ー★ー,3lIjMUM2WGLsIfy0nSve1O,HeliosHeliotropic,https://open.spotify.com/playlist/3lIjMUM2WGLsIfy0nSve1O
asexual musical freak,1KFV7EjQg1G9thiHTfHMOB,uto,https://open.spotify.com/playlist/1KFV7EjQg1G9thiHTfHMOB
Queer but make it chill,2vfs3RPDkFVKBSUcrvUDvP,Peat,https://open.spotify.com/playlist/2vfs3RPDkFVKBSUcrvUDvP
"tennis is gay, tickle my shaft",1Dna5szA0O7x98AM0JjABg,ToothlessTeddie,https://open.spotify.com/playlist/1Dna5szA0O7x98AM0JjABg
A Gay Asshole's Playlist Backgrounds,5vB6FftXifq1xFOsSJcaaL,NIRSTOLIES,https://open.spotify.com/playlist/5vB6FftXifq1xFOsSJcaaL
sapphic ,4sWm3Ry7oxHVotMVil0eCl,nvanden,https://open.spotify.com/playlist/4sWm3Ry7oxHVotMVil0eCl
🍇    ݂    ❀  ݁ ݂   my     playlist   .   ⵂⵂ,3p24yfo1rxFazttNbFJWMr,𓈒   𓏼  🧃 ̣̣ ۟   toño  .,https://open.spotify.com/playlist/3p24yfo1rxFazttNbFJWMr
⋆˚࿔,0C2upIDc4iU1H8DgWBfzH3,Day,https://open.spotify.com/playlist/0C2upIDc4iU1H8DgWBfzH3
"We’re two homosexual theater kids with depression, anxiety, and adhd. we like music. sue us",2VLfYdhViChihUjhovdsmZ,Raimbow,https://open.spotify.com/playlist/2VLfYdhViChihUjhovdsmZ
gay gay homosexual gay,2YyyI8FXY5qzaWFmynPInW,dreytonw,https://open.spotify.com/playlist/2YyyI8FXY5qzaWFmynPInW
PEAKKKK MUSIC FOR MENTALY ILL HOMOSEXUALS ,3f61BIlJNzYSbcXLWQ6DZz,Nox,https://open.spotify.com/playlist/3f61BIlJNzYSbcXLWQ6DZz
Bisexual Disaster With Fun Sea Things,1M6jdt6SA0zk8NDb7jkTdN,Shadøw Wølf,https://open.spotify.com/playlist/1M6jdt6SA0zk8NDb7jkTdN
"she not a lesbian, for P, she turn pesbian ",0eSz0hjvBundZ9Lbd0UFkq,liv ☝🏻🌟🤸🏼‍♀️,https://open.spotify.com/playlist/0eSz0hjvBundZ9Lbd0UFkq
Spreading the queer agenda,0HwTn7sfw742QBSnI3w18G,meiflower,https://open.spotify.com/playlist/0HwTn7sfw742QBSnI3w18G
homosexuality,5msr2L4tmPCdKjfg15eXBQ,jeremy dinh,https://open.spotify.com/playlist/5msr2L4tmPCdKjfg15eXBQ
Autism Homosexuality and Delusions ,1vKcfupcLlO0ZkDxFna0aC,SuniiGal,https://open.spotify.com/playlist/1vKcfupcLlO0ZkDxFna0aC
Omnisexual bitch,2EByIIyr9iYM8sz9mb6LrP,Proseila,https://open.spotify.com/playlist/2EByIIyr9iYM8sz9mb6LrP
> 𐙚 ‧₊˚ ⋅ Rengiyuu  ⋅ ˚₊‧ 𐙚 ⋆ !!,1qASDs78VvDTRzNC57YMWd,> 𐙚 ‧₊˚ ⋅ 𝐁𝐫𝐞𝐞y ⋅ ˚₊‧ 𐙚 ⋆,https://open.spotify.com/playlist/1qASDs78VvDTRzNC57YMWd
asexual insecurity,2jcFQwRjqKo3KcAIUKCAUi,Nevz,https://open.spotify.com/playlist/2jcFQwRjqKo3KcAIUKCAUi
us,6bux4Da6RixKLJs1a7VQDm,𐑺゛prince,https://open.spotify.com/playlist/6bux4Da6RixKLJs1a7VQDm
Get gay🩷🩷,2z4Zwkk64tXTfJmu8UDUlC,Bella<3,https://open.spotify.com/playlist/2z4Zwkk64tXTfJmu8UDUlC
My fav mlm songs bc im sad and gay,2k6NjoAOQQQ6goUvW4tTcJ,BeGayHailSatan,https://open.spotify.com/playlist/2k6NjoAOQQQ6goUvW4tTcJ
✨️Queer Bangers✨️,535QAusCsPfA3QDqGa2fpC,✨️Ash✨️,https://open.spotify.com/playlist/535QAusCsPfA3QDqGa2fpC
Homosexual Concentrate,0G4bA8IbwkGdFycDGAOfiz,Jack,https://open.spotify.com/playlist/0G4bA8IbwkGdFycDGAOfiz
Reasons im homosexual 3,3DFyb501C9FUmuVe0WdT5i,Clapped,https://open.spotify.com/playlist/3DFyb501C9FUmuVe0WdT5i
Hozier is The Cause of My Homosexuality,0nwEytgmJHR03Cb1vjwK3F,willnerd,https://open.spotify.com/playlist/0nwEytgmJHR03Cb1vjwK3F
pov: ur a closeted omnisexual,1DoxIfcVsbHZb5o6nJGs8n,Mina Ashido,https://open.spotify.com/playlist/1DoxIfcVsbHZb5o6nJGs8n
𓏲𝄢  🍁  .  ―୨୧⋆ ˚,2sZQNnjxhtHywRGkNpLNwk,💬  🍝🌍,https://open.spotify.com/playlist/2sZQNnjxhtHywRGkNpLNwk
BOUNCING OFF MY BOOTYCHEEKS I LIKE THE WAY HE RIDES 😍‼️🙈🗣️👹,0HrnJft8ZxSRb33JAMTcBJ,˚✧₊⁎ ♡𝓪𝓷𝓰𝓮𝓵𝓾𝓼-𝓸𝓼𝓬𝓾𝓵𝓾𝓶♡⁎⁺˳✧༚,https://open.spotify.com/playlist/0HrnJft8ZxSRb33JAMTcBJ
€,1nZNQg8NeRYpZ4a8lu8Yv8,williamtprice24,https://open.spotify.com/playlist/1nZNQg8NeRYpZ4a8lu8Yv8
🩷🦋👑,27eFbG031tYiJWmyN7xiyV,Nquevdog,https://open.spotify.com/playlist/27eFbG031tYiJWmyN7xiyV
🏳️‍🌈 Gay Pride Songs ,3rvdx6Ek70bRZfkpyAkYGF,Andrew Armbruster,https://open.spotify.com/playlist/3rvdx6Ek70bRZfkpyAkYGF
Hype Music for Homosexuals,21IrXms4srWCnC9Pmz1yLM,Aruxous,https://open.spotify.com/playlist/21IrXms4srWCnC9Pmz1yLM
Songs that turn frogs homosexual,4WTaG7Abj4LkVciLMRkgdm,joshmerwise,https://open.spotify.com/playlist/4WTaG7Abj4LkVciLMRkgdm
country that isn’t fucking homosexual,7viTQhXsEaOa0w0hS5F4sK,jason,https://open.spotify.com/playlist/7viTQhXsEaOa0w0hS5F4sK
camisexual,6G49i5NQLi28XmxbY5CHYl,camila,https://open.spotify.com/playlist/6G49i5NQLi28XmxbY5CHYl
Johnny Boy,4P6RavdZbKUqW7bfSsTk1U,HISTORICMOTH,https://open.spotify.com/playlist/4P6RavdZbKUqW7bfSsTk1U
The Gay People Playlist Aka Yearning anthems for the internalized homophobic soul,4GMNCIZ11rnB7CqpWsalka,SoCalledClown,https://open.spotify.com/playlist/4GMNCIZ11rnB7CqpWsalka
If you're gay you probably know most of these songs,7e6BFnMlgM9emdXr4Ifqga,TheScarredRose,https://open.spotify.com/playlist/7e6BFnMlgM9emdXr4Ifqga
My gay mix 😂,152BwzEHfvDabflrNP5gHg,Yovi Jimbo,https://open.spotify.com/playlist/152BwzEHfvDabflrNP5gHg
Queer/Queer Coded,3Tpen3abuJ7IFWBkXx8zPV,4ppl354uc3Luvr,https://open.spotify.com/playlist/3Tpen3abuJ7IFWBkXx8zPV
im a homosexual,6ZMWU7QJznfSHB7JGROzaq,xixii 🪷,https://open.spotify.com/playlist/6ZMWU7QJznfSHB7JGROzaq
repressed homosexual feelings,0r7kZFIZ3IzJ8uh91xImO9,damien j,https://open.spotify.com/playlist/0r7kZFIZ3IzJ8uh91xImO9
you silly mentally ill homosexual.,67URj2vyXTUooL8kpUmIxC,Zero ミ★,https://open.spotify.com/playlist/67URj2vyXTUooL8kpUmIxC
i’m bisexual and i'm proud,3HMq6isvdukL5PfGbMpRcl,Bunkerrussell,https://open.spotify.com/playlist/3HMq6isvdukL5PfGbMpRcl
IT GURL,2CxI2OB6DIFJLJHqH9jc5h,Elisa Dawn,https://open.spotify.com/playlist/2CxI2OB6DIFJLJHqH9jc5h
gaymale,55dCQ3bz0SeUwt5PuqBbk0,neo,https://open.spotify.com/playlist/55dCQ3bz0SeUwt5PuqBbk0
queer lovers? so much worse,6y3SkxHk0g0Qi8Er3LCP5e,ALSHUKI,https://open.spotify.com/playlist/6y3SkxHk0g0Qi8Er3LCP5e
Songs for queers like me,1Jf8HxMVa8H6B2bFLbL1Zc,alexjbouchard,https://open.spotify.com/playlist/1Jf8HxMVa8H6B2bFLbL1Zc
i listen to gay music therefore i am,3JoofVfN0jkdXV976a8OZV,Brynley,https://open.spotify.com/playlist/3JoofVfN0jkdXV976a8OZV
⊹ ࣪ ˖,2zgLL5C2Yrjmedao2IcZ5x,kat  ⟢,https://open.spotify.com/playlist/2zgLL5C2Yrjmedao2IcZ5x
my inner homosexual,06dfdk51tGbiza7vyPyJEZ,kaboom!!!!!!!!,https://open.spotify.com/playlist/06dfdk51tGbiza7vyPyJEZ
🤨I'm a fucking homosexual🤨,6PQnv4WpUdjgfCc7mfIay0,Alex,https://open.spotify.com/playlist/6PQnv4WpUdjgfCc7mfIay0
"(moronic, sad, homosexual)",0dN39CDlM6R7S45xTsNpQD,Jaden,https://open.spotify.com/playlist/0dN39CDlM6R7S45xTsNpQD
Bipolar and gay and depressed... 👍,7MMdHGHCzZNhQepljNt9lV,✨PeRsOn✨,https://open.spotify.com/playlist/7MMdHGHCzZNhQepljNt9lV
your gay 🌈🏳️‍🌈🏳️‍⚧️,4ormZokuiyw7Shujf4c5He,kingnoob,https://open.spotify.com/playlist/4ormZokuiyw7Shujf4c5He
Sesbian Lex,3WDkcAhDUBS8gLUelKmTGe,Lina.grieb,https://open.spotify.com/playlist/3WDkcAhDUBS8gLUelKmTGe
🚀Homosexualidad 🏳️‍🌈,5ul8RwQVxdoEeLjQW7w1kW,Josh Jones,https://open.spotify.com/playlist/5ul8RwQVxdoEeLjQW7w1kW
gay gay homosexual gay,4awdRkxZTwMIM11J8aW08z,syd,https://open.spotify.com/playlist/4awdRkxZTwMIM11J8aW08z
Rated G For Homosexual,2zbmWBCvyXHNj9AVz9uZDR,⋆.˚ᨳ𝙱¡𝚕𝗹𝚢ଓ˚.⋆ ~ spotify,https://open.spotify.com/playlist/2zbmWBCvyXHNj9AVz9uZDR
Cole's GAY workouts,0UiVrI73reFXCCTdVRZNIe,michaelhighum,https://open.spotify.com/playlist/0UiVrI73reFXCCTdVRZNIe
Welcome to Falsettosland,4dLgPB11MzDRWahYMdL4bA,aj 👭,https://open.spotify.com/playlist/4dLgPB11MzDRWahYMdL4bA
I’m just a gay boy✨,4cq8jHvWklCXVH1u6NVfvy,Kai💖,https://open.spotify.com/playlist/4cq8jHvWklCXVH1u6NVfvy
✨🏳️‍🌈HELP ME🏳️‍🌈✨,3gr6RJ7UyKDzhV5YTT9pjK,Axfoot12,https://open.spotify.com/playlist/3gr6RJ7UyKDzhV5YTT9pjK
SAD GAY SONGS,2dw5dgMwVzrCxNiHFFiuGP,JËVA,https://open.spotify.com/playlist/2dw5dgMwVzrCxNiHFFiuGP
homosexual anthem,2qxhiWtweNmngvb6NvQGNS,marcellio,https://open.spotify.com/playlist/2qxhiWtweNmngvb6NvQGNS
Homosexual Slaps,7yN9wIWQrSIzLfsyoHJJko,thekiksrocks,https://open.spotify.com/playlist/7yN9wIWQrSIzLfsyoHJJko
BibleThinker – Homosexuality,4YvVSjPhCKfPBJ3UHjClrM,Finchy,https://open.spotify.com/playlist/4YvVSjPhCKfPBJ3UHjClrM
🏳️‍⚧️✴ The homosexual agenda ✴🏳️‍🌈,30VdnZm5QdtEorL3RB09lr,𝙽𝙹𝚃𝙷𝟹𝙶𝟺𝚈₊˚⊹ ᰔ,https://open.spotify.com/playlist/30VdnZm5QdtEorL3RB09lr
The homosexual team and co.,0cPkA9uxsbzfSypbF2LsOT,Sydney Lash,https://open.spotify.com/playlist/0cPkA9uxsbzfSypbF2LsOT
Internalized homophobia ,3jX7VyCvy7mgFKYoI73uTC,⋆⭒˚.⋆ Bell ⋆⭒˚.⋆,https://open.spotify.com/playlist/3jX7VyCvy7mgFKYoI73uTC
"LGBTQIA, I'M GAY! 🏳‍🌈🏳‍⚧",1g57JguvRYNmhBBs7IGnWR,Lemon Boy🍋🌿 (he/they) (croiss),https://open.spotify.com/playlist/1g57JguvRYNmhBBs7IGnWR
queer ,17NAuGYEsFSdrOiG5yOXGN,alex,https://open.spotify.com/playlist/17NAuGYEsFSdrOiG5yOXGN
Sapphic,1E6UHIzCjZ9Xk7huOTInM8,Cass,https://open.spotify.com/playlist/1E6UHIzCjZ9Xk7huOTInM8
Doomed homosexuals,0FvndME7FUAmNdjxcOFTlz,Milkywwway,https://open.spotify.com/playlist/0FvndME7FUAmNdjxcOFTlz
homosexual situationship,0RT2wvPszGlx9NJkRREtSE,malia,https://open.spotify.com/playlist/0RT2wvPszGlx9NJkRREtSE
GAY GAY HOMOSEXUAL GAY,6wsNwGBzl2n6HA7QNfTXvY,|-/𝔸𝕤𝕙|-/,https://open.spotify.com/playlist/6wsNwGBzl2n6HA7QNfTXvY
YES I’m a homosexual ,4n6nm96pRxcpIGE11aD2bX,Skippy,https://open.spotify.com/playlist/4n6nm96pRxcpIGE11aD2bX
supporting cast,59R3eNDszkx6nRt1jFEXA1,eva catherine,https://open.spotify.com/playlist/59R3eNDszkx6nRt1jFEXA1
Vengeful Pansexuals,07VTdYDmlRHkkSgBkbNbg2,Adrian Anketell,https://open.spotify.com/playlist/07VTdYDmlRHkkSgBkbNbg2
A playlist that will cause allegations of bisexuality,5bmc1rRXftOsXdDUzU0jjv,Zach Maves,https://open.spotify.com/playlist/5bmc1rRXftOsXdDUzU0jjv
𝕿𝖚𝖗𝖓 𝖒𝖞 𝔾𝕒𝕪 𝖔𝖓,6zzdsYNl3MZwpTVqgGEAJV,CountBatula,https://open.spotify.com/playlist/6zzdsYNl3MZwpTVqgGEAJV
Basically a bunch of gay songs,227NftW2dlJOPIWSX4gJRo,Celeste,https://open.spotify.com/playlist/227NftW2dlJOPIWSX4gJRo
Homosexual Agenda,5fYiQbY3lgBbPL7V4eCzVR,Nat Bat,https://open.spotify.com/playlist/5fYiQbY3lgBbPL7V4eCzVR
concentration camp for homosexuals,3go3E8j4zufNpYfW47JRct,༉‧₊˚Jupiter ༉‧₊˚.,https://open.spotify.com/playlist/3go3E8j4zufNpYfW47JRct
ok fine im a homosexual ,5a7urwRjgWxIXPKU5cCgSW,999 ??,https://open.spotify.com/playlist/5a7urwRjgWxIXPKU5cCgSW
The greatest remixes exclusively for homosexuals (2),3S6OMdNgg8PVlJ8qAQ7lUk,Charlie’s Chicago,https://open.spotify.com/playlist/3S6OMdNgg8PVlJ8qAQ7lUk
Gayming,4GLXTXzoGXzqvsVXwJBuek,jpmcne59,https://open.spotify.com/playlist/4GLXTXzoGXzqvsVXwJBuek
How homoerotic is this?,5Nx6fDE8cMxiC9qxpPvfsx,Carlos,https://open.spotify.com/playlist/5Nx6fDE8cMxiC9qxpPvfsx
Idk,5J5BDDd1AMwmtxCHrYgbtk,★Aubree★,https://open.spotify.com/playlist/5J5BDDd1AMwmtxCHrYgbtk
Trans Nonbinary Dissociative Crashout,5rB0bOkoHHKAIirlok9qAQ,K4ND1K4T (I <3 1x1x1x1),https://open.spotify.com/playlist/5rB0bOkoHHKAIirlok9qAQ
The Homosexual Agenda,56oo7voig2fcbeClLturuK,Jimmy MacMichael,https://open.spotify.com/playlist/56oo7voig2fcbeClLturuK
Rage against the homosexuals,4tKvuc8zxZRPubRKAzpPOA,⤷ ゛ꜱᴛᴜ  ᴍᴀᴄʜᴇʀ🩸📞 ˎˊ˗,https://open.spotify.com/playlist/4tKvuc8zxZRPubRKAzpPOA
Gay Gay Homosexual Gay,0GGhBCVHOQzUwhLCa4BrcI,moonwhisper404,https://open.spotify.com/playlist/0GGhBCVHOQzUwhLCa4BrcI
Rap,1rLZcD5toLugr4D50aRog7,Les,https://open.spotify.com/playlist/1rLZcD5toLugr4D50aRog7
My TransBisexual Playlili,2pwYqaTgjkGixS7Vb9Pb2H,Charlotte,https://open.spotify.com/playlist/2pwYqaTgjkGixS7Vb9Pb2H
fuck gay ☠️🏳️‍🌈☠️,6PGIlPtGLltmVUfYY0mIMM,thouevee,https://open.spotify.com/playlist/6PGIlPtGLltmVUfYY0mIMM
Why so queerious ,36MzTwJf4TWeI9MP5n9YuH,Hegan 😼,https://open.spotify.com/playlist/36MzTwJf4TWeI9MP5n9YuH
that homo autism music mix,2IXtqrZb4myMOczsMJ6rZc,yo mom,https://open.spotify.com/playlist/2IXtqrZb4myMOczsMJ6rZc
homosexual playlist,4IzmroKkQbEKuCGwvl7OFG,sentagon,https://open.spotify.com/playlist/4IzmroKkQbEKuCGwvl7OFG
For a moody homosexual,6ILzXSimyp0olNiKTUAT7k,Star,https://open.spotify.com/playlist/6ILzXSimyp0olNiKTUAT7k
small town homosexual,1Nn2ZXFvIAAbGNSOHbBZ0R,kristinadavenport,https://open.spotify.com/playlist/1Nn2ZXFvIAAbGNSOHbBZ0R
🔥 - RAHHHH FISH RAHHHH - 🔥,14y2y8cuSOMCxgMxzdQX7W,Molly (The Rat),https://open.spotify.com/playlist/14y2y8cuSOMCxgMxzdQX7W
Sesbian lex,15cnS3JA6R2x9gwximXw5X,xxxJCRSxxx,https://open.spotify.com/playlist/15cnS3JA6R2x9gwximXw5X
Forbidden gay lovers,7mSrAykSe18fXgYSSxkaOr,Mak 🌲,https://open.spotify.com/playlist/7mSrAykSe18fXgYSSxkaOr
🫪,4LwmJX84CTOLBQ7Oiosyjy,camizkusi,https://open.spotify.com/playlist/4LwmJX84CTOLBQ7Oiosyjy
Queer Pride,6IK9ANk0ljfz4qANpYzfeb,julessauro,https://open.spotify.com/playlist/6IK9ANk0ljfz4qANpYzfeb
homosexuals,5q4J8K5yuhqzqYLwVBwes4,Sophia,https://open.spotify.com/playlist/5q4J8K5yuhqzqYLwVBwes4
party time for braindead homosexuals,58vkLMw1UPnrQv2ZDCiOad,Egg,https://open.spotify.com/playlist/58vkLMw1UPnrQv2ZDCiOad
my favorite homosexual,7yIhRjSNiZa4KvT1eNSuSA,Veenariin,https://open.spotify.com/playlist/7yIhRjSNiZa4KvT1eNSuSA
Gay ,4zYvPATfbDvWY3p2lyfyA8,𝙼𝚒𝚔𝚊𝚢𝚕𝚊,https://open.spotify.com/playlist/4zYvPATfbDvWY3p2lyfyA8
🎸Queer-core🏳️‍🌈,6W98OmmozhLHq8oYkO2z4A,☣️Blahhhh🩻,https://open.spotify.com/playlist/6W98OmmozhLHq8oYkO2z4A
I THINK IM A LESBIAN???,4iaDRoKwQ3GstHPRb7X7d7,Hale,https://open.spotify.com/playlist/4iaDRoKwQ3GstHPRb7X7d7
SesbianLex🔥,6m0EnPC6JKiQN6LHOvauhx,Gabriela,https://open.spotify.com/playlist/6m0EnPC6JKiQN6LHOvauhx
you're gay sad and angry,64VWkA9vxBCQxhdqSsfSRS,CheeseFrog,https://open.spotify.com/playlist/64VWkA9vxBCQxhdqSsfSRS
Ok homosexual go off,6wyHBk3I3FGzUXGLjSOpwi,SakuBun,https://open.spotify.com/playlist/6wyHBk3I3FGzUXGLjSOpwi
YOU BOYS ARE THE HOMOSEXUAL SUPPORTING CAST,06OatlxOnovO7EDSydfF46,Ladies_Man_127,https://open.spotify.com/playlist/06OatlxOnovO7EDSydfF46
Gay Gay Homosexual Gay,3ug2468iQvSNugP50x7DVV,Roja,https://open.spotify.com/playlist/3ug2468iQvSNugP50x7DVV
Tragic irradiated homosexuals,09h9xuizqOTaITRvQ06hSJ,SquidKitties,https://open.spotify.com/playlist/09h9xuizqOTaITRvQ06hSJ
Hypersexual with a cnc kink 🎀,45o3MTk5SnQ4RAEae46QXs,bread ★,https://open.spotify.com/playlist/45o3MTk5SnQ4RAEae46QXs
💛Byler 💙,4nt7JIDf6BlNHgsGZ7HXQ5,Literally Amanda Young,https://open.spotify.com/playlist/4nt7JIDf6BlNHgsGZ7HXQ5
Autistic gay queer femcel retard 4chan user redditor,5jNXqZIb4mzbLK0X9CpbcN,Artyom,https://open.spotify.com/playlist/5jNXqZIb4mzbLK0X9CpbcN
Sexed up lesbians <3,5ARbr7r2gKmjjKWTstvs09,AixaGoldton,https://open.spotify.com/playlist/5ARbr7r2gKmjjKWTstvs09
Gay Gay Homosexual Gay,1WQUpSMvlquEfZQ2whaqVx,Link,https://open.spotify.com/playlist/1WQUpSMvlquEfZQ2whaqVx
Headbanging homosexuals ,1EQQZBRpwO6VEgKnTlKGnK,WIll,https://open.spotify.com/playlist/1EQQZBRpwO6VEgKnTlKGnK
Arcane Zaunite Vibes,1RgJOSmJrZseRRgtAOMzmZ,Nova_Scotia,https://open.spotify.com/playlist/1RgJOSmJrZseRRgtAOMzmZ
whole room gay as fuck,3lGAAlPuhXx9b1JDJiMbmp,frog boy,https://open.spotify.com/playlist/3lGAAlPuhXx9b1JDJiMbmp
chuuya nakahara ,0NCTCCCAW3YKTGoYX1kc9E,scorpiorising,https://open.spotify.com/playlist/0NCTCCCAW3YKTGoYX1kc9E
(⁠~⁠‾⁠▿⁠‾⁠)⁠~,7q0BwrFXPy4MeiD3dq4uq6,mikethealien,https://open.spotify.com/playlist/7q0BwrFXPy4MeiD3dq4uq6
Gay Panic,6RqKaF4OjOUPvKfrSPGyf7,Erubus Erizder,https://open.spotify.com/playlist/6RqKaF4OjOUPvKfrSPGyf7
sapphic/wlw bops,1AX44ZIMz3bsxN4HMGJlrA,thorn,https://open.spotify.com/playlist/1AX44ZIMz3bsxN4HMGJlrA
º~º,4VmfVlW0rvBfXeFehRgdng,ric,https://open.spotify.com/playlist/4VmfVlW0rvBfXeFehRgdng
Homosexual,6fdy38WYdCOgCgUWYSIdcV,Tanner Crosby,https://open.spotify.com/playlist/6fdy38WYdCOgCgUWYSIdcV
I’m a homosexual deal dough and ur Audrey Hepburn,4jbFLsvfZnfrYNg8StNWKL,Im not dicky im NICKY,https://open.spotify.com/playlist/4jbFLsvfZnfrYNg8StNWKL
My homosexual music 🤫,1IZiD3DzRJhjZTZEWeue6r,Alice.,https://open.spotify.com/playlist/1IZiD3DzRJhjZTZEWeue6r
— homosexual songs,6ti0IVhHamDJj5kWEqdDpV,epicmoose77,https://open.spotify.com/playlist/6ti0IVhHamDJj5kWEqdDpV
✨ depression and homosexuality ✨,1KelqR8hbTSvBtlP4mm9JT,Storm <3✮✮,https://open.spotify.com/playlist/1KelqR8hbTSvBtlP4mm9JT
1 lesbian and 1 bisexual,1gVOjQxptTXCaVX84xbRpv,bisexual😇😇,https://open.spotify.com/playlist/1gVOjQxptTXCaVX84xbRpv
she/they bisexual nose ring tattooed liberal barista,5myPnJNfqRiXJ7dg3XCRja,Isabelle Coffin,https://open.spotify.com/playlist/5myPnJNfqRiXJ7dg3XCRja
Wow,2JYqjd6f9Y5GTqTP4fJ5es,Ilikechicken,https://open.spotify.com/playlist/2JYqjd6f9Y5GTqTP4fJ5es
BI SEXUAL RETARD PLAYLIST,37xgBUG18mORsFaEOzFr4R,Walter,https://open.spotify.com/playlist/37xgBUG18mORsFaEOzFr4R
homosexual vibes 😼😼,78nYd1tzJwg9WHOml9m3uB,AUDENX2,https://open.spotify.com/playlist/78nYd1tzJwg9WHOml9m3uB
Im a homosexual ,6EWgtWkNHIMMETa8nNS6vN,No Name,https://open.spotify.com/playlist/6EWgtWkNHIMMETa8nNS6vN
Lesbian/Queer/Homosexual Vibes 🏳‍🌈,2Wag8Us6cEtoFeDmEyLbmX,🎪✦𝕁𝕒𝕩 ✦🎪,https://open.spotify.com/playlist/2Wag8Us6cEtoFeDmEyLbmX
Repressed Homosexuality,5o9t7N8Ti374v1nfy3i339,Lidlesssoup,https://open.spotify.com/playlist/5o9t7N8Ti374v1nfy3i339
My Favs alt (omnisexual colors),4UGKp93u4N3W9ns7mjavP0,AnBkn,https://open.spotify.com/playlist/4UGKp93u4N3W9ns7mjavP0
✨🪐🌟!!!!Our playlist!!!!🌟🪐✨,2aAbYTZnB8CCs3YzP7bhTu,˚⋆𐙚｡ 𖦹.ᡣ𐭩˚Sage≽^•༚• ྀི≼*.,https://open.spotify.com/playlist/2aAbYTZnB8CCs3YzP7bhTu
"she’s a freaky young gal, a bisexual ",0oYvUoeVcmRVnBAAiFKsro,j,https://open.spotify.com/playlist/0oYvUoeVcmRVnBAAiFKsro
vibesexual,2wrtEutmGYoTsPcJCWAVX1,lockiophobia,https://open.spotify.com/playlist/2wrtEutmGYoTsPcJCWAVX1
 nonbinary music,03Gg5Iyvztew3rPZ9kuN2i,Pride 🖤xoxo 🏳️‍🌈,https://open.spotify.com/playlist/03Gg5Iyvztew3rPZ9kuN2i
homosexual aboveground,07CiSfOat41Ucwx2HpSYAN,Avi,https://open.spotify.com/playlist/07CiSfOat41Ucwx2HpSYAN
homosexuality and overstimulation,1L25qdCTV2Nj0dVExLBJMe,Rj,https://open.spotify.com/playlist/1L25qdCTV2Nj0dVExLBJMe
envy as the precursor to homosexual attraction,6nlsmurRfzK0dK417qIH7X,hunter,https://open.spotify.com/playlist/6nlsmurRfzK0dK417qIH7X
Is this homosexual ,0OQd02jzYgu5aLTIeVSmlE,Jarvis Springer,https://open.spotify.com/playlist/0OQd02jzYgu5aLTIeVSmlE
Pov:ur genderfluid,4UNvjtX1oedcbuzrV5zqgq,gay balls jr,https://open.spotify.com/playlist/4UNvjtX1oedcbuzrV5zqgq
bipolar not bisexual,2sjU9rTibGeknSkKekv4cq,luke albino,https://open.spotify.com/playlist/2sjU9rTibGeknSkKekv4cq
William S. Burroughs,5wbJIUF6uoD3oVCOuprSzA,apple orchard.,https://open.spotify.com/playlist/5wbJIUF6uoD3oVCOuprSzA
Non-binary  Panic,4Rqu8WhM9YYby9o9nNu15I,Oli,https://open.spotify.com/playlist/4Rqu8WhM9YYby9o9nNu15I
gay people when the worst song you’ve ever heard comes on,1SAPx1KTn0e2U7zoNb5EEz,adriel,https://open.spotify.com/playlist/1SAPx1KTn0e2U7zoNb5EEz
Queird 🖤 ,09LqyG85ZHFro99UbucN6U,krispytofu808,https://open.spotify.com/playlist/09LqyG85ZHFro99UbucN6U
HOMOSEXUAL,6N6h3E0bR4Xj0mewNpqWeQ,Dyl$,https://open.spotify.com/playlist/6N6h3E0bR4Xj0mewNpqWeQ
a 365 kinda homosexual,3jMuSx3uWQKFT33ZTOuzJI,mel,https://open.spotify.com/playlist/3jMuSx3uWQKFT33ZTOuzJI
simswap collective,63QbPpsd00pUx7okmdwNws,cosmin,https://open.spotify.com/playlist/63QbPpsd00pUx7okmdwNws
Thermoon Playlist,4JNFAxT7r1uIdPR4mU5Kh6,Bread,https://open.spotify.com/playlist/4JNFAxT7r1uIdPR4mU5Kh6
playlist of epic gay people songs,5WSfL0pPrrRSOCLLEqpg2r,0pphorzvhavqycdtrk9pfvu0z,https://open.spotify.com/playlist/5WSfL0pPrrRSOCLLEqpg2r
🍃🏳️‍🌈,3ygF2p2esdP0Aety9H9jwK,Fi-Fi,https://open.spotify.com/playlist/3ygF2p2esdP0Aety9H9jwK
fighting demons,3ZNra1VsuJKILXq8MkjKfs,koda,https://open.spotify.com/playlist/3ZNra1VsuJKILXq8MkjKfs
T4T lesbianism 🦈🦌,5ynr1pRgrtIAem4jHgpr3G,Thrawn,https://open.spotify.com/playlist/5ynr1pRgrtIAem4jHgpr3G
Transgenderism,3CbxgIJFQJwzEALvZNWCak,Hero,https://open.spotify.com/playlist/3CbxgIJFQJwzEALvZNWCak
Gay pride sic,1NXvGSTIScUZSy8leHyQvY,Omar Lat E,https://open.spotify.com/playlist/1NXvGSTIScUZSy8leHyQvY
my homosexual life ,0ILam4OeK2oU6FtWzfmfie,andrew_dickinson,https://open.spotify.com/playlist/0ILam4OeK2oU6FtWzfmfie
Gay gay homosexual gay,5PYcEC3f4PSQVZbheoqcz2,Renziepop,https://open.spotify.com/playlist/5PYcEC3f4PSQVZbheoqcz2
Jacob is a homosexual ,3NMRPtsZRnU2ufXSGApMsv,Noah,https://open.spotify.com/playlist/3NMRPtsZRnU2ufXSGApMsv
*Do all my friends hate me or am I just homosexual *,3GCjdY6QT70d6wzorxKK7Z,Rose Sowers,https://open.spotify.com/playlist/3GCjdY6QT70d6wzorxKK7Z
Pray for Homos,6GEKJBvlc3PCIcxo6W6gQA,Juan Chino Garcia,https://open.spotify.com/playlist/6GEKJBvlc3PCIcxo6W6gQA
Lesbian chicken ❤️🧡🤍🩷💜,5C3cdxLjUFnYFZOiJoWQMQ,❤️🧡strawberrylemon🩷💖,https://open.spotify.com/playlist/5C3cdxLjUFnYFZOiJoWQMQ
𝒜𝓈𝓉𝓇𝑜 𝒞𝑜𝓂𝑒𝓉 𝒶𝓃𝒹 𝐸𝒸𝓁𝒾𝓅𝓈𝑒,65dvjEtLwNeUggjiz6IBfV,Ⓒⓞⓜⓔⓣ,https://open.spotify.com/playlist/65dvjEtLwNeUggjiz6IBfV
Gay and fucking pissed,5pNOvgsFJJeDhAFLM334Ga,Alex Walker,https://open.spotify.com/playlist/5pNOvgsFJJeDhAFLM334Ga
homosexual homecomings,0qtv2tHWo6vXcMefxmTAtd,eggrye,https://open.spotify.com/playlist/0qtv2tHWo6vXcMefxmTAtd
Homosexual Sex Mix 🏳️‍🌈,1n0JsGKutNSV6EPd0MaC5j,fridge25,https://open.spotify.com/playlist/1n0JsGKutNSV6EPd0MaC5j
Gay gay homosexual,6fYmjTUEU5xYhTbctDLUYB,Ooga Booga,https://open.spotify.com/playlist/6fYmjTUEU5xYhTbctDLUYB
wlw,66eQKuFGgZ2Z6PCUwQBOkD,𝕃𝕚𝕝𝕒,https://open.spotify.com/playlist/66eQKuFGgZ2Z6PCUwQBOkD
the gaylist,0Qjj9wX12lLuFEOxiDy4Kg,lex,https://open.spotify.com/playlist/0Qjj9wX12lLuFEOxiDy4Kg
Flag man ✨,4HvwQtYjIya8wRM0nqWfOM,LowDisk951,https://open.spotify.com/playlist/4HvwQtYjIya8wRM0nqWfOM
country is queer,5qDSm764Jgl5if1my0fKzI,Boss,https://open.spotify.com/playlist/5qDSm764Jgl5if1my0fKzI
Guys.. I think I'm gay 🥹,2cXxb6C42eV05R23EWLwbi,C4SPY,https://open.spotify.com/playlist/2cXxb6C42eV05R23EWLwbi
gay gay gay homosexual gay,1cTLbyCYZzGlmpH0hLrf7T,Anna Oechslein,https://open.spotify.com/playlist/1cTLbyCYZzGlmpH0hLrf7T
Feelings of melancholy and homosexuality that are unexplainable to the Protestants ,2dfyw2itR4vJ7r48OdwMfF,Linton slay,https://open.spotify.com/playlist/2dfyw2itR4vJ7r48OdwMfF
💃Finsexual Playlist!! <3🫦,5pNSk5FR7N2iBrmEZxOvS9,GiggleRat<3,https://open.spotify.com/playlist/5pNSk5FR7N2iBrmEZxOvS9
~ Arctus ~,3efiFZrLp4ldyhLyinDhaY,Goofball,https://open.spotify.com/playlist/3efiFZrLp4ldyhLyinDhaY
tallstar 🐾🌾 [warrior cats],3VYlNDzPvjuuRwCRbEClbI,arcadeghozt.mp3,https://open.spotify.com/playlist/3VYlNDzPvjuuRwCRbEClbI
 I Am Gay,3eeKceYJRaLMNli8ssJ2uR,gasgod,https://open.spotify.com/playlist/3eeKceYJRaLMNli8ssJ2uR
my little gay songs,76TC0RsXONCz2x8TjdKuyV,schbleep,https://open.spotify.com/playlist/76TC0RsXONCz2x8TjdKuyV
I’m supr gay bro,1Hym1xLbAjupiyt9m0c4Tw,holyshitters😔,https://open.spotify.com/playlist/1Hym1xLbAjupiyt9m0c4Tw
Just gays being doods,6z3jkFvERgCEOcq2trxG8V,robin_03,https://open.spotify.com/playlist/6z3jkFvERgCEOcq2trxG8V
Queer,3RFtQifkXYHrA0dtqyMPP0,Baylor,https://open.spotify.com/playlist/3RFtQifkXYHrA0dtqyMPP0
How homosexual,5LxVHoTRcWitT0ID4xazBp,✨🖤💫Nova💫🖤✨,https://open.spotify.com/playlist/5LxVHoTRcWitT0ID4xazBp
Gay. Gay. Homosexual. Gay.,1BBFfRxUDImiRIwVUeKOYN,Matt🦈🪐💫,https://open.spotify.com/playlist/1BBFfRxUDImiRIwVUeKOYN
gæ 🫵,5Ps7W1YnCwcv4Hdr2xPF1n,𝓡𝓮𝔂𝔂 🏳️‍🌈✂️,https://open.spotify.com/playlist/5Ps7W1YnCwcv4Hdr2xPF1n
metrosexual,1sUJJ4hMuuRrKxRBXj7gLN,micaheatsass,https://open.spotify.com/playlist/1sUJJ4hMuuRrKxRBXj7gLN
Some Absolutely Gay Bops,6ojTe1ZvbGEyKGBzvXWWnu,FrickFrackBopisBack,https://open.spotify.com/playlist/6ojTe1ZvbGEyKGBzvXWWnu
🎀Your gay🏳️‍🌈,3CH0XSvNA0ZrTY6F5HDy7L,stephy-johnson family,https://open.spotify.com/playlist/3CH0XSvNA0ZrTY6F5HDy7L
all these dudes got broken up with,4CZ3rXmc6oxkOmxxBiFjGD,b1tchesluvcann0ns_,https://open.spotify.com/playlist/4CZ3rXmc6oxkOmxxBiFjGD
Queer Baiting,3Zg1yntnyDjgndBAoLKjhr,Raphael Amorim,https://open.spotify.com/playlist/3Zg1yntnyDjgndBAoLKjhr
sesbian lex,6usNMPKjviUMKhmEaKw71v,Aviiii💚🖤💚,https://open.spotify.com/playlist/6usNMPKjviUMKhmEaKw71v
homosexual 🤯,6QM4syHKdSatADTYsq92SZ,Z,https://open.spotify.com/playlist/6QM4syHKdSatADTYsq92SZ
Gay gay homosexual gay,6zpFpm3fSjlgOJCtQtPba7,Sage•°•☆,https://open.spotify.com/playlist/6zpFpm3fSjlgOJCtQtPba7
Esta musica me hace muy homosexual,0IqFXbRLtEgDNM9LYZoqJj,DasRich,https://open.spotify.com/playlist/0IqFXbRLtEgDNM9LYZoqJj
"""i am not an ally, i am a literally homosexual""",15MbRvCG4od8Q2cPLc5MTq,Skyler Herman,https://open.spotify.com/playlist/15MbRvCG4od8Q2cPLc5MTq
Gender was never an option~ A non-binary coded playlist,1vGk76SVqf6RA2MjACAjNA,loser..x_x,https://open.spotify.com/playlist/1vGk76SVqf6RA2MjACAjNA
the sapphic yearning experience,0uygl1lU3LczL5CtJbjNkU,Gia,https://open.spotify.com/playlist/0uygl1lU3LczL5CtJbjNkU
🪩🫦🪐,6tv5U1O9NN8Aiqbhm9lbNr,el gato de botas,https://open.spotify.com/playlist/6tv5U1O9NN8Aiqbhm9lbNr
Terminally queer,7Ei2ij8E5kH7GBEBObN2oU,norahweber,https://open.spotify.com/playlist/7Ei2ij8E5kH7GBEBObN2oU
FREAK😓💔,5sbm9ZlZbzs8mmd0imifBg,Дэниел,https://open.spotify.com/playlist/5sbm9ZlZbzs8mmd0imifBg
Homosexual Beats,4mEOR4Gh28kcHfTQpUvFml,Alex Duarte,https://open.spotify.com/playlist/4mEOR4Gh28kcHfTQpUvFml
Homosexual yearning,7AY2sNrFjAdWuxBCTz58Jn,Caitlin Spalding,https://open.spotify.com/playlist/7AY2sNrFjAdWuxBCTz58Jn
How to talk to your dog about homosexuality and communism ,07XYtmnrUv3aXUv3g4GfGh,Wyatt,https://open.spotify.com/playlist/07XYtmnrUv3aXUv3g4GfGh
ACTUAL bisexual playlist,2k2ffhXRB0lA2kPoqmJGJP,beck🎧,https://open.spotify.com/playlist/2k2ffhXRB0lA2kPoqmJGJP
Alnst playlist 🔥,3B4HniYhb3ZSkWH9a6ipnv,Avery,https://open.spotify.com/playlist/3B4HniYhb3ZSkWH9a6ipnv
ARE YOU PHIL MINAGIN??,4ntOBe3eilOjQls7nNtAq5,Phobos_10,https://open.spotify.com/playlist/4ntOBe3eilOjQls7nNtAq5
Gay ass dih-pressing music for gay trannies ,22vNDM7KqYbdV4KROLKvzc,STRAY KIDS ADDICT :3,https://open.spotify.com/playlist/22vNDM7KqYbdV4KROLKvzc
❀‎ܓ,0wt8JnsTkmol2djFSicswW,Alicia,https://open.spotify.com/playlist/0wt8JnsTkmol2djFSicswW
Sapphic,1rR98efrslY5PRjaXPT7om,Anto,https://open.spotify.com/playlist/1rR98efrslY5PRjaXPT7om
Gay Gay Homosexual Gay,0WFiFdGHn1FdOJ7ZWPDMQ2,HowDidIGetHere,https://open.spotify.com/playlist/0WFiFdGHn1FdOJ7ZWPDMQ2
el homosexuál,7sFT7Uj6vxsUKfjit0nXK8,zach,https://open.spotify.com/playlist/7sFT7Uj6vxsUKfjit0nXK8
"""sure, ma'am, but i think you should know i am a homosexual."" | tk strand",7LHxrKlH4QazpFqRggR3M7,foreverunsolved,https://open.spotify.com/playlist/7LHxrKlH4QazpFqRggR3M7
Adley Tsuji,6XmjwarhQZgSFvCV0lBQrt,evrenite,https://open.spotify.com/playlist/6XmjwarhQZgSFvCV0lBQrt
My gay ass aches for those songs,7LynFbiUyCSJjO9beW4goA,Bread,https://open.spotify.com/playlist/7LynFbiUyCSJjO9beW4goA
Word.,3ttAtRAukwzCtgxA9Oqrz4,Stephen,https://open.spotify.com/playlist/3ttAtRAukwzCtgxA9Oqrz4
Just some gay vibes man 🚬😎,4DXsmodqREa2ITIGmJMWdZ,Ruben,https://open.spotify.com/playlist/4DXsmodqREa2ITIGmJMWdZ
Gay Gay Homosexual Gay,3HYP2pQa6SF3NR6gDyZgzC,OVANS,https://open.spotify.com/playlist/3HYP2pQa6SF3NR6gDyZgzC
SteelyHorse more like Homosexual,1XniaIhRMYpuga0swEIkfv,Sonokazoda,https://open.spotify.com/playlist/1XniaIhRMYpuga0swEIkfv
chai homosexuals,12MD6s3vxyU1X5pdBHt95o,mintyareeno,https://open.spotify.com/playlist/12MD6s3vxyU1X5pdBHt95o
"hey, kipperlilly!",0RXcpimSWGH7MwWv8l1SVv,"Hey, Girlie!",https://open.spotify.com/playlist/0RXcpimSWGH7MwWv8l1SVv
bpd - bissexual prince disorder,7dNPgIedZgWLy8FQX33eDI,Malexficarum,https://open.spotify.com/playlist/7dNPgIedZgWLy8FQX33eDI
Cottage grunge,5SvUSyBjCZgs3q4LIPnpi9,Audrey,https://open.spotify.com/playlist/5SvUSyBjCZgs3q4LIPnpi9
queer,068vsTdY6ajzny2quyxHWD,Ani,https://open.spotify.com/playlist/068vsTdY6ajzny2quyxHWD
🫦Ąļïçə ịŋ Č̣ḥâïṅ§🫦,4kYLoPOdilBlwKHxgjPive,Jonathan Milstead,https://open.spotify.com/playlist/4kYLoPOdilBlwKHxgjPive
homosexuality (working title),1JHjdixnVJK62DvdUgBLw7,nomad,https://open.spotify.com/playlist/1JHjdixnVJK62DvdUgBLw7
homosexual tendencies,3mNe297qQ02HFq2pzNX3At,PepeTheElephant,https://open.spotify.com/playlist/3mNe297qQ02HFq2pzNX3At
Deep Unresolved Homosexual Rage,6kwN1sJLYdiYdDp4xgJQFo,Donald Macrostie,https://open.spotify.com/playlist/6kwN1sJLYdiYdDp4xgJQFo
Sapphic songs for when ur thinking abt her <3,1u0TI08KLkGPbWhXRJBaqG,Ellie :),https://open.spotify.com/playlist/1u0TI08KLkGPbWhXRJBaqG
PRIDE Playlist🏳️‍🌈,73GG5bcXnefziJSwXfMg8z,⭑⚝๋࣭𝓓𝓪𝓲𝓼𝔂🛸๋࣭ | 19,https://open.spotify.com/playlist/73GG5bcXnefziJSwXfMg8z
gaylist,67H82mFjgNrBr85MkzBt7Z,trinity,https://open.spotify.com/playlist/67H82mFjgNrBr85MkzBt7Z
Queer Party 🌈❤️‍🔥,7yrN3iZ2ryU4ZxYuWU0fhK,D-J  Gordon,https://open.spotify.com/playlist/7yrN3iZ2ryU4ZxYuWU0fhK
myspoop core,6xCHjTwFOCRGR0YSxTdqfF,Alex Price,https://open.spotify.com/playlist/6xCHjTwFOCRGR0YSxTdqfF
Being gay for girls🏳️‍🌈❤️🤪,5ajLT1GLQKGHS6S9bsUebr,ZOEEE,https://open.spotify.com/playlist/5ajLT1GLQKGHS6S9bsUebr
"Divine Feminine, Homosexuality & Rot",4Cr1F4oElCAnlzPJtdBFZk,bimbocile,https://open.spotify.com/playlist/4Cr1F4oElCAnlzPJtdBFZk
Homosexual Pride,5lsYJa8p5AW5erhXTL9reQ,ALPHAWOOF HEART,https://open.spotify.com/playlist/5lsYJa8p5AW5erhXTL9reQ
Homosexual beats,2UM0K80M3rrhJNvLCUxPKS,Christian,https://open.spotify.com/playlist/2UM0K80M3rrhJNvLCUxPKS
THE TARD CLUB 😋✌️,2r2up4YAuEXdt7EyKMGE7J,𝒥𝓊𝓏𝒵𝓎 ♱𓃠,https://open.spotify.com/playlist/2r2up4YAuEXdt7EyKMGE7J
clay puppington,3gU6qNHtdQARPanQ0yvIPD,ev🧌,https://open.spotify.com/playlist/3gU6qNHtdQARPanQ0yvIPD
My gay list bc its gay,1Gcq0UgO5ELDJq0kysmZxR,🌺🌸Lala🌸🌺,https://open.spotify.com/playlist/1Gcq0UgO5ELDJq0kysmZxR
AHHHHHHH,4dyjF0yiJ4KzOoyKcgISAu,Curtis Ha,https://open.spotify.com/playlist/4dyjF0yiJ4KzOoyKcgISAu
Am I really gay,5gpf6BBn1N3wzunpeIjkkU,El_Frobar,https://open.spotify.com/playlist/5gpf6BBn1N3wzunpeIjkkU
Homosexual 😡,5aLnEhOitzeSS6P8EqX9wm,Idkanymorelolol,https://open.spotify.com/playlist/5aLnEhOitzeSS6P8EqX9wm
The homosexual car,5ORBz3XgMIFhcYzjwDkYDx,Richie!,https://open.spotify.com/playlist/5ORBz3XgMIFhcYzjwDkYDx
I’m a Fucking Homosexual ,1b3UUx0SlygOGkwCe1Dtck,Roman Donovan,https://open.spotify.com/playlist/1b3UUx0SlygOGkwCe1Dtck
SERVING C#NT!!,1dVO5lp0lNbuhEDaYCexsp,dido,https://open.spotify.com/playlist/1dVO5lp0lNbuhEDaYCexsp
can't escape the theater kid allegations,2HKU6CvFYYvHASvDBaeYzw,creaturechronicle,https://open.spotify.com/playlist/2HKU6CvFYYvHASvDBaeYzw
🍸,1kBR3saxk48cLtqQvjtNnD,Julii,https://open.spotify.com/playlist/1kBR3saxk48cLtqQvjtNnD
Feral Asexual/Aromantic Vibes,5WIw14ce9TK1ffT1371A1f,h.smith100,https://open.spotify.com/playlist/5WIw14ce9TK1ffT1371A1f
Good songs for my gay self ,2Zz9aOKSxmerv0TSN9nG97,Damian Hall,https://open.spotify.com/playlist/2Zz9aOKSxmerv0TSN9nG97
fucking gay ass music pt2,5A7QZB0tWn0nziZZ7vKHU5,morgue,https://open.spotify.com/playlist/5A7QZB0tWn0nziZZ7vKHU5
Queer bangers,2CCf7nu1U65o5eNnDAWhjy,Emma Meekin,https://open.spotify.com/playlist/2CCf7nu1U65o5eNnDAWhjy
Homosexual hours :3 😇🫶💔,06K6wNN5fqDNyefPDvcteH,MissMelo!!,https://open.spotify.com/playlist/06K6wNN5fqDNyefPDvcteH
I Have Homosexual Tendencies ,6sOsWptMjTLOgXGm6RbFI4,Lukecollins,https://open.spotify.com/playlist/6sOsWptMjTLOgXGm6RbFI4
Repressing my homosexuality ,0t2a09ewgsacD72yPpHD9R,SLAPSHOT,https://open.spotify.com/playlist/0t2a09ewgsacD72yPpHD9R
Gay Gay Homosexual Gay,2TefLQ05ynDH8sqsnwI47h,bee,https://open.spotify.com/playlist/2TefLQ05ynDH8sqsnwI47h
I am extremely Homosexual,7f5Y9rFt9Pyc8nP1PS60z3,1wy6n57lbxknx715rf4pykf2h,https://open.spotify.com/playlist/7f5Y9rFt9Pyc8nP1PS60z3
My slutty gaylist ,47q2R1wbUeSMs7OgwPdN1w,☀️THANVI☀️,https://open.spotify.com/playlist/47q2R1wbUeSMs7OgwPdN1w
Whoever listens to this playlist is gay,1mmypnmmQkfPl2VmQoLKRr,Dezzka_ehh,https://open.spotify.com/playlist/1mmypnmmQkfPl2VmQoLKRr
Sapphic Beats,422MSEDb40V5Ve27hljhIK,Mariafernanda.perezalonso,https://open.spotify.com/playlist/422MSEDb40V5Ve27hljhIK
songs the fuel my homosexuality,5CyRRR4DN2qY2wC3idrAd7,Mack,https://open.spotify.com/playlist/5CyRRR4DN2qY2wC3idrAd7
I’m a homosexual :((,1PYYZ9FsKq5bZvltjpHOfp,Athaza,https://open.spotify.com/playlist/1PYYZ9FsKq5bZvltjpHOfp
It’s giving homosexual,6VXjjs3pZiQKQpoZho5AiG,aredeus,https://open.spotify.com/playlist/6VXjjs3pZiQKQpoZho5AiG
Naruto's vibes,0kiZUFr8zdvYug1UIdlaJQ,Giselle AvF,https://open.spotify.com/playlist/0kiZUFr8zdvYug1UIdlaJQ
👽🏳️‍⚧️ Mason “Dipper” Pines 🛸 🌲,5j6gDJMOuNSJpQkRukZx6W,Hhhhhhh,https://open.spotify.com/playlist/5j6gDJMOuNSJpQkRukZx6W
my gay playlist :3,3RCXJfumSHBBytvBr3YcKS,kate,https://open.spotify.com/playlist/3RCXJfumSHBBytvBr3YcKS
A different vibe that is inexplicable ,7EHNBbOeI4J6OG6Nw5Fr1w,Ale,https://open.spotify.com/playlist/7EHNBbOeI4J6OG6Nw5Fr1w
gay :3,5krV0iyliWP9EL8pKhWw2j,ASillyLittleBoi,https://open.spotify.com/playlist/5krV0iyliWP9EL8pKhWw2j
timeline of my queerness,5fOgx1zkqsYI6FWd0Hc7Lz,hannah,https://open.spotify.com/playlist/5fOgx1zkqsYI6FWd0Hc7Lz
Homosexual Playlist,39WfkkoAT4jF2OyXhsLTBt,Shy,https://open.spotify.com/playlist/39WfkkoAT4jF2OyXhsLTBt
Kanye is a raging homosexual,0BlpRQjogtqtdlWxNZygHf,Claireth,https://open.spotify.com/playlist/0BlpRQjogtqtdlWxNZygHf
I’m a homosexual ,6E34lCPZ7ctqS8KBsL0jdK,Bec,https://open.spotify.com/playlist/6E34lCPZ7ctqS8KBsL0jdK
Hypersexual Demon Fags,4iOPiOLOptucbBnI7llz9z,creativeusername,https://open.spotify.com/playlist/4iOPiOLOptucbBnI7llz9z
Bittersweet bc it consumed my soul,5hFG4f6bpP1Xv7Laz25Wsi,_StarBuG_,https://open.spotify.com/playlist/5hFG4f6bpP1Xv7Laz25Wsi
Queer ass music taste,6VaDqjFofo7QVri0ew4Bhk,Toriii,https://open.spotify.com/playlist/6VaDqjFofo7QVri0ew4Bhk
Probably gay shit,2VkVehextj4mPO9K3xVHXo,🍌nanabear🧸,https://open.spotify.com/playlist/2VkVehextj4mPO9K3xVHXo
toxic mlm. ☹️,5ipDWbOGNDXQCYcuxS4e0v,N0b0dy ✯,https://open.spotify.com/playlist/5ipDWbOGNDXQCYcuxS4e0v
"Sad, Gay & Angsty 💀",0854sy9QFsBYZgTEHeNAtL,Rpantano,https://open.spotify.com/playlist/0854sy9QFsBYZgTEHeNAtL
Sapphic Sounds for Sucking,4XFvBeXbbUeUKPjhoCodyL,classylass92,https://open.spotify.com/playlist/4XFvBeXbbUeUKPjhoCodyL
homosexual bangers,36NBaEznYfKulr3j6MKOD5,karymarmaldonado,https://open.spotify.com/playlist/36NBaEznYfKulr3j6MKOD5
You Better Dance You Homosexual,5ywNGlkbFFxOk7nFWY7jcb,Timothy Woodrum,https://open.spotify.com/playlist/5ywNGlkbFFxOk7nFWY7jcb
homosexual hype man,24YSAmo5ATto6UK94UpXY7,maggie,https://open.spotify.com/playlist/24YSAmo5ATto6UK94UpXY7
Sesbian Lex,0a5Gj2eNcoIxQVH7sI0lBV,Boo’👻,https://open.spotify.com/playlist/0a5Gj2eNcoIxQVH7sI0lBV
enemies to lovers but it’s mlm,7ixFx91CeukPKZNnRGHE9X,nicoyote,https://open.spotify.com/playlist/7ixFx91CeukPKZNnRGHE9X
Fuck yu hoe,6cl1VVm0OiaIqPbdHrfmXl,NateeTheBaddest,https://open.spotify.com/playlist/6cl1VVm0OiaIqPbdHrfmXl
slightly distressed gay boy,0qI8eiwByZw6BHZIhx3vvw,goodgodgabriel,https://open.spotify.com/playlist/0qI8eiwByZw6BHZIhx3vvw
evil gay retard mix✨,5IijiaArALx67H3sVEiH5L,LieutenantBigBoobs,https://open.spotify.com/playlist/5IijiaArALx67H3sVEiH5L
GAYYYY GAYYYY IM GAY I AM A HOMOSEXUAL  GAY FUCK GAY IM GAAAAAYYYYYYYYYYYYYYYY AAAHHHHHHHHH GAY GAY,5kC8nnpoM7rcsvIbdvH6hz,Heartbroken_raccoon_didlysquat,https://open.spotify.com/playlist/5kC8nnpoM7rcsvIbdvH6hz
It’s giving homosexual at the gym,5cJiTBwzCfkMP8CB01TL8a,Jake Dam-Mikkelsen,https://open.spotify.com/playlist/5cJiTBwzCfkMP8CB01TL8a
très homosexual,5R8HscgdKn8Gk0a478e9AT,Belangerdawg,https://open.spotify.com/playlist/5R8HscgdKn8Gk0a478e9AT
Pathetic Homosexuality,2VCBTDyh2Gn8PJeyx2lVfD,JayB,https://open.spotify.com/playlist/2VCBTDyh2Gn8PJeyx2lVfD
💚 Couple's playlist 💜,1QgIh5NM1XbcFYDBdxsxVR,Beetle_Bugs_bro,https://open.spotify.com/playlist/1QgIh5NM1XbcFYDBdxsxVR
lesbian situationship final boss,4xbMa0ZNNatOTIhlpYybpF,lusiachi,https://open.spotify.com/playlist/4xbMa0ZNNatOTIhlpYybpF
gay.,6mrvpuzI6UODApoFtfoqaU,SockSimp,https://open.spotify.com/playlist/6mrvpuzI6UODApoFtfoqaU
I wish i wasnt gay,05hBzzK6llsiE3OxU7Xwy3,xx.itzzalyy.xx,https://open.spotify.com/playlist/05hBzzK6llsiE3OxU7Xwy3
Just a little bit sapphic 🔥 ,5UuNED9J1JarcP90lZtJpm,JustMe,https://open.spotify.com/playlist/5UuNED9J1JarcP90lZtJpm
🇨🇳,5V1wBlO4Z53hnvgLlyQYTL,jimmy the frog,https://open.spotify.com/playlist/5V1wBlO4Z53hnvgLlyQYTL
When homosexuality is too strong,59AzCSEGr0PPXb9bnxl20F,Taylor,https://open.spotify.com/playlist/59AzCSEGr0PPXb9bnxl20F
IM A HOMOSEXUAL!,0COcBkuzBP4pvouDplXl8X,royale,https://open.spotify.com/playlist/0COcBkuzBP4pvouDplXl8X
Valheim playlist for two homosexuals,6jJPGy0BGQ9qiHsprKmkaJ,Ethan,https://open.spotify.com/playlist/6jJPGy0BGQ9qiHsprKmkaJ
low key bops for homosexuals only,3JX70i8S6Czczbnx9oKYNF,comingoutaces,https://open.spotify.com/playlist/3JX70i8S6Czczbnx9oKYNF
Hard Gay Sex,0mdfxTVU4BB0G2FhG4KvQq,Kayden,https://open.spotify.com/playlist/0mdfxTVU4BB0G2FhG4KvQq
Gay/fun/depressing ,7rsJ858A2L2Iiw0azla47x,madmax,https://open.spotify.com/playlist/7rsJ858A2L2Iiw0azla47x
Wlw/Queer,6wugy3P7yFKQZAyN4GcdkT,Kat_thebest1,https://open.spotify.com/playlist/6wugy3P7yFKQZAyN4GcdkT
Alone as a autistic pansexual man,27UAZ01HjuRm5JRqfskWCW,el faris,https://open.spotify.com/playlist/27UAZ01HjuRm5JRqfskWCW
Gay,7wgc327ooZJdg8DQsHQZgV,Yaoi luver 69,https://open.spotify.com/playlist/7wgc327ooZJdg8DQsHQZgV
Pride and Prejudice Movie Soundtrack,4rsZLZg5ufqKj4mBrTaxYu,Esther Zabel,https://open.spotify.com/playlist/4rsZLZg5ufqKj4mBrTaxYu
❤🧡💛PRIDE MONTH💚💙💜,4GhayeoUyABS7NiXjrfjdy,Reina_Lilac,https://open.spotify.com/playlist/4GhayeoUyABS7NiXjrfjdy
Ultimate Pride Party 🏳️‍🌈🏳️‍⚧️,3D3NVJTVpRbbkuAyAnFFp5,Blake Macon,https://open.spotify.com/playlist/3D3NVJTVpRbbkuAyAnFFp5
Éxitos Pop en Español - Chavorrucos 80's 90's 2000,3H7Q09f16faqyDJwsx6adp,Arti Torres,https://open.spotify.com/playlist/3H7Q09f16faqyDJwsx6adp
We deserve sunshine.,1PIJwtKkJyFdLFgzaFE51E,martha⸆⸉ ✪,https://open.spotify.com/playlist/1PIJwtKkJyFdLFgzaFE51E
classical music for reading pride and prejudice by jane austen,40WPleaDmDuS9eGgMC9MMS,my secret soulmate,https://open.spotify.com/playlist/40WPleaDmDuS9eGgMC9MMS
book reading playlist,1NeELYrxr2fBVK3g0bTqOz,Berggrensterner,https://open.spotify.com/playlist/1NeELYrxr2fBVK3g0bTqOz
"you have bewitched me, body and soul",0tpHSMvGozzt9UqGE11HJT,Lily,https://open.spotify.com/playlist/0tpHSMvGozzt9UqGE11HJT
Charlie Prides greatest hits,3GNVJA52xvosRrBKxjyB42,Giddy Up Go,https://open.spotify.com/playlist/3GNVJA52xvosRrBKxjyB42
taylor swift BANGERS,3POMHBq2LYfMnKB5R7in5W,charlotte.wyman,https://open.spotify.com/playlist/3POMHBq2LYfMnKB5R7in5W
Pride Songs 🏳️‍🌈,0y1poerOF4VJozz4BDHmoL,Redfox,https://open.spotify.com/playlist/0y1poerOF4VJozz4BDHmoL
PRIDEE OF TROYY YOU ARE THE PRIDE OF TROY,6Ia1L8zdqnkrPTXMoVy1D7,ryne  ◣▲◢,https://open.spotify.com/playlist/6Ia1L8zdqnkrPTXMoVy1D7
pride and prejudice,0jojJrTVSEL0fFgB1E262b,avawava,https://open.spotify.com/playlist/0jojJrTVSEL0fFgB1E262b
1995 Pride and Prejudice (BBC),50gHZNZFTYkWuIc35PQksd,Wonderer,https://open.spotify.com/playlist/50gHZNZFTYkWuIc35PQksd
Southern Pride ,6Wlq5NS0kvb6SwWHhsQONr,Tristan Howell,https://open.spotify.com/playlist/6Wlq5NS0kvb6SwWHhsQONr
Vegeta’s Pride,3QxVnk4pmbhtVCIw2VKews,Saint,https://open.spotify.com/playlist/3QxVnk4pmbhtVCIw2VKews
Pride 2026 🏳️‍🌈🏳️‍⚧️ (Clean),0ADTGGDiuGXidaxygOnJOr,Cody (DJ Code-B),https://open.spotify.com/playlist/0ADTGGDiuGXidaxygOnJOr
Pride Remixes 🌈🏳️‍🌈 DJ Miles,54HRwXbLvVfhq6YpHF02ft,Charles Miles,https://open.spotify.com/playlist/54HRwXbLvVfhq6YpHF02ft
PRIDE 🏳️‍🌈 / 80s 90s 00s +++,4EPtNnYkAb9D2vt7iZ7fcR,Ruben Mora,https://open.spotify.com/playlist/4EPtNnYkAb9D2vt7iZ7fcR
mr darcy type yearning,6usAHx20e0AxuhRxbAzDGA,jans,https://open.spotify.com/playlist/6usAHx20e0AxuhRxbAzDGA
“i’m not good enough for anything”,7yCTr5Y60Z00HxG0VdkNo0,yani,https://open.spotify.com/playlist/7yCTr5Y60Z00HxG0VdkNo0
Pop en Español 2000's  ✨,78pjH3x3gEAcCwGwpv8cXA,Arti Torres,https://open.spotify.com/playlist/78pjH3x3gEAcCwGwpv8cXA
jane austen classical romance  ,3frJnkxJ8xQAvK8DnTjTA2,annalise•metts,https://open.spotify.com/playlist/3frJnkxJ8xQAvK8DnTjTA2
Stevie Ray Vaughan: Greatest Hits,5mxso97iaSEQkDR2TKsV06,Stevie Ray Vaughan,https://open.spotify.com/playlist/5mxso97iaSEQkDR2TKsV06
It’s pride month babe,6JJPukISGrzhLMFzzNZVj4,Gracie,https://open.spotify.com/playlist/6JJPukISGrzhLMFzzNZVj4
Pride Parade 2026 🏳‍🌈🏳️‍⚧️ Pride Party ,6rgxQfBtMTPeaOlz9vBAg5,Filtr Nederland,https://open.spotify.com/playlist/6rgxQfBtMTPeaOlz9vBAg5
Pride Workout Mix 2026 🌈,4culE1cvwgyBTt3GFgMEUg,jadenbri,https://open.spotify.com/playlist/4culE1cvwgyBTt3GFgMEUg
yearning or whatever they say,6g9sbIJd3IaJZPUB2S0GEB,jae ^_^,https://open.spotify.com/playlist/6g9sbIJd3IaJZPUB2S0GEB
Toby Keith’s 4th of July American Pride,1bhI4vza7GLPZbFTfB7oqx,mikeregan88,https://open.spotify.com/playlist/1bhI4vza7GLPZbFTfB7oqx
Sade: The Complete Playlist,1mmR8n53e0j23dqilZPgku,Sade,https://open.spotify.com/playlist/1mmR8n53e0j23dqilZPgku
🏳️‍🌈Pride Month 2026🏳️‍🌈,7zWAa90tdZgTdkecXIdlXz,My Spotify account,https://open.spotify.com/playlist/7zWAa90tdZgTdkecXIdlXz
pride and prejudice vibes ,1l4tIeK2kQQI9MyDXnIc7G,breeze,https://open.spotify.com/playlist/1l4tIeK2kQQI9MyDXnIc7G
Boricua Pride,4h3yKnivs8hoBP8OfQNSri,Quinn,https://open.spotify.com/playlist/4h3yKnivs8hoBP8OfQNSri
AMERICAN PRIDE COUNTRY,5eXtGRR63OUu4UGJ0pJZYa,RJ Toth,https://open.spotify.com/playlist/5eXtGRR63OUu4UGJ0pJZYa
Best of Zakk Wylde,3fSVwvoYzOlIPwkcUphjP7,Efe Erer,https://open.spotify.com/playlist/3fSVwvoYzOlIPwkcUphjP7
Pride and Prejudice: Stories for Sleep,3hz1Ngjdu9QLGNDAJfdKCt,Slumber Studios,https://open.spotify.com/playlist/3hz1Ngjdu9QLGNDAJfdKCt
Pride Pop and Dance Party 🏳️‍🌈 ,5aDHR0YLUoZRInrHmwBezG,Tommy,https://open.spotify.com/playlist/5aDHR0YLUoZRInrHmwBezG
A lesbian playlist because it’s pride month and you want a girlfriend ,5JITsRFfKPNcq2aRmX6P39,Shy girl,https://open.spotify.com/playlist/5JITsRFfKPNcq2aRmX6P39
Top 100 · Pride Hits | Best of All Time | Pride Classics,4gCNRcbOyNYE8cGnxUXzZf,PlaylistLab,https://open.spotify.com/playlist/4gCNRcbOyNYE8cGnxUXzZf
Pride Playlist (CLEAN),1r8hK4R24MF2r3IZQuydtr,mark_amdg,https://open.spotify.com/playlist/1r8hK4R24MF2r3IZQuydtr
2026 Pride Pop,16KU9eqBvmGEPIBtM9BWUS,Austin Warren,https://open.spotify.com/playlist/16KU9eqBvmGEPIBtM9BWUS
🩷💜💙Bi playlist for all my fellow bis..<3 🩷💜💙,7EIoaRerLWcPokvpo3WkBR,♡☆Emo Bi Trashcan☆♡,https://open.spotify.com/playlist/7EIoaRerLWcPokvpo3WkBR
🌈Queer Family PRIDE Party🌈,6zZzQBks2A4EoJlhwuZgTu,Mags,https://open.spotify.com/playlist/6zZzQBks2A4EoJlhwuZgTu
brown pride 🇲🇽🤎,0vGkUgUhMJtqjUK1lFQHLe,drea vargas,https://open.spotify.com/playlist/0vGkUgUhMJtqjUK1lFQHLe
songs that make me feel like elizabeth bennet in pride and prejudice (2005),3kjEiHnzY9s560P95hv2iN,Alessandra Madlangbayan,https://open.spotify.com/playlist/3kjEiHnzY9s560P95hv2iN
90s AZN PRIDE ERA,0DDzEw40AHJZZ7alZ6E7ff,Jasper Grey,https://open.spotify.com/playlist/0DDzEw40AHJZZ7alZ6E7ff
Jane Austen Soundtracks,41Ve4WQ6JO9X1m2W0lQaXX,jumpingbunny,https://open.spotify.com/playlist/41Ve4WQ6JO9X1m2W0lQaXX
Pride playlist,2Ji329DwqFMfGs1E62xpQF,ElliotListens,https://open.spotify.com/playlist/2Ji329DwqFMfGs1E62xpQF
Lesbian asmr ,6vJr8sjJwqqJwTKaxI7P5k,🎪💚 ℋ𝒶𝓇𝓁ℯ𝓆𝓊𝒾𝓃 💚🎪(IFB),https://open.spotify.com/playlist/6vJr8sjJwqqJwTKaxI7P5k
Pride Dance Party,4C1MPv5RfwXcRQQxx5W80N,Izabella,https://open.spotify.com/playlist/4C1MPv5RfwXcRQQxx5W80N
Pride and Prejudice | Instrumental,3K66hBFYONIuWInZt1B4QO,LeeAnn…Rose,https://open.spotify.com/playlist/3K66hBFYONIuWInZt1B4QO
Songs that feel like Pride by Kendrick Lamar ,5dx12ArY3R7p2lt4t6XQeL,David,https://open.spotify.com/playlist/5dx12ArY3R7p2lt4t6XQeL
Stardew valley vibes,5jvzy0iygMijho1O0EUMvl,kiwi,https://open.spotify.com/playlist/5jvzy0iygMijho1O0EUMvl
Antro y Fiesta 2026 🎉,2P8H76MH95qVEwFpnGP9Wl,Arti Torres,https://open.spotify.com/playlist/2P8H76MH95qVEwFpnGP9Wl
Lion Sin Of Pride - Escanor,2WwIVZ99w03I724Ge6x8rx,Lord Utkarsh,https://open.spotify.com/playlist/2WwIVZ99w03I724Ge6x8rx
THE INDOMITABLE HUMAN SPIRIT ON THE PRECIPICE OF DEFEAT. I'LL SHOW YOU HOW GREAT I AM.,6Gt1aidivP0gfUgDc8c58M,jacky,https://open.spotify.com/playlist/6Gt1aidivP0gfUgDc8c58M
pride. - slowed + reverb,3wgMsS3XO2V0YkPLDQzI5U,andrey,https://open.spotify.com/playlist/3wgMsS3XO2V0YkPLDQzI5U
"i'll take my pride, stand here for you",17k4k2moPqmSyitw7ZqtMl,Khoo Wen,https://open.spotify.com/playlist/17k4k2moPqmSyitw7ZqtMl
Mexico Pride🇲🇽,72V6aOK9mf3ALn69YBFWTT,Alain Ceballos,https://open.spotify.com/playlist/72V6aOK9mf3ALn69YBFWTT
ASIAN AVENUE 🍚🥢,2VZJF9faIQ2PL3iKchVM07,LEA,https://open.spotify.com/playlist/2VZJF9faIQ2PL3iKchVM07
Celebrate America with The Tabernacle Choir,58dbKLk6ppIT6ZoElgKCLs,The Tabernacle Choir,https://open.spotify.com/playlist/58dbKLk6ppIT6ZoElgKCLs
60s Country Classics 1960-69 1960s,06LFHKKciM3MKNLr9iusnF,Michael Akers,https://open.spotify.com/playlist/06LFHKKciM3MKNLr9iusnF
Pride Remixes 🌈🏳️‍🌈,3CZUxdU30IY7K3bO3qOZZt,taulses,https://open.spotify.com/playlist/3CZUxdU30IY7K3bO3qOZZt
pov: you’re a closeted bisexual,4wVIyVV0XYb1qgUx5HdvTN,sophia <3,https://open.spotify.com/playlist/4wVIyVV0XYb1qgUx5HdvTN
to walk to at dawn in a flowing dress while reading pride and prejudice,0QhsCjYsNRMUl49OSTe4HE,Emma Mayer,https://open.spotify.com/playlist/0QhsCjYsNRMUl49OSTe4HE
The Lion King 2: Simba’s Pride Vocal Soundtrack,0r1AwDwWzLr4SZQjJGAn9D,Billy Liakopoulos,https://open.spotify.com/playlist/0r1AwDwWzLr4SZQjJGAn9D
Period Drama Soundtracks,55M1RN1UCJErHTKdYmoc7z,rana,https://open.spotify.com/playlist/55M1RN1UCJErHTKdYmoc7z
the oc vibes,3UK01TB8ipeRhyhLGHNR65,rachael lansdown,https://open.spotify.com/playlist/3UK01TB8ipeRhyhLGHNR65
The Complete Zakk Wylde Collection,75XxIThAhSgbA5Q7nMWTgV,Philboban,https://open.spotify.com/playlist/75XxIThAhSgbA5Q7nMWTgV
Pride and Prejudice - The Sleepy Bookshelf,2LhWktEIVLpZx0Qf88gRSV,Freja Hunt,https://open.spotify.com/playlist/2LhWktEIVLpZx0Qf88gRSV
Israeli pride 🇮🇱 ,1ecNgg1R20W0rykLtEdDyP,Chan,https://open.spotify.com/playlist/1ecNgg1R20W0rykLtEdDyP
Pride and Prejudice Radio,0wQ07KSs1iFEWZAMzeznsa,Lindsay Anne Braverman,https://open.spotify.com/playlist/0wQ07KSs1iFEWZAMzeznsa
Offer Nissim - Best Of,1KImK7FLrJAKt4J2J6QfHM,Neftali Toledo - Toledo&León,https://open.spotify.com/playlist/1KImK7FLrJAKt4J2J6QfHM
wlw love songs | lesbian r&b | black lesbian artists| wlw r&b,4w7XrQG4YWF9wF1ZpH4Zxz,twt:xxnaxi ig@thatbaddredd,https://open.spotify.com/playlist/4w7XrQG4YWF9wF1ZpH4Zxz
iHeartRadio's Pride Radio,0c54JotXtsvpTrVoiPMafw,GiovanniCloud,https://open.spotify.com/playlist/0c54JotXtsvpTrVoiPMafw
Pride and Prejudice Vibes,6hnoL91fWWcF61WqFM8YcB,Ultravclot,https://open.spotify.com/playlist/6hnoL91fWWcF61WqFM8YcB
pride and prejudice but sleepy,6eAifJJSq8PccF46JqY324,emily benjamin,https://open.spotify.com/playlist/6eAifJJSq8PccF46JqY324
CHARLEY PRIDE GOSPEL COLLECTION,54XdeRus0emNZ8Bxl4qost,Earl Gardner,https://open.spotify.com/playlist/54XdeRus0emNZ8Bxl4qost
Adderall  Music ( intense focus),528RKCK7xNU0CxBa5w9QvP,Sophia🪷,https://open.spotify.com/playlist/528RKCK7xNU0CxBa5w9QvP
Sleep,7tkCVrEKilz7oicExB6814,Kate Wilson,https://open.spotify.com/playlist/7tkCVrEKilz7oicExB6814
"Pride Favorites - Dance, Club and Pop Remixes ",7Eei2DZxiDgHiZjMgzYUPl,thr33palms,https://open.spotify.com/playlist/7Eei2DZxiDgHiZjMgzYUPl
Pride and Prejudice regency era ambiance playlist / vibes,7qBoDLdz0WodEsuAadzRwb,azra 🧪,https://open.spotify.com/playlist/7qBoDLdz0WodEsuAadzRwb
King of Pride Playlist,4VVKUikGed0DFRjfdqe6vT,Linda.W009,https://open.spotify.com/playlist/4VVKUikGed0DFRjfdqe6vT
Stevie Ray Vaughan: Live,3PfgmXI9DpGtiznHeRYhYX,Stevie Ray Vaughan,https://open.spotify.com/playlist/3PfgmXI9DpGtiznHeRYhYX
PRIDE: LGBT+ ARTISTS,6hYfOnWguNv7UERofjmAUq,KB,https://open.spotify.com/playlist/6hYfOnWguNv7UERofjmAUq
vogue music👠🏳️‍🌈,77e3y7Ud3ckUMWUNSCbvnC,daniiii,https://open.spotify.com/playlist/77e3y7Ud3ckUMWUNSCbvnC
Pride Tunes,4QJud7UvDiqClDEGwwzZ6w,Pride Tunes,https://open.spotify.com/playlist/4QJud7UvDiqClDEGwwzZ6w
366 saves means 366 pride flags added to my room ty 🥺🥺🥺❤️‍🩹,7bZuD4cJFKhBnCkxYBW0Xl,itzpurevanilla!,https://open.spotify.com/playlist/7bZuD4cJFKhBnCkxYBW0Xl
Pride and Prejudice,6V3gIHhq82VcOEjArUmrcg,LikeaVirgil,https://open.spotify.com/playlist/6V3gIHhq82VcOEjArUmrcg
pride,1x84xx0pUq8pM0ansEvDYE,letmeperish,https://open.spotify.com/playlist/1x84xx0pUq8pM0ansEvDYE
agender but as a playlist,22XRHRTQzRbaRMGLZ42gVD,cynergyy_,https://open.spotify.com/playlist/22XRHRTQzRbaRMGLZ42gVD
let's go to the national parks,1WA3nGWuOjg4yjs2iR7oTS,emilyw2201,https://open.spotify.com/playlist/1WA3nGWuOjg4yjs2iR7oTS
Pride EDM Techno House Disco Mash Up Playlist🌈🎶,59GGxnc8EMVxFaTdaCt7r3,Dubya WM,https://open.spotify.com/playlist/59GGxnc8EMVxFaTdaCt7r3
Pride (Seven Deadly Sins),3fCi8b4J6xDq7vG7vtsxfC,BrokenUnknownSoul,https://open.spotify.com/playlist/3fCi8b4J6xDq7vG7vtsxfC
Pride and Prejudice for sleep,3QGxREdkgOpT4Oro9r1e3y,kimlfb,https://open.spotify.com/playlist/3QGxREdkgOpT4Oro9r1e3y
Saiyan Pride (HardStyle),5zlB9rOWI3lKqs4Qg01x0g,Lazy Hound,https://open.spotify.com/playlist/5zlB9rOWI3lKqs4Qg01x0g
🦁Ultimate  Lion King Playlist🦁,1w8JaNKOIiHqfzrre4bNyO,Bellablanca🦋,https://open.spotify.com/playlist/1w8JaNKOIiHqfzrre4bNyO
Pride Latino,4VOHCl5bdxzeQ6Xi04RVY4,Emmanuelle Ortíz,https://open.spotify.com/playlist/4VOHCl5bdxzeQ6Xi04RVY4
🌈Family Friendly Pride,0QAzqPPeocxhjfi5Q0UlAA,StephKlassen,https://open.spotify.com/playlist/0QAzqPPeocxhjfi5Q0UlAA
Clean Pride Party 🏳️‍⚧️🌈,7lrvPDIyPNYgC5IhYJ4IWR,Rayne Heck,https://open.spotify.com/playlist/7lrvPDIyPNYgC5IhYJ4IWR
studying x pride and prejudice appreciation,3ejMbTE5CNYOJTz6obM8pF,emily :),https://open.spotify.com/playlist/3ejMbTE5CNYOJTz6obM8pF
Sexy Dance Music,5sjC4eK8nebZUTNVcd5uza,Arti Torres,https://open.spotify.com/playlist/5sjC4eK8nebZUTNVcd5uza
"Ariana grande unreleased | eternally,you, sex, Fantasize, Jada, juice, ridiculous, outgrown ,dream",4eJ5YRYpSIRW9DYnl8aynZ,twt:xxnaxi ig@thatbaddredd,https://open.spotify.com/playlist/4eJ5YRYpSIRW9DYnl8aynZ
Nancy Meyers Soundtracks,7egwPaMzsiE6gTCVxUO80O,hazymae,https://open.spotify.com/playlist/7egwPaMzsiE6gTCVxUO80O
Pride and Prejudice  - Down To Sleep,12TlKiEU1TlzhSLhFuFCGd,Katie,https://open.spotify.com/playlist/12TlKiEU1TlzhSLhFuFCGd
Lesbian pride,05fuJLVaxZlrGwndZhjhBv,Mak,https://open.spotify.com/playlist/05fuJLVaxZlrGwndZhjhBv
Pride (2014) Soundtrack,4s8v6OQMk3GUVNqpuomnw0,116867114,https://open.spotify.com/playlist/4s8v6OQMk3GUVNqpuomnw0
EDM Pride Mix,0cUimeibzezwK2yU0rqgxH,Brandon Hubbard,https://open.spotify.com/playlist/0cUimeibzezwK2yU0rqgxH
American Pride Patriotic Country-Memorial  Day 4th of July,7gfVu2cVEqgEjoX2sb5AuT,Sam Morrison Band,https://open.spotify.com/playlist/7gfVu2cVEqgEjoX2sb5AuT
KUMPULAN DJ JAWA TERKANE ✨,1BUsAKEWkRpHFUnaIqWI5V,Kzee!,https://open.spotify.com/playlist/1BUsAKEWkRpHFUnaIqWI5V
everyone deserves sunshine.☀️🏳️‍🌈,51OPwRNIpiFTmBcZRNLwrq,J🤍,https://open.spotify.com/playlist/51OPwRNIpiFTmBcZRNLwrq
Slayer (All Songs),5F92uDZ834CkhS8IQSxWGG,Sarp Cebeci,https://open.spotify.com/playlist/5F92uDZ834CkhS8IQSxWGG
Jawa pride,7iCSa1zJNIbXDY1yeo0fHA,samuel cristian,https://open.spotify.com/playlist/7iCSa1zJNIbXDY1yeo0fHA
pride and prejudice x little women,6u3lTIj8Uh2mw1KMpQtBvn,linh,https://open.spotify.com/playlist/6u3lTIj8Uh2mw1KMpQtBvn
Mississippi Pride,6QO215dbhNZ2RhkIGOuUKu,Osmelton,https://open.spotify.com/playlist/6QO215dbhNZ2RhkIGOuUKu
VEGETA’S PRIDE,4bjqtaZE1h1KyEZ7u1sJR7,Sam Norris,https://open.spotify.com/playlist/4bjqtaZE1h1KyEZ7u1sJR7
reading king of pride : kai & isabella,0z1F4TOUMdgfkYjBKDFgp1,⋆｡ﾟ☁︎｡dinohxnni☾ﾟ｡⋆,https://open.spotify.com/playlist/0z1F4TOUMdgfkYjBKDFgp1
Pop en Español ✮ Remixes,2GRunnmqQHCqViCRR5L4wm,Arti Torres,https://open.spotify.com/playlist/2GRunnmqQHCqViCRR5L4wm
Disability Pride 💙💛🤍❤️💚🖤,6Uuk0sMgbciPN2MiNOyR3W,samantha,https://open.spotify.com/playlist/6Uuk0sMgbciPN2MiNOyR3W
Jane Jane x Pride 2026,2zZfqU8Pylc1DTHIuCJUGG,ralphbrabham,https://open.spotify.com/playlist/2zZfqU8Pylc1DTHIuCJUGG
🏳️‍🌈🏳️‍⚧️Pure Barre Classic Pride 2026 ,68mfvN5xWsuPcKxswNZ6Y2,Kat Rebar,https://open.spotify.com/playlist/68mfvN5xWsuPcKxswNZ6Y2
Gotham City,4wAX7SYGaGC7y63bymvJNy,E Prosper,https://open.spotify.com/playlist/4wAX7SYGaGC7y63bymvJNy
DJ 🎧MARK STEREO 🎶lo mejor de sus rolas,6xBAD7oQpb8TJYcpbE7EjD,Luis Fernando BG,https://open.spotify.com/playlist/6xBAD7oQpb8TJYcpbE7EjD
blues rock in the garage,46uiOOel5iWoim8134HWJ4,Emillyy,https://open.spotify.com/playlist/46uiOOel5iWoim8134HWJ4
POP REMIXED - 9HR MIXED,1zjvtwyxt4uJ13dzkBCJXP,AugustW,https://open.spotify.com/playlist/1zjvtwyxt4uJ13dzkBCJXP
Slaanesh Playlist,3nan9HsKtGvHnncShFzlum,Christian Drury,https://open.spotify.com/playlist/3nan9HsKtGvHnncShFzlum
AZN PRIDE,4DIIIid33vmESm5BkXtUp4,Vivian Ly,https://open.spotify.com/playlist/4DIIIid33vmESm5BkXtUp4
Pride and prejudice piano ,23R47gWvR3VLBj5RQBSc8F,Brianna,https://open.spotify.com/playlist/23R47gWvR3VLBj5RQBSc8F
Charlie Pride Gospel,3bt3FXzyycKxIffHhjmJaJ,Grandestmom,https://open.spotify.com/playlist/3bt3FXzyycKxIffHhjmJaJ
Music to listen to while reading Pride and Prejudice,29mDqUJeJbl2DNybQPbvuF,Hannah Ney,https://open.spotify.com/playlist/29mDqUJeJbl2DNybQPbvuF
Top 200 Patriotic Songs of All Time : Independence Day - Republic Day ,1uqUgrh6ZmwPyf5Rqk6KOK,MohitG,https://open.spotify.com/playlist/1uqUgrh6ZmwPyf5Rqk6KOK
New sauce 🌶️💯,5JW1OlKoJnDO5OaovcnJ4z,Just sauce  records🌶️💯,https://open.spotify.com/playlist/5JW1OlKoJnDO5OaovcnJ4z
PRIDE.  4 ten hours,3HiIBMKLzmEPm99TTB2MVN,CHARIX,https://open.spotify.com/playlist/3HiIBMKLzmEPm99TTB2MVN
Dolphin Pride,122aJa7e2xQbaFBzMaMl79,Vanessa,https://open.spotify.com/playlist/122aJa7e2xQbaFBzMaMl79
kwn new songs 2026 | album | mix | and all pride aside,5qqqwo6t7Q6nX38ZJEvT4Z,Samela Entertainment,https://open.spotify.com/playlist/5qqqwo6t7Q6nX38ZJEvT4Z
C.ai / Roleplaying playlist,5uulcjRDwLIfPJgWXNpJ93,Random,https://open.spotify.com/playlist/5uulcjRDwLIfPJgWXNpJ93
mr. darcy’s hand flex,75cMmDNf2GqOXvUEWITEde,han✧･ﾟ: *,https://open.spotify.com/playlist/75cMmDNf2GqOXvUEWITEde
Mississippi Pride x Baby Boo Tung Tung Tung Sahur Dance Trend,57hCnudJQC4JZq0OsT5Oli,Tempotraverse,https://open.spotify.com/playlist/57hCnudJQC4JZq0OsT5Oli
White Pride,4wmqyEFPxHuYEN18FTTqlA,JH,https://open.spotify.com/playlist/4wmqyEFPxHuYEN18FTTqlA
Pride Month 2026 – LGBTQ+ Dance Pop & Queer Anthems,7encKG6jB9NiSjhCW5ysom,Pride Tunes,https://open.spotify.com/playlist/7encKG6jB9NiSjhCW5ysom
NCAT playlist 💛💙🐶,1Z7c3A4hTA5ptDAcC86hh4,Golden_world737,https://open.spotify.com/playlist/1Z7c3A4hTA5ptDAcC86hh4
Lesbian Love Songs,7ovwKntcTnYy10dBumbKGA,Billboard,https://open.spotify.com/playlist/7ovwKntcTnYy10dBumbKGA
RYM Top 100 Songs 2020-2025,1m5TiFfmRYxmxmaTAM274S,Ian,https://open.spotify.com/playlist/1m5TiFfmRYxmxmaTAM274S
"I'll take my pride, stand here for you No, I'm not blind, just seeing it through You'd take my life ",0vxJjvTaYy75aovgd6DSZW,Didier 006,https://open.spotify.com/playlist/0vxJjvTaYy75aovgd6DSZW
🌈  chill girl pride 🌈,4dgCUiFf5yQNr2B7JASbkk,Alexis Magnan-Callaway,https://open.spotify.com/playlist/4dgCUiFf5yQNr2B7JASbkk
Pride 2026 (Tinashe DJ Mix Set),2OmzmPAj0iWUg2rrthpN3P,Angelo Garcia,https://open.spotify.com/playlist/2OmzmPAj0iWUg2rrthpN3P
MEXICAN PRIDE🇲🇽🥰🤗,6zLVmxmkzTAVPwDWwf09Dp,jailen leyva🇲🇽❤️,https://open.spotify.com/playlist/6zLVmxmkzTAVPwDWwf09Dp
Lumbee pride,6qlvAVevnzrVTM2KHjUT1v,Ricky Collins,https://open.spotify.com/playlist/6qlvAVevnzrVTM2KHjUT1v
The lion king - Soundtracks (1-4),16NQYLzUR8gi7ADas0dW8a,mcflystudio,https://open.spotify.com/playlist/16NQYLzUR8gi7ADas0dW8a
Pure Workout,1hlZ59Qf1WDSp05PqvHqOU,James,https://open.spotify.com/playlist/1hlZ59Qf1WDSp05PqvHqOU
Autumn Movies Soundtracks,6AXHQjiCoNM6J1skkWJeup,soundtrack your day,https://open.spotify.com/playlist/6AXHQjiCoNM6J1skkWJeup
PRIDE 2026🌈,2vVHh1gKGwNLZOQKiKTrR4,Ferdi Pool,https://open.spotify.com/playlist/2vVHh1gKGwNLZOQKiKTrR4
Tel Aviv Pride | 2026,7m0NV4mIecUrzzDcTO7MoF,orisco,https://open.spotify.com/playlist/7m0NV4mIecUrzzDcTO7MoF
Topic Pride,5pAkheRUPlvViM4SVT0Qo7,Topic Pride,https://open.spotify.com/playlist/5pAkheRUPlvViM4SVT0Qo7
ESCANOR,6oFihY15fwYsb6RxLvYpZU,ZEPHAIAH,https://open.spotify.com/playlist/6oFihY15fwYsb6RxLvYpZU
★PaNsExUaLiTy★,5bpB3zfpyw46oKHB2FKzBY,~{†_𝓐𝓫𝓮𝓵°†}~,https://open.spotify.com/playlist/5bpB3zfpyw46oKHB2FKzBY
HER Sins Series Playlist,6vco1uBArFXtBxD3Hi5uXP,C. M. Raven,https://open.spotify.com/playlist/6vco1uBArFXtBxD3Hi5uXP
Lily’s Theme Vibes,0uzKvjOcMOHS4PPax1E1wE,Dot,https://open.spotify.com/playlist/0uzKvjOcMOHS4PPax1E1wE
Space Wolves Vibes,026ACrYxkAZbsEBVAzx572,Sammie,https://open.spotify.com/playlist/026ACrYxkAZbsEBVAzx572
Pride and Prejudice,7DyNtBrNUfYUqNBevq2a1N,greatdane2,https://open.spotify.com/playlist/7DyNtBrNUfYUqNBevq2a1N
QUEER ANTHEMS,2SQEnYoCLQoMNYm04xYr3J,kansh,https://open.spotify.com/playlist/2SQEnYoCLQoMNYm04xYr3J
LADY GAGA PRIDE RIDE,2OTjpEtm1rOg4nrgADqYG5,Kylie Gracey Bond,https://open.spotify.com/playlist/2OTjpEtm1rOg4nrgADqYG5
Tone of Pride,5k1USbGyXsFK7y76SqGulS,Africa,https://open.spotify.com/playlist/5k1USbGyXsFK7y76SqGulS
Summer Pride🌈,0s55W8t26edZdPDEEVnQy6,Amanda Horvath-Adair,https://open.spotify.com/playlist/0s55W8t26edZdPDEEVnQy6
I want to see what it’s like to be you,6KlpI6cNCTAIAebuHyG2e7,EJ,https://open.spotify.com/playlist/6KlpI6cNCTAIAebuHyG2e7
protect queer art,2EG7E3KIzG64WJGiJBxE2f,savestars,https://open.spotify.com/playlist/2EG7E3KIzG64WJGiJBxE2f
Stevie Ray Vaughan: Solos,23fHNZ6nTxMpRhOvIXKjAW,Stevie Ray Vaughan,https://open.spotify.com/playlist/23fHNZ6nTxMpRhOvIXKjAW
Jewish Pride ,4S9jgxE1gTFyRw2rNGgQZ0,Chabad Early Childhood,https://open.spotify.com/playlist/4S9jgxE1gTFyRw2rNGgQZ0
MX Pride 🇲🇽 ,31QjqKylFnM5HyH4JFHb0I,Jonny-Q 🤘🏽,https://open.spotify.com/playlist/31QjqKylFnM5HyH4JFHb0I
pride and prejudice-inspired instrumental mood ,4YLP8VyN3qMVM7WujO4dc0,georgianadarcy,https://open.spotify.com/playlist/4YLP8VyN3qMVM7WujO4dc0
💪🏻🌈Pride Workout 🌈💪🏻,5ie5xbNvVEuO9UX9kLfl7j,Logan Machin,https://open.spotify.com/playlist/5ie5xbNvVEuO9UX9kLfl7j
World Pride Fest,4gwxVtj1fOe05j47zS2h52,World Pride Music Festival,https://open.spotify.com/playlist/4gwxVtj1fOe05j47zS2h52
Escanor the lion sin of pride,2Inn6GucTgC2Ae7GhUTQ85,Rohan Miller,https://open.spotify.com/playlist/2Inn6GucTgC2Ae7GhUTQ85
🏳️‍🌈 chill pride 🏳️‍⚧️,65tINzwIYBXpEr1YKWljgb,rachelann,https://open.spotify.com/playlist/65tINzwIYBXpEr1YKWljgb
'Til U Cry kwn,2hwh1iKsIaIlFBBEw1r2l8,William,https://open.spotify.com/playlist/2hwh1iKsIaIlFBBEw1r2l8
The Pride of the Southland Marching Band,53oAaV6kEO36MG58n3obJ7,Ron Beaty,https://open.spotify.com/playlist/53oAaV6kEO36MG58n3obJ7
Pride or Die🏳️‍🌈🇲🇽🇺🇸♓️🤓🤘❤️‍🔥🖤❤️‍🔥🇧🇪🇬🇧🇬🇷🇪🇸🤘🏿,21yjsQ8fj4fbWn0YMNkVsT,George,https://open.spotify.com/playlist/21yjsQ8fj4fbWn0YMNkVsT
Borough Pride 2025,5UHdpvQl4MYIEwe40ZNEEC,Chaxy,https://open.spotify.com/playlist/5UHdpvQl4MYIEwe40ZNEEC
Pride and Predjudice,6Jsi29kpgdhZKjG22DU2p7,laura.drebinger,https://open.spotify.com/playlist/6Jsi29kpgdhZKjG22DU2p7
Pov: ur Aroace and ur still in the closet,47QkO29FEcTz92SVz0wdm8,ratastrophy!!,https://open.spotify.com/playlist/47QkO29FEcTz92SVz0wdm8
every corner of this (camp) is haunted (a luke castellan betrayal playlist),18TMxSJlONdN7FOcrYHg8Y,rhi,https://open.spotify.com/playlist/18TMxSJlONdN7FOcrYHg8Y
Pride - Clean Playlist,2qaGkfyswjyMKM8U4F5eO1,Pride iPad,https://open.spotify.com/playlist/2qaGkfyswjyMKM8U4F5eO1
HAPPY PRIDE MONTH!!,7GTOJnhwjdSCZIlidzESRR,☆Rinni Amelodi☆ 💛🤍🖤💜,https://open.spotify.com/playlist/7GTOJnhwjdSCZIlidzESRR
Pride,6o2a9agrcAAHvqwlJyYWsX,Kazi,https://open.spotify.com/playlist/6o2a9agrcAAHvqwlJyYWsX
Year Round Pride 💕,7p3SQKAmTGEi84SRhPfqhJ,Grace,https://open.spotify.com/playlist/7p3SQKAmTGEi84SRhPfqhJ
Provincetown Pride 🪩,4crXBPNUTl6qs9nAhqvekX,tdmytriwjr,https://open.spotify.com/playlist/4crXBPNUTl6qs9nAhqvekX
Charley Pride ,2nTtlsaAIouSQYc889z5Yq,CountryBoyMarkJStarr🤠🐎🌙🌴,https://open.spotify.com/playlist/2nTtlsaAIouSQYc889z5Yq
Celebrate Pride! ,1On6J4WWzZ37W7zdHxEU0i,rockabyebabymusic,https://open.spotify.com/playlist/1On6J4WWzZ37W7zdHxEU0i
San Diego Pride 2026,5cZV5DbVpGGHOhPN17tY3K,Mac,https://open.spotify.com/playlist/5cZV5DbVpGGHOhPN17tY3K
"love, pride, deep fried chicken",1q5mGFPPbbDHyKgFUod8cs,hadley.reece,https://open.spotify.com/playlist/1q5mGFPPbbDHyKgFUod8cs
Tel-Aviv Pride 2026 🏳‍🌈,7hwTIb85FAHxE35A0mNoMs,Gal Talmor,https://open.spotify.com/playlist/7hwTIb85FAHxE35A0mNoMs
PRIDE TRIP!🏳️‍🌈 🌺*Los Angeles*🌺 *A New Era*,67D2esEYZ784lKsCqhYFNC,Declan STARZZZZZZZZ!,https://open.spotify.com/playlist/67D2esEYZ784lKsCqhYFNC
Pride,3KbJrEJnJ13COjcDahJ7D5,autumn toth,https://open.spotify.com/playlist/3KbJrEJnJ13COjcDahJ7D5
Pride Classics,0ejRZmHNY1KhGqrObbiMoJ,Elgine,https://open.spotify.com/playlist/0ejRZmHNY1KhGqrObbiMoJ
Pride Final 2026 Arora,1HxXxsJjKwmGUkHnlMFbuw,DJArora222,https://open.spotify.com/playlist/1HxXxsJjKwmGUkHnlMFbuw
Born This Way: Unapologetically Queer,1k1A4D9L5AUieXvyQvhlDI,Groover Obsessions,https://open.spotify.com/playlist/1k1A4D9L5AUieXvyQvhlDI
Good Girl kwn,1hSqbyYtLrBhmX0oiwpfLk,William,https://open.spotify.com/playlist/1hSqbyYtLrBhmX0oiwpfLk
Melodic Punk Rock - The Very Best,2UlQRcxE46a2EeVqMrlxox,ltbolo,https://open.spotify.com/playlist/2UlQRcxE46a2EeVqMrlxox
Pride Club Beats: Party Anthems & Remixes!,5WcogXIXvNKI8DioUwcjma,thr33palms,https://open.spotify.com/playlist/5WcogXIXvNKI8DioUwcjma
Pride 2026,1XkHFygXq30oiYltzQFjTW,jimmympls,https://open.spotify.com/playlist/1XkHFygXq30oiYltzQFjTW
"I'll take my pride, stand here for you No, I'm not blind, just seeing  Die On This Hill SIENNA SPIRO",6Zz87RUWAuAuIi9xmt8eXG,CARMONA-1,https://open.spotify.com/playlist/6Zz87RUWAuAuIi9xmt8eXG
CLUB RAWHIDE MIXTAPE VOL.2: PRIDE ‘26,6Tsy7b4gOGnRTOG6XR1nOe,patrick,https://open.spotify.com/playlist/6Tsy7b4gOGnRTOG6XR1nOe
Planet Pride 2026: Mixed,0GN0q0Y8Hk5IvDjq36heET,Tyler James,https://open.spotify.com/playlist/0GN0q0Y8Hk5IvDjq36heET
Southern Pride,359BGyYpu5BefYlSs1Ix4O,Tyler Hardin,https://open.spotify.com/playlist/359BGyYpu5BefYlSs1Ix4O
⏤͟͟͞͞✰Hollow Pride➣,1fEH1vXiEGuyauq0oJA9U8,rainysk1es,https://open.spotify.com/playlist/1fEH1vXiEGuyauq0oJA9U8
DIRTY NASTY PROSHIPPING PLAYLIST ,74BWhZ6gZ9ihAYzIKyEyBm,definitely a human person,https://open.spotify.com/playlist/74BWhZ6gZ9ihAYzIKyEyBm
Madrid Pride 2026,2JaMAJu1r24RMolPBrEOQ2,Michael Marchese,https://open.spotify.com/playlist/2JaMAJu1r24RMolPBrEOQ2
Pride Tea Dance Mix/ 90’s Club Mixes & more,7z5xVnrGP3LyzxkRKxqYxh,Dominic,https://open.spotify.com/playlist/7z5xVnrGP3LyzxkRKxqYxh
pride n joy,2ANNAwUWlM9F7y3mRtIYJj,Elijah hendrix,https://open.spotify.com/playlist/2ANNAwUWlM9F7y3mRtIYJj
World Pride Party 2026 🌈 | Amsterdam Pride,0jmykUNnwB3qi737SHyuSS,Steelpan,https://open.spotify.com/playlist/0jmykUNnwB3qi737SHyuSS
Celine's PRIDE playlist 2025,4H1agJ9VW4xn7Z1yVKQnm9,Celine Dion,https://open.spotify.com/playlist/4H1agJ9VW4xn7Z1yVKQnm9
🏳️‍🌈Pride 🏳️‍🌈,2msa3eqg8jQ0AJVIcSmw4s,Joe Price Yancey,https://open.spotify.com/playlist/2msa3eqg8jQ0AJVIcSmw4s
Latino Pride 🇲🇽,4HWnv3Gbcbjv6dKYg9JsJS,J_herbo,https://open.spotify.com/playlist/4HWnv3Gbcbjv6dKYg9JsJS
Levi Ackerman Loves you.,7gqMr7js77bxu7BH0hPQQY,Skatlaf,https://open.spotify.com/playlist/7gqMr7js77bxu7BH0hPQQY
2026 Pride: Offer Nissim • עופרה,5uIjG8iPxLu5Ym9TvW4C1D,Shlomi Rahima,https://open.spotify.com/playlist/5uIjG8iPxLu5Ym9TvW4C1D
the pride 🐓,4qlhiUWIQEj53XVShRH7uV,Gordo,https://open.spotify.com/playlist/4qlhiUWIQEj53XVShRH7uV
Petes Pride,1VdOuEsarv01yH4zDAghjD,Pete,https://open.spotify.com/playlist/1VdOuEsarv01yH4zDAghjD
🏳️‍⚧trans pride🏳️‍⚧️,51rU4k4dt5xsR7Q9ymBZRJ,rakiz_pawxx,https://open.spotify.com/playlist/51rU4k4dt5xsR7Q9ymBZRJ
Pride and Joy Naptime,1X3wMiAHM7hDCnsjYodFcN,Gabby Martinez,https://open.spotify.com/playlist/1X3wMiAHM7hDCnsjYodFcN
Leftover Pride,5qGxQXU0jqcBNWv5mqztqg,joshk,https://open.spotify.com/playlist/5qGxQXU0jqcBNWv5mqztqg
Southern Pride Raise a Beer,0xK5w7kRVQv6NI0KPjUwL4,wallkirby3,https://open.spotify.com/playlist/0xK5w7kRVQv6NI0KPjUwL4
QUEER + CITY = QUEERIOCITY 🌈🎶✨,1gjBJZjawu5wipxIWPabzI,OG Music,https://open.spotify.com/playlist/1gjBJZjawu5wipxIWPabzI
The Jane Austen Playlist,45pcHTABnLXovDFbUx7qXd,Mary Meyst-Huset,https://open.spotify.com/playlist/45pcHTABnLXovDFbUx7qXd
PRIDE MONTH! 🏳️‍🌈🏳️‍⚧️,5us76GLvO7oE04adQJhTzv,Miko,https://open.spotify.com/playlist/5us76GLvO7oE04adQJhTzv
PRIDE!,32NnaPtVexe2kpUFL9CaAn,Knightsofdragons,https://open.spotify.com/playlist/32NnaPtVexe2kpUFL9CaAn
Sin of Pride,7EkAbg6iMjhwWcWmxhNf61,Prime,https://open.spotify.com/playlist/7EkAbg6iMjhwWcWmxhNf61
Pride’26,0pVUwNgsyBUrJhGoJou6KM,odie.miller,https://open.spotify.com/playlist/0pVUwNgsyBUrJhGoJou6KM
Morocco 2026: Road to Glory Mix,7DmGv6YW6p9GIF8smB8nyG,da.elm,https://open.spotify.com/playlist/7DmGv6YW6p9GIF8smB8nyG
Dario Marianelli – Pride and Prejudice OST (US and Canada Version),0cu9D01BPjnnHpmWLxW072,blueisabella4,https://open.spotify.com/playlist/0cu9D01BPjnnHpmWLxW072
Im Better (Pride),7rspR9ukSuPWCEzotuoaOu,Prem.othy,https://open.spotify.com/playlist/7rspR9ukSuPWCEzotuoaOu
WHITE LION • The Best of White Lion,1asoo070LJKxJdIqM0JqWc,Münkey Boy,https://open.spotify.com/playlist/1asoo070LJKxJdIqM0JqWc
Pride,2HRGtcfsSazphOUgEeTJTF,Mista.Micah,https://open.spotify.com/playlist/2HRGtcfsSazphOUgEeTJTF
Pride ‘26 - Let’s get LOUD 🪩📣,5I2gi0Z3508lUjT8dYE5Yv,Daniel,https://open.spotify.com/playlist/5I2gi0Z3508lUjT8dYE5Yv
Pride month 🌈🪟,0QSDBsBPwIrC6LEtTpSQqa,My Rose Colored Reality,https://open.spotify.com/playlist/0QSDBsBPwIrC6LEtTpSQqa
SFW Pride,4tuAJQVGjLDis9yRcktyaX,Allison Gregory,https://open.spotify.com/playlist/4tuAJQVGjLDis9yRcktyaX
The Reggae Pride,7pT7fVqeQeiRsgXRCSHGls,chainsaw,https://open.spotify.com/playlist/7pT7fVqeQeiRsgXRCSHGls
my pride and joy,2bjAKajfoFq6MZsF8jmL87,megrossow,https://open.spotify.com/playlist/2bjAKajfoFq6MZsF8jmL87
✨Midwest Pride Here✨🤠,56EBPmyzJXIQsSUYwNN5LF,Kaitlynn,https://open.spotify.com/playlist/56EBPmyzJXIQsSUYwNN5LF
"Smiles and cold stares, the temperature goes there.",2m3liBXSk5wDY7KHXgB1zI,Baila,https://open.spotify.com/playlist/2m3liBXSk5wDY7KHXgB1zI
vanilla mace dj set 💖,5GPDEMN8BY0Npqz96L9zJA,anna,https://open.spotify.com/playlist/5GPDEMN8BY0Npqz96L9zJA
Gay Pride Party Playlist 🏳️‍🌈,1THvDXFC4ABT5gtvM80kTD,Katie Russell,https://open.spotify.com/playlist/1THvDXFC4ABT5gtvM80kTD
Pride,7I1NDRN972B1Mb738hfQnf,Angelsanchez,https://open.spotify.com/playlist/7I1NDRN972B1Mb738hfQnf
PRIDE NEVER DIES 🏳️‍🌈🏳️‍⚧️,4P7QT75S1lfWgnjZanmMbm,Nick Baraniak,https://open.spotify.com/playlist/4P7QT75S1lfWgnjZanmMbm
Pride 2026,1H3e0XQcKXW7iOVZdd3Rcv,Alex Brandt,https://open.spotify.com/playlist/1H3e0XQcKXW7iOVZdd3Rcv
"🌈 Gay Pride Dance Remixes – 70s, 80s & 90s",2tDcAMp9sz36H5EhjSrwGh,Graf099,https://open.spotify.com/playlist/2tDcAMp9sz36H5EhjSrwGh
50 Top Gay Anthems For LGBTQ Pride,0S0X1EY5fNnmyLStgH6KB8,Billboard,https://open.spotify.com/playlist/0S0X1EY5fNnmyLStgH6KB8
🏳️‍🌈OUTer Dark Pride Birthday🏳️‍🌈,7gBFZFvS1e0SyP5OXZLIfS,Des Davis,https://open.spotify.com/playlist/7gBFZFvS1e0SyP5OXZLIfS
"oh, to love in a period piece. ",0cVkSghAKRMWkgmqZA0hmE,valerie,https://open.spotify.com/playlist/0cVkSghAKRMWkgmqZA0hmE
Black pride,4jScMg5OYSNlwswyR38wf0,Hannahmcdowell,https://open.spotify.com/playlist/4jScMg5OYSNlwswyR38wf0
AMERICAN PRIDE,5wlwHANlrdljv6G7JXEn2q,Jonathan parma,https://open.spotify.com/playlist/5wlwHANlrdljv6G7JXEn2q
Pride and Passion,55WlsuwEcaAwTEs8X4HzCu,redlemonade42,https://open.spotify.com/playlist/55WlsuwEcaAwTEs8X4HzCu
japan pride,5UsD6JVKzYCgpRFtiittgs,kaisugawa,https://open.spotify.com/playlist/5UsD6JVKzYCgpRFtiittgs
Pride Forever,4Zy6X0eRn3l96DhHrCjB5Q,Rob,https://open.spotify.com/playlist/4Zy6X0eRn3l96DhHrCjB5Q
pride 2026 🌈✨🏳️‍🌈,2742ci7mbqtUJ2mHdXnF2D,Yassamin Azadani,https://open.spotify.com/playlist/2742ci7mbqtUJ2mHdXnF2D
Pride & joy’s,5euAczeB2dXzQjMZJbLMKY,katelynnjordan,https://open.spotify.com/playlist/5euAczeB2dXzQjMZJbLMKY
Wolves Pride,1VnGt1zhE0khZQyIcPglSv,logan.krivoruchka,https://open.spotify.com/playlist/1VnGt1zhE0khZQyIcPglSv
"Regency Era Vibes: Sense and Sensibility, Pride & Prejudice & more",580Ieq0BPQLmV4dw93E8UE,holls,https://open.spotify.com/playlist/580Ieq0BPQLmV4dw93E8UE
"Transfem, pixie punk, and bops to fight gods to",1oCKCWNcvc9D8toSiremdk,Cass,https://open.spotify.com/playlist/1oCKCWNcvc9D8toSiremdk
Pride,14wML7UU6hhYqJTF4xpEME,𝓛𝔬𝔞𝔱𝔥𝔢,https://open.spotify.com/playlist/14wML7UU6hhYqJTF4xpEME
PRIDE,5lnezcE6Qy6WIH6QWgDsXq,Julie Renee,https://open.spotify.com/playlist/5lnezcE6Qy6WIH6QWgDsXq
but I never lost pride in my skin,4vYo0VdhESEbRAe6tvrUFx,Venmona,https://open.spotify.com/playlist/4vYo0VdhESEbRAe6tvrUFx
Cougar pride day,0GUJb3exxIBjYQFbch6ZOi,emma poole,https://open.spotify.com/playlist/0GUJb3exxIBjYQFbch6ZOi
That G-Man Pride,6XbKgMK8S4MbzxCLJyVrC3,Kade Borrelli,https://open.spotify.com/playlist/6XbKgMK8S4MbzxCLJyVrC3
Sin of Pride,0ZMg5aO6i8zh5msufoV9R1,eren nya~!,https://open.spotify.com/playlist/0ZMg5aO6i8zh5msufoV9R1
JC Cab pride 2026,5P265w4kZvuCBfLEELTdyQ,florianna913,https://open.spotify.com/playlist/5P265w4kZvuCBfLEELTdyQ
Grenadye WC2026 Anthems,2hLywLlvqGiRyK94S15mcb,Chokarella,https://open.spotify.com/playlist/2hLywLlvqGiRyK94S15mcb
🪳💚Im kewl💚🪳,2bQfjw9n0N7FXOND0zqect,🏳️‍🌈🔅𝐹𝑖𝑛𝑛𝑠𝑡𝑒𝑟🔅🏳️‍🌈,https://open.spotify.com/playlist/2bQfjw9n0N7FXOND0zqect
PRIDE HOUSE MUSIC TRACK,1o9v47O1W5xteXsRrW4g1v,james,https://open.spotify.com/playlist/1o9v47O1W5xteXsRrW4g1v
Pride 🏳️‍🌈 for Kids SFW Clean,0nDpdYqWtZHLCA0Tn7VbZw,Kelso Margo,https://open.spotify.com/playlist/0nDpdYqWtZHLCA0Tn7VbZw
pride and joy ,1hMTR69dAkzHEYqU9FHnra,garofalosophia,https://open.spotify.com/playlist/1hMTR69dAkzHEYqU9FHnra
PRIDE.,5qSSF6t70fw97jMn9ukRqZ,LeJuice,https://open.spotify.com/playlist/5qSSF6t70fw97jMn9ukRqZ
can u imagine no love pride deep fried chicken ,58pAwnemtQHSeqLlRCpA5L,alizeadvincula,https://open.spotify.com/playlist/58pAwnemtQHSeqLlRCpA5L
Pride and Joy,1keTYvVraJNXhgrnsH4vEM,Jonsey,https://open.spotify.com/playlist/1keTYvVraJNXhgrnsH4vEM
Dress To Impress Playlist✨ ,53ysWI0JhIGfNrmQWlIaLh,Idkkk,https://open.spotify.com/playlist/53ysWI0JhIGfNrmQWlIaLh
hydrationmaxxing saturated pride style w/ a side of coconut on da beach type,15KZw7SDYR3VVfT7nr9Dt6,dorito_boi,https://open.spotify.com/playlist/15KZw7SDYR3VVfT7nr9Dt6
Period Drama Soundtracks 👑,2L7bB4p2YpDQHKACCaSc6v,darian.wilk,https://open.spotify.com/playlist/2L7bB4p2YpDQHKACCaSc6v
Disney Celebrates Pride,22Tth3qFTl3UshkGh03Fxw,Walt Disney Records,https://open.spotify.com/playlist/22Tth3qFTl3UshkGh03Fxw
PRIDE.,68UWrgxCnzUCzYsmfIBp74,nanijamal,https://open.spotify.com/playlist/68UWrgxCnzUCzYsmfIBp74
Pride Workout,12x3gKPTxr88GRPlUpY2n3,RLABAHN,https://open.spotify.com/playlist/12x3gKPTxr88GRPlUpY2n3
Pride 2026,6nOFrAJoqlssXrlGyygDRA,Rich,https://open.spotify.com/playlist/6nOFrAJoqlssXrlGyygDRA
Pride in country🇺🇸🏈🤠,5xRiXDCqfV0lELhLlqIqrf,Adrienne,https://open.spotify.com/playlist/5xRiXDCqfV0lELhLlqIqrf
Bridgerton/Pride and Prejudice Vibes,2Pg7UQglfyN4NBdcXu8il1,Amber Riner,https://open.spotify.com/playlist/2Pg7UQglfyN4NBdcXu8il1
Hardcore Pride,7xGWFYaMkBhNMCwbQAefOy,Nick Sobiek,https://open.spotify.com/playlist/7xGWFYaMkBhNMCwbQAefOy
pov: i'm girlbossing in league of legends,7iTbI3ELbMSlbrLfY8MY98,tenn★,https://open.spotify.com/playlist/7iTbI3ELbMSlbrLfY8MY98
girl take pride in what you wanna do,5UPRsEARNyD1bwu3fGNXNu,natalie 🫶🏼,https://open.spotify.com/playlist/5UPRsEARNyD1bwu3fGNXNu
Pride!,5PAzBgJeZmHMLut99BRTII,Pride Gymnastics Academy,https://open.spotify.com/playlist/5PAzBgJeZmHMLut99BRTII
Pride Mix,4aRJSn6xVfTRzUsCP17kAn,FusedObsidian,https://open.spotify.com/playlist/4aRJSn6xVfTRzUsCP17kAn
Syntax - Pride,6LECu1G8uUor7KpMeA4A67,Tobias Lehner,https://open.spotify.com/playlist/6LECu1G8uUor7KpMeA4A67
Soundtrack: BBC Pride and Prejudice 1995,22u192vkcREZYoycwwxLj3,Jane Austen Appreciation,https://open.spotify.com/playlist/22u192vkcREZYoycwwxLj3
An Enby’s playlist  ,2NIX3Q3HW7LKq4gBikjWaA,^Rivz/River^,https://open.spotify.com/playlist/2NIX3Q3HW7LKq4gBikjWaA
🤲,7B27vBcDETiyk5kqGPhoWk,caleb rea,https://open.spotify.com/playlist/7B27vBcDETiyk5kqGPhoWk
So God Made a Farmer,1moX1tw154U1FgA7v7Dwik,Amanda Grube,https://open.spotify.com/playlist/1moX1tw154U1FgA7v7Dwik
Pride 1 hour,77H9ZiTMhZMd7XD5ZkFwie,Cameron.vw,https://open.spotify.com/playlist/77H9ZiTMhZMd7XD5ZkFwie
Man fuck your pride 🫵🏻🫀💪🏻,7yZN0q4y1rWHCy39AefkAL,Baby j,https://open.spotify.com/playlist/7yZN0q4y1rWHCy39AefkAL
Pride 365 🏳️‍🌈🪬🏳️‍⚧️🫶🏼,2s20SfX32zy3YTKvzowlOL,Mariam 🌞,https://open.spotify.com/playlist/2s20SfX32zy3YTKvzowlOL
Pride Mix Playlist (safe for work),0EHrGUJdIYPlcXQAEfjzqL,BSUPrideCenter,https://open.spotify.com/playlist/0EHrGUJdIYPlcXQAEfjzqL
Puerto Rican Pride,24Ha1uUmoz7b24eJklPV5O,Brian Orozco,https://open.spotify.com/playlist/24Ha1uUmoz7b24eJklPV5O
Fiesta Pride México 🏳️‍🌈🇲🇽,405qQSO96yN0bdjlmmntBv,Radio ONE 🧑‍🚀,https://open.spotify.com/playlist/405qQSO96yN0bdjlmmntBv
White Pride,14bRkJv3hgMghKeYzLidR6,Callahant,https://open.spotify.com/playlist/14bRkJv3hgMghKeYzLidR6
Love Is Stronger Than Pride,1p0XSF7Am07ix7kMDv4CN2,Barb B,https://open.spotify.com/playlist/1p0XSF7Am07ix7kMDv4CN2
Ever's Bedtime Playlist,69DK833Y1xgN4FBG2Gd5cv,Tripp Jones,https://open.spotify.com/playlist/69DK833Y1xgN4FBG2Gd5cv
is it really you?,2dOnMLmp5WffFPdY2GH976,ella,https://open.spotify.com/playlist/2dOnMLmp5WffFPdY2GH976
Pride Party 2025 🏳️‍🌈,03AQMcXairMuAWY5MuXITb,RebekahG_25,https://open.spotify.com/playlist/03AQMcXairMuAWY5MuXITb
My Pride,6PjgJO2yLpSpzSEJC2Jd1b,Radioactive Snail,https://open.spotify.com/playlist/6PjgJO2yLpSpzSEJC2Jd1b
PRIDE Radio (Top hits 2022),56gvUisHBz35H5gwbd8Bo0,Guido Playlist,https://open.spotify.com/playlist/56gvUisHBz35H5gwbd8Bo0
BanG Dream! & IDOLY PRIDE,5SFJGUdGUbFzImZXMzK5DV,Cori Co. ☆,https://open.spotify.com/playlist/5SFJGUdGUbFzImZXMzK5DV
Indy PRIDE 2k23,7KZvMWHzwLOs2sCSt6f8Iz,Payton Sparks,https://open.spotify.com/playlist/7KZvMWHzwLOs2sCSt6f8Iz
Southern pride,4xsk7DM70BxC8EQMxLDe0G,(anastasia),https://open.spotify.com/playlist/4xsk7DM70BxC8EQMxLDe0G
Southern pride🇱🇷⬆️,54P2oV1Hpj011x3oA8Vmpp,Kyle l a n t z,https://open.spotify.com/playlist/54P2oV1Hpj011x3oA8Vmpp
24/7,1S1rq9Sfi1nhU7sspS4iBn,emma swope,https://open.spotify.com/playlist/1S1rq9Sfi1nhU7sspS4iBn
No Pride ,0Xqv8ujWKopfmidqqfikmU,Albrainiac215,https://open.spotify.com/playlist/0Xqv8ujWKopfmidqqfikmU
Pride n joy,4a8Usim235mjEJpcpLX81K,jose oceguera,https://open.spotify.com/playlist/4a8Usim235mjEJpcpLX81K
26 Pride ,39trADAo4pNrAL0kMlW5v5,Nickeroskong,https://open.spotify.com/playlist/39trADAo4pNrAL0kMlW5v5
Sapphic Anthems For Pride Month,1SZ3soAXVsB9BxHWjs0uJ1,Caroline is always sad,https://open.spotify.com/playlist/1SZ3soAXVsB9BxHWjs0uJ1
HITT PRIDE,3Fcgi7VBjZlyE1kNG0Am1i,Bel/La,https://open.spotify.com/playlist/3Fcgi7VBjZlyE1kNG0Am1i
Southern Pride,3hHHNyUAg95uzrrdRUNUzP,Leon Wears,https://open.spotify.com/playlist/3hHHNyUAg95uzrrdRUNUzP
Southern Pride,3L8fJCvVrS71qBfbVdhVVG,Daniel Paul Thomas-Blanton,https://open.spotify.com/playlist/3L8fJCvVrS71qBfbVdhVVG
Gay Pride! 👨‍❤️‍👨👩‍❤️‍👩👨‍❤️‍💋‍👨👩‍❤️‍💋‍👩👬👭🏳️‍🌈🌈,4vDdpE6oVKUlwXWqYpW2UF,mandradee,https://open.spotify.com/playlist/4vDdpE6oVKUlwXWqYpW2UF
Urban Outfitters | Pride Loud & Proud,3IIHGSMCRoAnmT7gZ0Bd5S,Urban Outfitters,https://open.spotify.com/playlist/3IIHGSMCRoAnmT7gZ0Bd5S
English Tea Time Vibes,56DwDQmyI7FBi36HdEGSII,cjsaati33,https://open.spotify.com/playlist/56DwDQmyI7FBi36HdEGSII
pride and prejudice vibes,702md6hCwHJZpXKkdVrDxm,AliceWindisch,https://open.spotify.com/playlist/702md6hCwHJZpXKkdVrDxm
IDOLY PRIDE,645zw7BDlUTdTAIMNAJ0P2,BatataZura,https://open.spotify.com/playlist/645zw7BDlUTdTAIMNAJ0P2
Pride 🌈🥳,1AjnqO0Kc6ps7vM5SrMzEz,ale,https://open.spotify.com/playlist/1AjnqO0Kc6ps7vM5SrMzEz
Flow Friday: Pride Edition 🌈 ,0FZ3bdlUgihjCvNm7dtsF2,Ariel Peck,https://open.spotify.com/playlist/0FZ3bdlUgihjCvNm7dtsF2
Indie Sleaze Pride Playlist,1W8sjDR1oa1npYnBc9kc2k,indiesleaze,https://open.spotify.com/playlist/1W8sjDR1oa1npYnBc9kc2k
SSB Pride Mix 2023,6FVaYLUcPT6GAI6eP3Xomr,Brian,https://open.spotify.com/playlist/6FVaYLUcPT6GAI6eP3Xomr
with love and pride,2PNr49MUGeCTiaYBdoIULb,lala💌,https://open.spotify.com/playlist/2PNr49MUGeCTiaYBdoIULb
Body dysmorphia music,5bz8yTDWj3TzEKE5BEAgWQ,OwnConstant,https://open.spotify.com/playlist/5bz8yTDWj3TzEKE5BEAgWQ
Pride 2026 LINC ,3oUGc4UF7POejvHh3lcWiw,Jawn,https://open.spotify.com/playlist/3oUGc4UF7POejvHh3lcWiw
Put That Pride to the Side,64FiVM0d9W7g8iDh82EVVZ,annissa,https://open.spotify.com/playlist/64FiVM0d9W7g8iDh82EVVZ
LB Pride,52Tv59vkFZzVFi4Q25uEpT,andrewdrahn,https://open.spotify.com/playlist/52Tv59vkFZzVFi4Q25uEpT
Peace Over Pride,1jmmK259Zsn5BZE51blHXC,Kiana,https://open.spotify.com/playlist/1jmmK259Zsn5BZE51blHXC
summer’s pride,3IKcMJP5P4Xq4SdoSXoYiO,jazzyjay,https://open.spotify.com/playlist/3IKcMJP5P4Xq4SdoSXoYiO
🏳️‍🌈Pride 2026: The Gaylist🏳️‍🌈,2qu9tTlPwFwpeb6tU7rEoM,Michael Papirmeister,https://open.spotify.com/playlist/2qu9tTlPwFwpeb6tU7rEoM
Randy’s rowdy outlaw southern pride renegade  party,4HwohSZts1DfPZod82yIEo,Dobster Dad,https://open.spotify.com/playlist/4HwohSZts1DfPZod82yIEo
❤︎︎𝙺𝚊𝚝’𝚜 𝙿𝚛𝚒𝚍𝚎 𝙿𝚕𝚊𝚢𝚕𝚒𝚜𝚝❤︎︎,4GDGNdUjWL2RfCgydRArt1,Kat.Mysteria,https://open.spotify.com/playlist/4GDGNdUjWL2RfCgydRArt1
east of eden — john steinbeck,1rQtLnrfc4yICDLpAILDyq,aya,https://open.spotify.com/playlist/1rQtLnrfc4yICDLpAILDyq
James Marriott 🍇🦷,1H1zT1pZvMDdmjqUrkdrIk,Moldygutz,https://open.spotify.com/playlist/1H1zT1pZvMDdmjqUrkdrIk
Pride 2026,3ugGXVeHmFbQ3fRbv4ZDWi,Michael Peck,https://open.spotify.com/playlist/3ugGXVeHmFbQ3fRbv4ZDWi
ᰔ [ LS / UU ]・︴Pride Duo ｡°✧,0xbqC3IydxtDQy8SZmQHND,Planetlordz,https://open.spotify.com/playlist/0xbqC3IydxtDQy8SZmQHND
Rebel Pride,6u50ly0uGrRIeOu32BEHiT,Rebelpride,https://open.spotify.com/playlist/6u50ly0uGrRIeOu32BEHiT
Pride 2026,4EiuXPjqakT6zBJjyPDY44,Melissa Rae,https://open.spotify.com/playlist/4EiuXPjqakT6zBJjyPDY44
Happy Pride 🌈,2OnwfWPZOHgj0FsETlF6jV,Kimmy Co,https://open.spotify.com/playlist/2OnwfWPZOHgj0FsETlF6jV
🌈Seattle Pride 2026✨,65efIYBCogPLx9CRFc13uo,Taylorjshelnutt,https://open.spotify.com/playlist/65efIYBCogPLx9CRFc13uo
Mama’s Pride ,2IrKlqJZg8Io87T0prd2lI,Hal,https://open.spotify.com/playlist/2IrKlqJZg8Io87T0prd2lI
🌟 Pa’ que sepa 🌟,0NVAt2MJloBBaQLE1sR9tR,Quinn  <3,https://open.spotify.com/playlist/0NVAt2MJloBBaQLE1sR9tR
Pride Club Mix,39j4SM0Ljz62jjDfqJh8eI,Derrick Espinosa,https://open.spotify.com/playlist/39j4SM0Ljz62jjDfqJh8eI
Pride and Prejudice 🌞📜💘,40TgH3OxCpwNwd5YUPZgNE,BtheLight,https://open.spotify.com/playlist/40TgH3OxCpwNwd5YUPZgNE
trans pride/gender euphoria!,4IXhqwyqI3Ifa2nFWtwoVb,Crow,https://open.spotify.com/playlist/4IXhqwyqI3Ifa2nFWtwoVb
Pride 2026,6fhdwjppOrdtbl2jmhhvTq,Tricia Donegan,https://open.spotify.com/playlist/6fhdwjppOrdtbl2jmhhvTq
OMG Pride Playlist 2026,63obv6AWIGSs4Dc2PML8di,OMG.BLOG,https://open.spotify.com/playlist/63obv6AWIGSs4Dc2PML8di
"Out Now Queer As Folk 2026-7 July 🏳️‍🌈 Pride: The Best New Music By, For + About LGBTQ+ Folks +💪🏾 AL👀",2CUv09ZGm3upp17NxE5m0e,BEaREALMAN,https://open.spotify.com/playlist/2CUv09ZGm3upp17NxE5m0e
Straight Pride Playlist,52xFNPwGY9dCPcJ209V11X,りょじ 大谷,https://open.spotify.com/playlist/52xFNPwGY9dCPcJ209V11X
Black Gay 🏳️‍🌈 Pride,2Of4tMliDROXbs2Jzh7F7f,kavinique,https://open.spotify.com/playlist/2Of4tMliDROXbs2Jzh7F7f
déAth of prïde ,0BiWknT5ZbyvqIiHdZUHBK,e r i c,https://open.spotify.com/playlist/0BiWknT5ZbyvqIiHdZUHBK
Zakk Wylde | Ballads,7oDd4s7I7h9opqN6ql3N1A,Leandro Jacobina,https://open.spotify.com/playlist/7oDd4s7I7h9opqN6ql3N1A
Ultimate Gay Pride Playlist - Gay Icons and Anthems,3cDYeYSUJnRJQqnIoNSusD,Adolpho Blaire,https://open.spotify.com/playlist/3cDYeYSUJnRJQqnIoNSusD
CIRCUIT PRIDE GAY 2025 / LGBTQ+,6D3J6Ajpz8o7Mo1Dku9J4Q,Musica de Antro 2025 / de tocho!,https://open.spotify.com/playlist/6D3J6Ajpz8o7Mo1Dku9J4Q
Pride Rock,3pvAj6MJSEP9OqCTnLEv7n,uhlus,https://open.spotify.com/playlist/3pvAj6MJSEP9OqCTnLEv7n
USA pride,4jysneykEul9WRxiJR8Gfn,Tjeffrey,https://open.spotify.com/playlist/4jysneykEul9WRxiJR8Gfn
Pride of the south 2.0,6THAHyvYiwYW6F9Oiuqm9Q,m3lln,https://open.spotify.com/playlist/6THAHyvYiwYW6F9Oiuqm9Q
pride n joy ,4y1Lilcny07ZM8R76CwWIR,māhealani,https://open.spotify.com/playlist/4y1Lilcny07ZM8R76CwWIR
Prideful & Prejudiced ,1Sf4HwPd40s84LjjSLwswh,smae,https://open.spotify.com/playlist/1Sf4HwPd40s84LjjSLwswh
That Good Shit Pride month 6-22-26,20OMGwmp7GlTeRWNYj6OXG,Chimney,https://open.spotify.com/playlist/20OMGwmp7GlTeRWNYj6OXG
24 hour country,3mEFE7vuiwOJnOGrJPtu6A,liv tashlein,https://open.spotify.com/playlist/3mEFE7vuiwOJnOGrJPtu6A
Pride and Prejudice Audiobook - Down To Sleep by MadMorph,5aOjk75ZaIUSorQyKTxPcW,Yavannaelin,https://open.spotify.com/playlist/5aOjk75ZaIUSorQyKTxPcW
Pride,5fiUu0zHKeS86pT5Nk3LnS,Unknownissue,https://open.spotify.com/playlist/5fiUu0zHKeS86pT5Nk3LnS
My pride and joy 🥹🫂,3f6QaBOa6nQPo7TAcruFF5,Remy,https://open.spotify.com/playlist/3f6QaBOa6nQPo7TAcruFF5
Mimi Pride 💚,5ARLponUO3Z5b2edYrzcBO,Vee McCarey,https://open.spotify.com/playlist/5ARLponUO3Z5b2edYrzcBO
Pride Clubbing and Woke of July,1wIca5rCld47uOA7mgYaDg,Anthony Volonnino,https://open.spotify.com/playlist/1wIca5rCld47uOA7mgYaDg
The Sin of Pride,0lpGsfhYeKEgfgbdKMjqCU,Drake,https://open.spotify.com/playlist/0lpGsfhYeKEgfgbdKMjqCU
BE WHO YOU AREEE FOR YOUR PRIDEEEE *insert kazoo noises*,6WFmtrZ0ZsvyDTqakybQZl,Stupid-Soap,https://open.spotify.com/playlist/6WFmtrZ0ZsvyDTqakybQZl
Vintage pride 🏳️‍🌈,3uMMZObUB3umIG1c7pZpQX,Matt Dorado,https://open.spotify.com/playlist/3uMMZObUB3umIG1c7pZpQX
"R U Next? - ILLIT, HEART OF WOMAN, FIFTY FIFTY, izna, ALLDAY PROJECT",4zWiizO3kuLYMx1N4HHo0b,JPN PlanetGuardian,https://open.spotify.com/playlist/4zWiizO3kuLYMx1N4HHo0b
Love Songs 💕😊,1R9rSK8CP2hovwRNP0Excr,Francine 115😜,https://open.spotify.com/playlist/1R9rSK8CP2hovwRNP0Excr
Pride 2026 Playlist,22y0sUbOfcxnV7ABVRa1jC,Jayden,https://open.spotify.com/playlist/22y0sUbOfcxnV7ABVRa1jC
pride month for sad lesbians,0s5LqG44t9xG66xUhzPprs,Macy_Anch,https://open.spotify.com/playlist/0s5LqG44t9xG66xUhzPprs
Planet Pride ‘26,3eW26ORxyiFxsq1UpHIXi0,Planet Pride,https://open.spotify.com/playlist/3eW26ORxyiFxsq1UpHIXi0
Pride 26🌈,3u0bqCHjNTAS3XiMnmzfWP,AshChampagne93,https://open.spotify.com/playlist/3u0bqCHjNTAS3XiMnmzfWP
Pride 2026🌈✨🫨🏳️‍⚧️,0G5k2TDQo0ARfXrKtGYie9,Madmoney,https://open.spotify.com/playlist/0G5k2TDQo0ARfXrKtGYie9
SOUTHERN PRIDE,3rN1FB3SyIm25c0iQuJsYg,connorparker4,https://open.spotify.com/playlist/3rN1FB3SyIm25c0iQuJsYg
🏳️‍🌈🏳️‍⚧️PRIDE2026🏳️‍⚧️🏳️‍🌈,5V4WkthGC6uOqPEOHVKBr1,thetailshakers,https://open.spotify.com/playlist/5V4WkthGC6uOqPEOHVKBr1
I COULD EAT THAT GIRL FOR LUNCH.,5rlmhxtVsnAlan4s077bki,Harbulary Batteries,https://open.spotify.com/playlist/5rlmhxtVsnAlan4s077bki
Rupaul DJ Set 💿,36z7MNvDgnWAcvWLqA7EX3,Joshua 💽,https://open.spotify.com/playlist/36z7MNvDgnWAcvWLqA7EX3
Put That Pride to the Side,1wD3dYzFQAj5PDJsGEikvv,reynaaaa,https://open.spotify.com/playlist/1wD3dYzFQAj5PDJsGEikvv
"NO PRIDE, DONE",7sldPkPhZkTFOpLSRCoY2m,Why not,https://open.spotify.com/playlist/7sldPkPhZkTFOpLSRCoY2m
Pride ‘26 🏳️‍🌈,6Y6FU47rWmmIZCQZ63M75b,markdnamba,https://open.spotify.com/playlist/6Y6FU47rWmmIZCQZ63M75b
Bolt Pride OC  Mix,0U72oHq1pKwh2LPwdVmADH,Rudy Baez Jr,https://open.spotify.com/playlist/0U72oHq1pKwh2LPwdVmADH
June 2026 (PRIDE),5qTtPj6eQq8EJYGeqQqo2j,jappyjose,https://open.spotify.com/playlist/5qTtPj6eQq8EJYGeqQqo2j
muppets pride and prejudice,17IBzBnZgBRuHAhQq6C1Zy,Vivian,https://open.spotify.com/playlist/17IBzBnZgBRuHAhQq6C1Zy
putrid pride,3BQ16ifNebdMCqkAYiqqJQ,lizzagnna,https://open.spotify.com/playlist/3BQ16ifNebdMCqkAYiqqJQ
Love Is Stronger Than Pride,5zUpdIbn37hsWF3LycCEqS,Pnel4444,https://open.spotify.com/playlist/5zUpdIbn37hsWF3LycCEqS
my pride and joy ,0fzQuoZfa2diXXqK915gr3,ella frank ,https://open.spotify.com/playlist/0fzQuoZfa2diXXqK915gr3
Jewish Pride Playlist,63lZ143soU6Eq0lYnn4KOo,Karen Cinnamon | @yourjewishlife,https://open.spotify.com/playlist/63lZ143soU6Eq0lYnn4KOo
Pride,36MgZm8cNhxPTmDAoBpZpW,Jevto nonchalant,https://open.spotify.com/playlist/36MgZm8cNhxPTmDAoBpZpW
Pride,48G4nlDW8fi64fVqrW85Nx,Eriq,https://open.spotify.com/playlist/48G4nlDW8fi64fVqrW85Nx
Pride Brunch 2026,6JbaPVMXfJD1NmHSkGmHAk,Nathan Flanagan,https://open.spotify.com/playlist/6JbaPVMXfJD1NmHSkGmHAk
PRIDE.,64Uf25ipL6ydOtZZldsv7x,Damian,https://open.spotify.com/playlist/64Uf25ipL6ydOtZZldsv7x
Pridelands playlist,1XWEWUSyuuQMwF57K0fbKz,Kevin Cordero,https://open.spotify.com/playlist/1XWEWUSyuuQMwF57K0fbKz
Playbill's Pride Playlist,3F34LKsVxzj6fjOfia9mxj,Playbill,https://open.spotify.com/playlist/3F34LKsVxzj6fjOfia9mxj
SeaPride 26,4pu26YsWkbrKXpuHnDOMcw,Blaise Roberts,https://open.spotify.com/playlist/4pu26YsWkbrKXpuHnDOMcw
ᘖᔦ/ᒣ ᢉ𐭩 ˙⋆✮,3GJ0CA4pLJM42Tpm3nSesA,Keriixx,https://open.spotify.com/playlist/3GJ0CA4pLJM42Tpm3nSesA
Coffee Shop Music,0kPyPe55SohmICj0hW1fbI,Torie Lauritzson,https://open.spotify.com/playlist/0kPyPe55SohmICj0hW1fbI
Pride,618ou5HI8vtAP4Qbtm5UPL,Jay Howey,https://open.spotify.com/playlist/618ou5HI8vtAP4Qbtm5UPL
Gay Hits of the 2010s · Queer Pop Pride Party,38y0JSHmOw79wfVFPOTdRg,my.charts.music,https://open.spotify.com/playlist/38y0JSHmOw79wfVFPOTdRg
My Pride and Joy <3,4x5RxbhRllofidQLqSfFTG,olab17,https://open.spotify.com/playlist/4x5RxbhRllofidQLqSfFTG
atlanta pride trip,19iey57gAqAWLyts5H77iQ,lotsasquirrels,https://open.spotify.com/playlist/19iey57gAqAWLyts5H77iQ
Sayain Pride,27JAzDtxEEKbAidYBhUh9c,Wake Up Insømniac,https://open.spotify.com/playlist/27JAzDtxEEKbAidYBhUh9c
Let's Celebrate : Mess Mix for Pride 2026,5k2cgaU83Pr6wCUQ7S7xNk,Gregg Mess,https://open.spotify.com/playlist/5k2cgaU83Pr6wCUQ7S7xNk
"See the Rainbow, Taste the Rainbow ",0IkT3JohRWcxbdYlrMZlU5,BandJam Official,https://open.spotify.com/playlist/0IkT3JohRWcxbdYlrMZlU5
i like my girls boyish,2mhOJmPhNvZa1hXgLH9LQf,carly b 🎧 hahakcoolgtgbye,https://open.spotify.com/playlist/2mhOJmPhNvZa1hXgLH9LQf
#1,14BCW89Wg5sTp6n7RaI1Vp,suhanaccx,https://open.spotify.com/playlist/14BCW89Wg5sTp6n7RaI1Vp
pride pregame 🏳️‍🌈,4Vo1rxRAx10WYQk7CH642c,sarahmenna,https://open.spotify.com/playlist/4Vo1rxRAx10WYQk7CH642c
reading pride and prejudice ,7gvEMu6bHffeYGPTwk8aP9,c ★,https://open.spotify.com/playlist/7gvEMu6bHffeYGPTwk8aP9
husky pride,3nYgyBpj18fw2RoIzpUJ6z,gballz,https://open.spotify.com/playlist/3nYgyBpj18fw2RoIzpUJ6z
Pride mix,3JKQUwdpuRbyiTzK5nSIG9,Jackspyra,https://open.spotify.com/playlist/3JKQUwdpuRbyiTzK5nSIG9
American Pride,4o7eev9d9pDqDRnoBhXouB,Cari Bishop Smith,https://open.spotify.com/playlist/4o7eev9d9pDqDRnoBhXouB
Christine's PRIDE mix  2026,20lanPmauL4PcuMMxuqtHN,Christine Nair,https://open.spotify.com/playlist/20lanPmauL4PcuMMxuqtHN
Medford pride 2026,1ghGkbv1uPzq0tbBYkRZ0z,Leslie,https://open.spotify.com/playlist/1ghGkbv1uPzq0tbBYkRZ0z
How was your day?,1B9oXD1tt413PZQr2GhHBs,Elpenguinoz,https://open.spotify.com/playlist/1B9oXD1tt413PZQr2GhHBs
Best of Charlie Pride,1htxztFHpjFmqvn84y4kyb,fonterra1965,https://open.spotify.com/playlist/1htxztFHpjFmqvn84y4kyb
Pride month lock in ,2Oy2lCoiJuNNzoIYLWQocr,ntannerj,https://open.spotify.com/playlist/2Oy2lCoiJuNNzoIYLWQocr
Gay Pride 2026,00QTJFWHvrEPU58LNu9AXW,LeRoy,https://open.spotify.com/playlist/00QTJFWHvrEPU58LNu9AXW
Dataminr PRIDE 2026 Party Playlist,2WqfWl50OodNl7WbHGqKGL,weeliepapi,https://open.spotify.com/playlist/2WqfWl50OodNl7WbHGqKGL
Pride ♥️,6o7YuzHy5TwhS1nJTwniED,xoxo,https://open.spotify.com/playlist/6o7YuzHy5TwhS1nJTwniED
Summer and Pride!! 🌈💕☀️,1YITqep9OWRQQqq7QhISFg,Goose,https://open.spotify.com/playlist/1YITqep9OWRQQqq7QhISFg
no one will take my pride,5Jq7dbB91WA6cMmfBXyaOo,sav,https://open.spotify.com/playlist/5Jq7dbB91WA6cMmfBXyaOo
lobster pride flag,5CZkEjUO8sflcZQ0p1gWiH,crewcrew,https://open.spotify.com/playlist/5CZkEjUO8sflcZQ0p1gWiH
DnD - Majestic Atmosphere | RPG Fantasy Music | Tabletop D&D Series,4QYLgjCriwTPsM50xBABlE,highway1024,https://open.spotify.com/playlist/4QYLgjCriwTPsM50xBABlE
red flags,06kbxaaC5HiBIafuOFymew,Drew Pariseau,https://open.spotify.com/playlist/06kbxaaC5HiBIafuOFymew
Pride 2026 | Música con orgullo 🏳️‍🌈 | Orgullo Gay 2026 ,3Fyzy9kUdOwhOIkkVc7aHw,Musicdote,https://open.spotify.com/playlist/3Fyzy9kUdOwhOIkkVc7aHw
Pride Playlist 2026 by Hollywood Tramp,2iXiOgnm4qCPes17ma2A1S,Hollywood Tramp,https://open.spotify.com/playlist/2iXiOgnm4qCPes17ma2A1S
PRIDE 2026 🌈,2krBVEwawnPp4N1LceqxAi,Liv C.,https://open.spotify.com/playlist/2krBVEwawnPp4N1LceqxAi
Khmer Pride🇰🇭,6YUWZZZRxt4MTDcu0aVdKQ,Sean Chhin,https://open.spotify.com/playlist/6YUWZZZRxt4MTDcu0aVdKQ
pride is finally over phew time to date boys,7qUnvgWHO2ZqO5uUgZ4lgd,jennadols,https://open.spotify.com/playlist/7qUnvgWHO2ZqO5uUgZ4lgd
Pride 26,7n8kEXAliARvxRNjDUvEVb,WoodxBound,https://open.spotify.com/playlist/7n8kEXAliARvxRNjDUvEVb
the sin of pride - from suffering comes strength,2l5q88nprVDdQgNFqMCCiP,ÊйłяøÞÿ,https://open.spotify.com/playlist/2l5q88nprVDdQgNFqMCCiP
Single Boys’ Pride 🤘,3lEralOIdUKrnYNHlqeJje,Gavin,https://open.spotify.com/playlist/3lEralOIdUKrnYNHlqeJje
PRIDE DISCOTHEQUE ,5D714Z0EdEDPZvZgVAPNJU,Justin Colón,https://open.spotify.com/playlist/5D714Z0EdEDPZvZgVAPNJU
gay energy kpop  🏳‍🌈,4tUsQX2TiWvQznBrj8J6G2,~•~isa~•~,https://open.spotify.com/playlist/4tUsQX2TiWvQznBrj8J6G2
Pride and Joy 🇵🇭,60afsyGgikrw29bkqsuaZr,Bre_anna,https://open.spotify.com/playlist/60afsyGgikrw29bkqsuaZr
Jewish Pride,0JOcyPROSR7XBAgX9M5CyZ,Alef Bet Spotify 2,https://open.spotify.com/playlist/0JOcyPROSR7XBAgX9M5CyZ
Pride,2PEfbSBMeelt1J561VoACN,Blhubba,https://open.spotify.com/playlist/2PEfbSBMeelt1J561VoACN
Gay pride,3OQFAzAm4pr2SDjw9CjZv8,Marshall Hughes,https://open.spotify.com/playlist/3OQFAzAm4pr2SDjw9CjZv8
Prideful Idiot,63RVy5dujudAk7QSzepErV,Justin Andrade,https://open.spotify.com/playlist/63RVy5dujudAk7QSzepErV
Spice Girls: Pride,7Cda3U63YSZcJzp3pE8tkv,Spice Girls,https://open.spotify.com/playlist/7Cda3U63YSZcJzp3pE8tkv
Yoga Sculpt: Pride Pride Baby,0qbzdUxm6OgwPd6cpIpgHW,Gabrdiaz,https://open.spotify.com/playlist/0qbzdUxm6OgwPd6cpIpgHW
Prides gonna be the death of you. ,76BN3fEfdfZM5MPHEFcKSN,kloey marie🌞,https://open.spotify.com/playlist/76BN3fEfdfZM5MPHEFcKSN
|PERMANENT  DISSOCIATION/,2FhJ3OE6gmv39dlJ8cwamD,Josiah |-/,https://open.spotify.com/playlist/2FhJ3OE6gmv39dlJ8cwamD
#JUNE,7HNnBh5RYzHRDmZTlh8yar,🕷️🕸️,https://open.spotify.com/playlist/7HNnBh5RYzHRDmZTlh8yar
Escanor's Pride,3OBa8BLEKOttaKxQhEFp1a,Navid Soltani,https://open.spotify.com/playlist/3OBa8BLEKOttaKxQhEFp1a
Pride is the devil,4GgG4ZiKRidmhd3JnDjB53,Kfwpcb Gxuczodf,https://open.spotify.com/playlist/4GgG4ZiKRidmhd3JnDjB53
Pride 🛝💦Summer 2026🏳️‍🌈☀️,5dtivKZtFxVaSnCCIckLFV,Megan Marjorie,https://open.spotify.com/playlist/5dtivKZtFxVaSnCCIckLFV
Pride,76grd3uxVXVO5VSedD6ABO,Jvic,https://open.spotify.com/playlist/76grd3uxVXVO5VSedD6ABO
Pride #2,1eoNBNDC5Wf3AgN0ulvPWM,Trav,https://open.spotify.com/playlist/1eoNBNDC5Wf3AgN0ulvPWM
pride month yippee hurray,53RWnw7PIvNKT3Q9Kwqup9,TRASHER,https://open.spotify.com/playlist/53RWnw7PIvNKT3Q9Kwqup9
@pridereccheer,0iUHFa7WUA0KgAxGQlRp5O,sofizzle,https://open.spotify.com/playlist/0iUHFa7WUA0KgAxGQlRp5O
Pride Running Mix,2dlcLiXvKtiQoxTS7mMYnM,Lesbsolemates,https://open.spotify.com/playlist/2dlcLiXvKtiQoxTS7mMYnM
🍍Have you no pride?💛 ANANAS DRAGON COOKIE PLAYLIST ⭐,7BvMyegx6uUeNTMTbOW7wK,creature,https://open.spotify.com/playlist/7BvMyegx6uUeNTMTbOW7wK
classical music to study like a character in pride and prejudice,2cpGm4WGbRp6RfSAaGL6pw,speedyysnail,https://open.spotify.com/playlist/2cpGm4WGbRp6RfSAaGL6pw
PRIDE,6Mg9kJT2MNFQJYpZInj5U6,Porter Browning,https://open.spotify.com/playlist/6Mg9kJT2MNFQJYpZInj5U6
Pride 2026,5okWAoTPQBVjQmxotGVpqp,Isaac Brewer,https://open.spotify.com/playlist/5okWAoTPQBVjQmxotGVpqp
Pride Party Boquerón,0N4yx5cn34SyLxZqloIO6x,Nathan,https://open.spotify.com/playlist/0N4yx5cn34SyLxZqloIO6x
hype songs for pride month ,2eveFCiqrIwfTJOZRe97px,JanaBee,https://open.spotify.com/playlist/2eveFCiqrIwfTJOZRe97px
Pride/Rewind/Timeshipping . ♡,2qEYLNULZ41H0y9gaNnmdU,Ayamii ~ Xx,https://open.spotify.com/playlist/2qEYLNULZ41H0y9gaNnmdU
Pride Brunch,7dJ66sIwrBAdsQk8za5qqG,Donttouchmyhair,https://open.spotify.com/playlist/7dJ66sIwrBAdsQk8za5qqG
Heated Rivalries (Pride 2026),2BdIF9aKeuJxxgmutohyWH,Andrew Sestrich,https://open.spotify.com/playlist/2BdIF9aKeuJxxgmutohyWH
Legend of Legends,6Kwe1tCg5QsFFYD33KkA5w,NateThizl,https://open.spotify.com/playlist/6Kwe1tCg5QsFFYD33KkA5w
Regrets   (Cowboy shit),2yEY7EWW4rbOSg7htvwCu8,Brennan,https://open.spotify.com/playlist/2yEY7EWW4rbOSg7htvwCu8
Old Jams,6DOOdq3m5wrlXTAe6n8vgQ,Ryan,https://open.spotify.com/playlist/6DOOdq3m5wrlXTAe6n8vgQ
Pride and Glory,4LgzdQ31tfH6OclVeo1Ban,Daniel Lerner,https://open.spotify.com/playlist/4LgzdQ31tfH6OclVeo1Ban
Pride 26,2lpWiPGBMA0LBKvgGoTRPF,Hector Ponce,https://open.spotify.com/playlist/2lpWiPGBMA0LBKvgGoTRPF
Pride,1W52O0HNFLnOzRZRpo1zKo,CJ Shepard,https://open.spotify.com/playlist/1W52O0HNFLnOzRZRpo1zKo
PRIDE.,0sPIS8Y5h4zzxdV0aDGDzO,Kikko Man,https://open.spotify.com/playlist/0sPIS8Y5h4zzxdV0aDGDzO
pride,4D4lpvsgIBNGaDcufAiv46,Ty.,https://open.spotify.com/playlist/4D4lpvsgIBNGaDcufAiv46
BB PRIDE 26 🌈,4Bi5S62cNKiSfP776voAM9,jaz,https://open.spotify.com/playlist/4Bi5S62cNKiSfP776voAM9
PRIDE 25,2F1uzgvJMhZJW19ULphf2c,MollDoll120,https://open.spotify.com/playlist/2F1uzgvJMhZJW19ULphf2c
Pride in the Street 2026,7pgGHmfpBSd3ukOAhEnxs8,Eddie,https://open.spotify.com/playlist/7pgGHmfpBSd3ukOAhEnxs8
Gay Hits of the 70s · Queer Pop Pride Party,2CLJKrIp21OB5UHS50GRUv,my.charts.music,https://open.spotify.com/playlist/2CLJKrIp21OB5UHS50GRUv
𝐬𝐮𝐦𝐦𝐞𝐫 𝟐𝟔’,6sN81vkV4JXmuIHCgcUjeO,fish 𓆝,https://open.spotify.com/playlist/6sN81vkV4JXmuIHCgcUjeO
PRIDE: Purple Pride ,40IsnY4OD6LTtpMVSIXgL0,Purple Disco Machine,https://open.spotify.com/playlist/40IsnY4OD6LTtpMVSIXgL0
Pride 2026,5vgpbxN5wOEii1Ypmebpzg,SEI Division,https://open.spotify.com/playlist/5vgpbxN5wOEii1Ypmebpzg
Pride ,6HPw5oMzP222nY32UvKXMJ,Marilyn Zumba,https://open.spotify.com/playlist/6HPw5oMzP222nY32UvKXMJ
Unrelenting Pride,2XEbwXor3JGOVdifHG98Vv,ImVibingNow,https://open.spotify.com/playlist/2XEbwXor3JGOVdifHG98Vv
American Pride,4fYFfbCkWnZZ792ZpvEZxA,Connor,https://open.spotify.com/playlist/4fYFfbCkWnZZ792ZpvEZxA
Pride 2026 😈 ,6YCZG8cocWanMEcmfYAFHp,Danvyse,https://open.spotify.com/playlist/6YCZG8cocWanMEcmfYAFHp
🏳️‍⚧️Trans Pride 2026🏳️‍⚧️ ,6zCrBbi7DzRE0EMyjO23du,R💿n-e,https://open.spotify.com/playlist/6zCrBbi7DzRE0EMyjO23du
san diego pride 2026,70FsbYzxKQTPm9uv9RYl4b,flynn,https://open.spotify.com/playlist/70FsbYzxKQTPm9uv9RYl4b
Jane Austen Podcast readings,3nU4vPyjpGYiJLgnxSFkUo,ChristyMB72,https://open.spotify.com/playlist/3nU4vPyjpGYiJLgnxSFkUo
that's bella,2SrNWUX26TEGWyN12bf7bx,mertt,https://open.spotify.com/playlist/2SrNWUX26TEGWyN12bf7bx
Pride,7d63QokgNvHBymDWKiFbJY,Max,https://open.spotify.com/playlist/7d63QokgNvHBymDWKiFbJY
pride,2OnFXtstB8k3p5ymOuLXny,premmy,https://open.spotify.com/playlist/2OnFXtstB8k3p5ymOuLXny
🌈PRIDE Parade '26,6qkN0h6dlCsGCspfXFTmmi,Adrian Conrad,https://open.spotify.com/playlist/6qkN0h6dlCsGCspfXFTmmi
PENSACOLA PRIDE🏳️‍🌈,2sTxkug4FtPZtrmZhERUuY,Whitney🤠,https://open.spotify.com/playlist/2sTxkug4FtPZtrmZhERUuY
Bees Pride 26 Playlist,0Jfkt7ULwbJxjhKbNgQ0pG,dlbishop85,https://open.spotify.com/playlist/0Jfkt7ULwbJxjhKbNgQ0pG
but pride’s gonna be the death of you and you and me,2X9dWnIISg4du59X6NL0J4,parzii shii,https://open.spotify.com/playlist/2X9dWnIISg4du59X6NL0J4
Rebel Pride ,4LvqlIUb09xbSIBiEiQdm8,Slatty Daddy,https://open.spotify.com/playlist/4LvqlIUb09xbSIBiEiQdm8
PINK FRIDAY GIRLS x WHIP IT - EXTENDO (Nicki Minaj),7mWXCTogeeawUjhPPcyzuv,Onika Fan Only,https://open.spotify.com/playlist/7mWXCTogeeawUjhPPcyzuv
may the force be with you 🌀👾,11hRFJn9dXm5ga2tDAxxIZ,lil wheezy,https://open.spotify.com/playlist/11hRFJn9dXm5ga2tDAxxIZ
Calm Soundtrack,34aaDbpmxIoTOuohKoBDsA,avmcdowall,https://open.spotify.com/playlist/34aaDbpmxIoTOuohKoBDsA
Pride 2000s 🌈,0hUXZhIS6GKdFyGRydbkAk,marckou,https://open.spotify.com/playlist/0hUXZhIS6GKdFyGRydbkAk
PRIDE 2025,2y8qQMwba9HrJ3G6TwdSSe,Erin Ramírez,https://open.spotify.com/playlist/2y8qQMwba9HrJ3G6TwdSSe
Pride🌈,1D6UlZEzrccXdzRs4vTu5U,fayleen03,https://open.spotify.com/playlist/1D6UlZEzrccXdzRs4vTu5U
2010s Pride Party 🌈,1liFGCPuaiK7mSccduoDkW,Frederik,https://open.spotify.com/playlist/1liFGCPuaiK7mSccduoDkW
Pride 2026 🏳️‍🌈🏳️‍⚧️,1MQThqTZdaCG2une90q867,Reed Patterson,https://open.spotify.com/playlist/1MQThqTZdaCG2une90q867
PRIDE-2026,0xXFEktdCtF8hgaiWx8qSg,Stew Jamesson,https://open.spotify.com/playlist/0xXFEktdCtF8hgaiWx8qSg
THE PRIDE ❤️ OF PRAHA,7Dyj0HMShJKaisBLG2BTJG,Zac Cable,https://open.spotify.com/playlist/7Dyj0HMShJKaisBLG2BTJG
Southern pride,0GXSrClXEiKcOxLZzjvqBA,Michael,https://open.spotify.com/playlist/0GXSrClXEiKcOxLZzjvqBA
happy pride to bi women and their boyfriends,4oKs8XQvNYSChc3DPeJWVN,Im sitting next to chloe rn,https://open.spotify.com/playlist/4oKs8XQvNYSChc3DPeJWVN
"PROUD  Dance Divas, Disco Queens&Pride Anthems!",3QOGrkaEv0iqAUWXgulzT9,Michael Denver,https://open.spotify.com/playlist/3QOGrkaEv0iqAUWXgulzT9
Country Pride,58wFAlD5AMqxvdXJ1aCSL2,FrontPorchMusic,https://open.spotify.com/playlist/58wFAlD5AMqxvdXJ1aCSL2
IDOLY PRIDE 全曲,1CBn1NtjynS1xexh467Hz4,Ryohorse,https://open.spotify.com/playlist/1CBn1NtjynS1xexh467Hz4
Norse Pride,2wlhlxeClEYG4O9fYrMrAv,Ally,https://open.spotify.com/playlist/2wlhlxeClEYG4O9fYrMrAv
Pride Hunty,6tG1JDqAzhrwh0HVN7WVF9,ddimarzio,https://open.spotify.com/playlist/6tG1JDqAzhrwh0HVN7WVF9
priDEMONth,2N0EZC8IdvPRc3tgyk3IJV,falloutfaithh,https://open.spotify.com/playlist/2N0EZC8IdvPRc3tgyk3IJV
PRIDE 2024,0dqpHRjYjdAOCoOofGlnbT,Jeffrey Maisonette,https://open.spotify.com/playlist/0dqpHRjYjdAOCoOofGlnbT
Happy pride month,4QLSlbKyjx7oWB60mko5nP,ILoveMusic,https://open.spotify.com/playlist/4QLSlbKyjx7oWB60mko5nP
white pride nigga,44rz4cFFxMECXD93EyBytA,Samuel Scheibner ;-;,https://open.spotify.com/playlist/44rz4cFFxMECXD93EyBytA
Riding Until the Wheels Fall Off🥀,2qBXB2sVQ8X4l5ITGu7UUG,"₵Ɇ₴₳ⱤVłłł, ɆⱠ ₵ØɄ₲₳Ɽ",https://open.spotify.com/playlist/2qBXB2sVQ8X4l5ITGu7UUG
My Favs☀️,2fOPdKo0vCx1k5kE5Pulco,GLSaint☀️🎀,https://open.spotify.com/playlist/2fOPdKo0vCx1k5kE5Pulco
Pride,0at4zDF0UWRjVBAv4yto40,The Duck,https://open.spotify.com/playlist/0at4zDF0UWRjVBAv4yto40
pride gay music,4MJ6WmmeYjyey9vMLc2IvL,Penel :),https://open.spotify.com/playlist/4MJ6WmmeYjyey9vMLc2IvL
Pride 2026,46AIM6IX9KfIFaAcCUVh8S,Rory Ché-Marc Wallace,https://open.spotify.com/playlist/46AIM6IX9KfIFaAcCUVh8S
American Pride!!,3VU1rsPV0xPLtsexMBGa28,Shawn Reynolds,https://open.spotify.com/playlist/3VU1rsPV0xPLtsexMBGa28
American Pride,7uqTLy7rzcZChnLdvvtP1w,Chris Gohl,https://open.spotify.com/playlist/7uqTLy7rzcZChnLdvvtP1w
★†~Flameboyent Music~†★,4jStkRH3BYRYP3L7r5A8ks,‡Ω†FLARE†Ω‡,https://open.spotify.com/playlist/4jStkRH3BYRYP3L7r5A8ks
Nuudl's Cupboard,1pMHKrum20cFhQdtgTMGdS,Wormieee,https://open.spotify.com/playlist/1pMHKrum20cFhQdtgTMGdS
Houseparty/EDM,1SmsTLlBXPDLjGVODGgjrv,Alexshamiryan,https://open.spotify.com/playlist/1SmsTLlBXPDLjGVODGgjrv
MIAMI MUSIC SPECTRUM,1lvQRlWwS4gZCVQqjnxY6w,HAMMOCK LIVE,https://open.spotify.com/playlist/1lvQRlWwS4gZCVQqjnxY6w
PRIDE.,6l9qIxIraUPYGMgabS5I5Q,Carlos,https://open.spotify.com/playlist/6l9qIxIraUPYGMgabS5I5Q
Vanya pride🤏🏻,0ULu6JDDYoLV9wHohZutJI,Vanya Listiyani,https://open.spotify.com/playlist/0ULu6JDDYoLV9wHohZutJI
Portland Pride ‘26,1Rj8NubpQTFMa9AJjC4GMj,Jai Baby,https://open.spotify.com/playlist/1Rj8NubpQTFMa9AJjC4GMj
Pinoy Pride,6Xz2YuBhi8zXBPYpqESUxd,Acornius Love,https://open.spotify.com/playlist/6Xz2YuBhi8zXBPYpqESUxd
Pride summer,49ueKs6P2fw5z0VePgCSl8,di3go,https://open.spotify.com/playlist/49ueKs6P2fw5z0VePgCSl8
texas pride and classics,1WgVpXOeK6dOElAHSbni9y,Adam Saucedo Jr,https://open.spotify.com/playlist/1WgVpXOeK6dOElAHSbni9y
American Pride ,1hKEZuCx9hvhQwxfhkQibs,Xavier,https://open.spotify.com/playlist/1hKEZuCx9hvhQwxfhkQibs
Gay Boys 🌀Pride ♋️🌈,2sFCWAocozrFFCNWGEYBXX,Teagan James,https://open.spotify.com/playlist/2sFCWAocozrFFCNWGEYBXX
Sid’s Summer Faves for Pride!!,1hGlSbmb9RxpHVnhoHxEMG,Sidney,https://open.spotify.com/playlist/1hGlSbmb9RxpHVnhoHxEMG
pride warmup🥳,4qHqhgwTRlW6PsWXTX9Zak,davieskira1,https://open.spotify.com/playlist/4qHqhgwTRlW6PsWXTX9Zak
Pride 21 ,5658lFydoA3Mk6MEYBtSsa,Hector Ramirez jr,https://open.spotify.com/playlist/5658lFydoA3Mk6MEYBtSsa
You Are My Pride And Joy,0nReBVOoCXn6OXQBnlNp7q,Carltono,https://open.spotify.com/playlist/0nReBVOoCXn6OXQBnlNp7q
1307 PRIDEEEEE,0OQy2M7oTyeZl9JAN9Uwwb,bryguy,https://open.spotify.com/playlist/0OQy2M7oTyeZl9JAN9Uwwb
My Gay Pride,0R0hgT8rZ4IVz5ZsGs8tol,hooper.jesse,https://open.spotify.com/playlist/0R0hgT8rZ4IVz5ZsGs8tol
Pride,5Csz6ktdUUlLc9IarWwPRD,JoeC,https://open.spotify.com/playlist/5Csz6ktdUUlLc9IarWwPRD
People's Pride,6qhkj8kEk5YzVDOLOpYgNR,Michael DiMeo-Bartic,https://open.spotify.com/playlist/6qhkj8kEk5YzVDOLOpYgNR
Charlie Pride &  Friends,5GY2F5gOW64xpNilRKNV2i,John Major,https://open.spotify.com/playlist/5GY2F5gOW64xpNilRKNV2i
sickness of poachers pride,7lfPcNWZmkXnxw4Au4DxCw,liana,https://open.spotify.com/playlist/7lfPcNWZmkXnxw4Au4DxCw
i’ve gotta gay,6Pitb0UsSVwwqZTXzkOKzM,gabs ✪,https://open.spotify.com/playlist/6Pitb0UsSVwwqZTXzkOKzM
Pride Latino: Orgullo Latino LGBTIQ+ 2025,1CYMyOJZu5Rn7p1iAtXvTf,Somos Filtr,https://open.spotify.com/playlist/1CYMyOJZu5Rn7p1iAtXvTf
PRIDE,1iV0K2b2DQv28dIOM1RcIz,DaunteAnderson,https://open.spotify.com/playlist/1iV0K2b2DQv28dIOM1RcIz
Pride,1UDs75FaP6GmMIoiuB20Zj,Jim D'Amico,https://open.spotify.com/playlist/1UDs75FaP6GmMIoiuB20Zj
American Pride,12XGlft7gN7NYGBPjFR0Cw,Josh,https://open.spotify.com/playlist/12XGlft7gN7NYGBPjFR0Cw
chrinny x pride,2lGa7E0uhOxMiFPTBRCQ71,ellakhorov,https://open.spotify.com/playlist/2lGa7E0uhOxMiFPTBRCQ71
💋Pride Month🌈,4jfCt4OTwpOI81O17fgS8T,aud-ible,https://open.spotify.com/playlist/4jfCt4OTwpOI81O17fgS8T
Pride 2026,2ScwwnSwgYxQLv7GxhtlxT,Kristyn Mckee,https://open.spotify.com/playlist/2ScwwnSwgYxQLv7GxhtlxT
Southern Pride,3dXCFR8Qpa31lbK2KImlIy,BABA,https://open.spotify.com/playlist/3dXCFR8Qpa31lbK2KImlIy
Chapter IX: The Descent,4JxXahAlNbuvuLvULW84ia,HelpMe,https://open.spotify.com/playlist/4JxXahAlNbuvuLvULW84ia
summer 26,6Y0J0ag5L8gx4uDxo75X1R,tessvoc,https://open.spotify.com/playlist/6Y0J0ag5L8gx4uDxo75X1R
PRIDE,4LgoHEtiTYzzsHyp8ONydC,Kiye,https://open.spotify.com/playlist/4LgoHEtiTYzzsHyp8ONydC
Pride en Español 🏳️‍🌈🦄👽,1ql1lHYW1L04DOyK0Zzm3F,José Luis Alvarez Sánchez,https://open.spotify.com/playlist/1ql1lHYW1L04DOyK0Zzm3F
Pride Party for Kids! 🏳️‍🌈,33cgnEk0QBgmjFd88qXY74,Chloe,https://open.spotify.com/playlist/33cgnEk0QBgmjFd88qXY74
Pride,4ZLd1GrVjPpN8CIXc4R8Ji,Jab Jay,https://open.spotify.com/playlist/4ZLd1GrVjPpN8CIXc4R8Ji
pride pregame 6/26,5rV6qMUd4o2Tj1DCmngEF9,Sarah Engedal,https://open.spotify.com/playlist/5rV6qMUd4o2Tj1DCmngEF9
Pride to the Side,5U9ejNuXcQ5fvMuoFta3Gd,Jeanette Gege Gutierrez,https://open.spotify.com/playlist/5U9ejNuXcQ5fvMuoFta3Gd
Pride Party 2026 🌈,2nEChHDPSpsjeBqUYrKDuz,Rosemary Poirier,https://open.spotify.com/playlist/2nEChHDPSpsjeBqUYrKDuz
Chase The Rainbow Katy Pride 5K,3zS0QHT77KDugBqULxQZVk,SaintlyReverend,https://open.spotify.com/playlist/3zS0QHT77KDugBqULxQZVk
" ⊹˚₊ ☺︎ defy pride, laugh ☺︎ ₊˚⊹",4P2H6HfsjOMjDTBPU1I0Mr,Jenna Holdman,https://open.spotify.com/playlist/4P2H6HfsjOMjDTBPU1I0Mr
Country,7B0E7xzSgcg3DBmdxpouqG,Person,https://open.spotify.com/playlist/7B0E7xzSgcg3DBmdxpouqG
Pride,57qQzu3RWx7hEViQRZZRVl,dreadknighted,https://open.spotify.com/playlist/57qQzu3RWx7hEViQRZZRVl
Pride ‘26,7oBCIBhd5wdV3laRi98Xjz,Christopher Farnetti,https://open.spotify.com/playlist/7oBCIBhd5wdV3laRi98Xjz
Soundtrack - Pride and Prejudice,1jA0ssLakQy5MvDVWvLJF0,YLinh,https://open.spotify.com/playlist/1jA0ssLakQy5MvDVWvLJF0
PRIDELESS,142AecS28WXBpi3dSBxE91,Gonek4,https://open.spotify.com/playlist/142AecS28WXBpi3dSBxE91
Risk It All kwn,7A4CvrS25Lpe7CRjghOHLu,William,https://open.spotify.com/playlist/7A4CvrS25Lpe7CRjghOHLu
Vers Albuquerque NM Pride Parade Mix,6Ae1F38uLp1reP16sWgRLy,Kevin Storz,https://open.spotify.com/playlist/6Ae1F38uLp1reP16sWgRLy
Disability Pride Month,0Bne4k2kWKOorWjf34HlXx,Corrine Norris,https://open.spotify.com/playlist/0Bne4k2kWKOorWjf34HlXx
Deep Smooth Jazz,7cX9G8NgcQlMt3eBLOwVvl,Jeff Shelby,https://open.spotify.com/playlist/7cX9G8NgcQlMt3eBLOwVvl
P.R.U.,0DVM8J07NSs9kLQTKQcQvC,kingiam01,https://open.spotify.com/playlist/0DVM8J07NSs9kLQTKQcQvC
BSIIIII👁️‍🗨️,39N4g1VWidmTWCVOLaWt4G,bsi,https://open.spotify.com/playlist/39N4g1VWidmTWCVOLaWt4G
White Pride,3b88T68BfLDtnXrpCfM3DL,Veylor,https://open.spotify.com/playlist/3b88T68BfLDtnXrpCfM3DL
Pride,3rbWIo0MKnbVzFLLbMeTzo,Kainui,https://open.spotify.com/playlist/3rbWIo0MKnbVzFLLbMeTzo
Pride,1UeufcLMiHyEfuXO2vPEwR,marissadijoy,https://open.spotify.com/playlist/1UeufcLMiHyEfuXO2vPEwR
viet pride,6MXUMSjC5dLQRppdCCgMO2,Mary Doan,https://open.spotify.com/playlist/6MXUMSjC5dLQRppdCCgMO2
Pride,4HR8vlR7sYo1yQivpPO9Nr,Ozymandias,https://open.spotify.com/playlist/4HR8vlR7sYo1yQivpPO9Nr
Pride 🏳️‍🌈🏳️‍⚧️,0KxSJV2hejkesp44I8SOm2,PerrieRose,https://open.spotify.com/playlist/0KxSJV2hejkesp44I8SOm2
SD Pride 2026,1pt3K13SzqZ5uyUGwR08kJ,alexxxnggg,https://open.spotify.com/playlist/1pt3K13SzqZ5uyUGwR08kJ
My Pride🙏🏾😌,24bmNGhYHp9kQ5WLtr45H7,Jay,https://open.spotify.com/playlist/24bmNGhYHp9kQ5WLtr45H7
Gay Pride SD 26’,5JU2qupIBxdhK0JTSI5dIM,Dr. Adrian Calderon,https://open.spotify.com/playlist/5JU2qupIBxdhK0JTSI5dIM
Robert Garcia's Pride Playlist 2026,5E5yCt5jxl2ZD5pUfoF6TW,Congressman Robert Garcia,https://open.spotify.com/playlist/5E5yCt5jxl2ZD5pUfoF6TW
PRIDE 2026 🏳️‍🌈,16JBXcmoqfe1ctAEhA1tB5,Michelle Diane,https://open.spotify.com/playlist/16JBXcmoqfe1ctAEhA1tB5
With Pride,3UAnNdnwjeEiOogLnRoyqv,Yomi,https://open.spotify.com/playlist/3UAnNdnwjeEiOogLnRoyqv
pride and joy,4UM0DUZgeTOK9BWKKFQelF,Erin Hoey,https://open.spotify.com/playlist/4UM0DUZgeTOK9BWKKFQelF
DTF Pride Parade 2026,2PC9q8Jhc4V5dCwzdWOtv2,Kurt Markowski,https://open.spotify.com/playlist/2PC9q8Jhc4V5dCwzdWOtv2
Replay Pop Pride 8hr,4QgiTwmmJ9QAJhawoAAEcD,replaychicago,https://open.spotify.com/playlist/4QgiTwmmJ9QAJhawoAAEcD
ᰔᩚෆ❦,36RWBqkbnucKbNArKNwEu7,𝓥𝓲𝓷𝓬𝓮𝓷𝓽(𝓶𝓮),https://open.spotify.com/playlist/36RWBqkbnucKbNArKNwEu7
Kid Rock Super Bowl Hijack ,1fuUgPRjytihwaJzVTmsat,Jack Sprig Productions,https://open.spotify.com/playlist/1fuUgPRjytihwaJzVTmsat
◇Therian♤Playlist♧,7ePiiFE0eDkjiuJTAotMic,𝓝𝓸𝓷 𝓫𝓲𝓷𝓪𝓻𝔂 𝓭𝓲𝓪𝓻𝔂.,https://open.spotify.com/playlist/7ePiiFE0eDkjiuJTAotMic
nadzballz ,5IhPyBhjWTIOtPthdoFTMe,nadia torres,https://open.spotify.com/playlist/5IhPyBhjWTIOtPthdoFTMe
peak+,0KpD931RqyeGmDY2xMWWdX,noahsass,https://open.spotify.com/playlist/0KpD931RqyeGmDY2xMWWdX
Pride shit,0sldIv07EWwEfUURdAfg2J,amelia,https://open.spotify.com/playlist/0sldIv07EWwEfUURdAfg2J
PRIDE Party Radio Thumbs Up,79FFrtWAAmzGA9TMUDkOEQ,classicsboy-15,https://open.spotify.com/playlist/79FFrtWAAmzGA9TMUDkOEQ
Islander Pride,5BQ0pkI4ejGfbN8tfrHbm8,saber006,https://open.spotify.com/playlist/5BQ0pkI4ejGfbN8tfrHbm8
pride month,6vkeole05e3GPcHq3hkzS2,temu bieber,https://open.spotify.com/playlist/6vkeole05e3GPcHq3hkzS2
Pride or Die,16CGlELkQ4POJQOyCJQMTQ,Amelia Walker,https://open.spotify.com/playlist/16CGlELkQ4POJQOyCJQMTQ
Lust-Pride-Greed,0kzNlDb0w9cSsPyQhmJJ8u,Amy,https://open.spotify.com/playlist/0kzNlDb0w9cSsPyQhmJJ8u
Pride and Prejudice (for Alexa),0wufylAFjXiyfLlXKLN0OX,bernards-us,https://open.spotify.com/playlist/0wufylAFjXiyfLlXKLN0OX
Pride Oldies,3xblGMDHijCNA1WtwgAepX,Sam,https://open.spotify.com/playlist/3xblGMDHijCNA1WtwgAepX
Vallarta Pride 2026,7mxpIImBITQvDukHM6uv0m,Joseph Collins,https://open.spotify.com/playlist/7mxpIImBITQvDukHM6uv0m
🏳️‍🌈*Pride*🏳️‍⚧️,5jXDq85piTpcMFsoi6RHAW,Ethan🐸,https://open.spotify.com/playlist/5jXDq85piTpcMFsoi6RHAW
Summer pride ,43YyJ0pwY1n3nh1pr2uMMd,Juliouzb,https://open.spotify.com/playlist/43YyJ0pwY1n3nh1pr2uMMd
Pride n joy 💫🪐🎧,5IR3nC51iVlN8fKYOqp0fG,Lylah,https://open.spotify.com/playlist/5IR3nC51iVlN8fKYOqp0fG
Prides ,0lIx0VLQBBJIqLyfKMQJLh,Oscar,https://open.spotify.com/playlist/0lIx0VLQBBJIqLyfKMQJLh
Filipino Pride ,1KSQC8dxp9qMG9VAtcRxTl,Lanceaballer30,https://open.spotify.com/playlist/1KSQC8dxp9qMG9VAtcRxTl
Zakk Wylde / Pride & Glory,4Z52fZlA87itW9cuRjPfGg,Matheus Felipe Packer,https://open.spotify.com/playlist/4Z52fZlA87itW9cuRjPfGg
Sweet Southern Pride,7DLEJvdRVlIvcQpNkKnVvd,srwhitlow8402,https://open.spotify.com/playlist/7DLEJvdRVlIvcQpNkKnVvd
BECOMING GOD ,6yI8PxUZAc5XzoKxDDce4k,Never,https://open.spotify.com/playlist/6yI8PxUZAc5XzoKxDDce4k
Straight White Male Pride,07wGms7LIR8lYv7k2xo3iT,Owne,https://open.spotify.com/playlist/07wGms7LIR8lYv7k2xo3iT
Yee haw I guess?,3BjNstoTuhhAtP53FzKlLE,dis_lexia,https://open.spotify.com/playlist/3BjNstoTuhhAtP53FzKlLE
SUMMER 26,27U0QHlLe4Y54Z946oO5I6,ezrahh,https://open.spotify.com/playlist/27U0QHlLe4Y54Z946oO5I6
Julie Andrews - Pride and prejudice ❤️,2jfNsT4VqeQ2jCibmF1ZLw,Lightalexis,https://open.spotify.com/playlist/2jfNsT4VqeQ2jCibmF1ZLw
VIBES 4 PRIDE,1ZfFyTRjBj4KR4HRDufEJx,Luz Daniela,https://open.spotify.com/playlist/1ZfFyTRjBj4KR4HRDufEJx
pride 2026💖,6qlKs4f8atyXcDQhhEdEzD,Alexa Pratt,https://open.spotify.com/playlist/6qlKs4f8atyXcDQhhEdEzD
The Pride,5J7gEjv9HWg8wxcmOkQm8z,Avi swartman,https://open.spotify.com/playlist/5J7gEjv9HWg8wxcmOkQm8z
Mikhail pride,7tHXcrygy2HuGXTVnnA3Ti,Culver City,https://open.spotify.com/playlist/7tHXcrygy2HuGXTVnnA3Ti
happy pride,4dHgwex1o0JtigS6mtNcbL,Hannah Ostfield,https://open.spotify.com/playlist/4dHgwex1o0JtigS6mtNcbL
Texas Pride,1MfNkGMLNa1UfIln9GxEOS,tbranchfairly,https://open.spotify.com/playlist/1MfNkGMLNa1UfIln9GxEOS
RUSAME !!,7dPVtstvpwuQ3Va6TJ4z7p,jaxx    (˶ᵔ ᵕ ᵔ˶),https://open.spotify.com/playlist/7dPVtstvpwuQ3Va6TJ4z7p
girls in hyperpop elctropop,5x6U1FN8nqoomDCECBZP1v,Celianna <3,https://open.spotify.com/playlist/5x6U1FN8nqoomDCECBZP1v
emo best; the culture,0h6sBCTcYOCtXV7XKFOZ86,Cara 🌇,https://open.spotify.com/playlist/0h6sBCTcYOCtXV7XKFOZ86
Pride,5ZUeHt4ynLZKoJC3BPq3lT,Brian Meyers,https://open.spotify.com/playlist/5ZUeHt4ynLZKoJC3BPq3lT
The Lion King 2: Simba’s Pride soundtrack,2tjrv6d4ZsM4Kq9zizat18,Adler.crutchfield,https://open.spotify.com/playlist/2tjrv6d4ZsM4Kq9zizat18
PLANT PRIDE 2026,5AdyN3TfnKmtNzKKUk6VN9,Jenna,https://open.spotify.com/playlist/5AdyN3TfnKmtNzKKUk6VN9
gay pride freaky pp wiener and penis,1V9UZE7jDkWMzssl6cQXB9,hhh,https://open.spotify.com/playlist/1V9UZE7jDkWMzssl6cQXB9
wp pride 2026🌈,0rd7duNzoMqFMDjG5eP7hw,Hannah Sollie,https://open.spotify.com/playlist/0rd7duNzoMqFMDjG5eP7hw
Passion Pride Music Glory   ,25zuR9kZlDdELJ1p534nIV,devin,https://open.spotify.com/playlist/25zuR9kZlDdELJ1p534nIV
draytonsigma ultimate 2026 mix,7aZvY1ppVsSMeUWKD4kQDz,dj killer keemstar,https://open.spotify.com/playlist/7aZvY1ppVsSMeUWKD4kQDz
󠁪,6GCCsMXEbyvGr3XYg7bW0b,jae ౨ৎ,https://open.spotify.com/playlist/6GCCsMXEbyvGr3XYg7bW0b
Ear munchies ,6wlHPQ6Ev6VfORIjSRo0Bg,Noelle Drouin,https://open.spotify.com/playlist/6wlHPQ6Ev6VfORIjSRo0Bg
transitioning,55xl2UF6Ho1lypRpAu1oxE,kat,https://open.spotify.com/playlist/55xl2UF6Ho1lypRpAu1oxE
Pride and prejudice ,0yRPrjTHdQsRjdDpmfrieo,holm_lisbeth,https://open.spotify.com/playlist/0yRPrjTHdQsRjdDpmfrieo
pride,4IFZyyPS0lhSXNkUUCcOcp,ykriplani20,https://open.spotify.com/playlist/4IFZyyPS0lhSXNkUUCcOcp
Gay Party Tel Aviv 🏳️‍🌈 | Pride 2026,3FScoKsax8JnW3Oeo0j2MC,Code Red Records,https://open.spotify.com/playlist/3FScoKsax8JnW3Oeo0j2MC
Pride2026 Gym,2a36x2pyqFKY9mTP67JpZ0,Ryan Joseph,https://open.spotify.com/playlist/2a36x2pyqFKY9mTP67JpZ0
Till the Pride Lands End,7xlL3EmlDTy1sbNjQhtb0N,CK,https://open.spotify.com/playlist/7xlL3EmlDTy1sbNjQhtb0N
Puerto Rican Pride    🇵🇷     (Orgullo Puertorriqueño),48rmcZqO6b1yKiS9EKaiDx,MyriamR_75,https://open.spotify.com/playlist/48rmcZqO6b1yKiS9EKaiDx
the crown vibes,0dMlPdabUyTWiRRkT6nko4,sheyourbae,https://open.spotify.com/playlist/0dMlPdabUyTWiRRkT6nko4
TRIBAL HOUSE 2026🏳️‍🌈,0339uGk2iMNP1ESsJnCNi4,Jr Loppez,https://open.spotify.com/playlist/0339uGk2iMNP1ESsJnCNi4
TRIBAL #2026 New Brazil🇧🇷,51edmNZYqTVmtXCndfQgdz,MARLLOS,https://open.spotify.com/playlist/51edmNZYqTVmtXCndfQgdz
🎧,7teT2qelWQnA1GsNz0FFrx,koot,https://open.spotify.com/playlist/7teT2qelWQnA1GsNz0FFrx
pride,530b3B9N1LY2wFzUwOH0lO,Just Dom,https://open.spotify.com/playlist/530b3B9N1LY2wFzUwOH0lO
Pride,5ayCLHEynupAVzLixuZIi5,Luke Hummelgard,https://open.spotify.com/playlist/5ayCLHEynupAVzLixuZIi5
Latino Pride 🇲🇽,4bgwQ8noyKPnYrZanMC7AZ,Grizzly Bear,https://open.spotify.com/playlist/4bgwQ8noyKPnYrZanMC7AZ
Pride Playlist,5RI5iVYMiZhA6CLvqjA4G9,tori,https://open.spotify.com/playlist/5RI5iVYMiZhA6CLvqjA4G9
Pride Rooftop 2026,2x6FrKLV2nSa3DvWSQFFvI,Ryan Nistler,https://open.spotify.com/playlist/2x6FrKLV2nSa3DvWSQFFvI
Pride Month LGBT Mix,0myFW90cFLHDgdO7hGxUP1,R Boyes,https://open.spotify.com/playlist/0myFW90cFLHDgdO7hGxUP1
Pride Party Collab,4tslPyUmPq61Oo0kVU0mvX,getcurious,https://open.spotify.com/playlist/4tslPyUmPq61Oo0kVU0mvX
-▴꙳๑weird pride kid๑꙳▴-,63nqCFBqkWceMKlWWeCsIJ,★⃟ིྀDream x George fan★ིྀ⃟,https://open.spotify.com/playlist/63nqCFBqkWceMKlWWeCsIJ
pride party 🌈,13oX1I8Uaf7vLcYYIkP3oq,Isela Rivas,https://open.spotify.com/playlist/13oX1I8Uaf7vLcYYIkP3oq
queer musicians!!!,1pUN3gsatUKwUD13BenaM8,zarasmixtapes,https://open.spotify.com/playlist/1pUN3gsatUKwUD13BenaM8
pride month,4ItSbikQDLDyG9ARPrPdsx,pepperoni,https://open.spotify.com/playlist/4ItSbikQDLDyG9ARPrPdsx
PRIDE 2026 ❤️🧡💛💚🩵💜🩷🤎🖤,6XlI53wwLpOMybeg6ZXsNs,EmBurke92,https://open.spotify.com/playlist/6XlI53wwLpOMybeg6ZXsNs
My life and pride ,2ntFVD0BzMLhbs0P73DoRB,KARUU 🤤,https://open.spotify.com/playlist/2ntFVD0BzMLhbs0P73DoRB
Gay Pride 2026,3E6diKDyXr4fnK0e1CakAn,Nick Pachinger,https://open.spotify.com/playlist/3E6diKDyXr4fnK0e1CakAn
Pride 5k 2019/Lifting,2fgazQSJF1wtOwetLABSfj,joncurtis,https://open.spotify.com/playlist/2fgazQSJF1wtOwetLABSfj
The Seven Deadly Sins: Pride,55umvRWnRgoU1G2DARzZ6m,Ryan Easterling,https://open.spotify.com/playlist/55umvRWnRgoU1G2DARzZ6m
"When It Comes To You Fridayy Oh-oh-oh, I won't waste your time I won't waste my time when it comes t",2g4vF5wDJdWA0mYVW364qC,Stidlmusic United States,https://open.spotify.com/playlist/2g4vF5wDJdWA0mYVW364qC
12 pack tunes 🍻🎸,2LwkaW3RmVxvfJegLE68V1,dilanasousa,https://open.spotify.com/playlist/2LwkaW3RmVxvfJegLE68V1
My pain is self chosen,4uEOkYumBI33jtUBfQVXZD,Ally,https://open.spotify.com/playlist/4uEOkYumBI33jtUBfQVXZD
PRIDE CELEBRATION + RAGE,34R7aLyJZFSPCvtz5dt3eq,Rhy Rhy,https://open.spotify.com/playlist/34R7aLyJZFSPCvtz5dt3eq
Brown pride,0dzGdC3Hz5LO1rzhhNm4Pe,MaskedMan0197,https://open.spotify.com/playlist/0dzGdC3Hz5LO1rzhhNm4Pe
pride is OVER ,0Xb0EwMoFetRWtsyYnsPfx,syd,https://open.spotify.com/playlist/0Xb0EwMoFetRWtsyYnsPfx
PRIDE 2026 :3,6nbaYRwo7X6HyhnyTJX81k,Alvaro Perez,https://open.spotify.com/playlist/6nbaYRwo7X6HyhnyTJX81k
Pride II ,2g6dVWsTCeONFA7IyB2yZ7,🕊,https://open.spotify.com/playlist/2g6dVWsTCeONFA7IyB2yZ7
Faxrioy the prideful moon,6MLU7jxUlIOmAL9thrsMlg,Rainmaker,https://open.spotify.com/playlist/6MLU7jxUlIOmAL9thrsMlg
my pride & joy,2IN9JHfPWYfoIPh8TrhzVs,anniemarkowitz,https://open.spotify.com/playlist/2IN9JHfPWYfoIPh8TrhzVs
 🌈 💁 YAS QUEEN 💅 🌈,3CJaypVSDgsZsKwdGXg6dJ,Josh Howton,https://open.spotify.com/playlist/3CJaypVSDgsZsKwdGXg6dJ
spring in the english countryside,1vtfHNiUOulxMlYURfYZGd,🎸parker🎧,https://open.spotify.com/playlist/1vtfHNiUOulxMlYURfYZGd
My Crazy/Dark Bangers,55jd6VZEcR4UreXAgtsaI3,Torresedgar,https://open.spotify.com/playlist/55jd6VZEcR4UreXAgtsaI3
Latino pride,4zD6tirGBOwpwVzpRPI8hC,Zabdiel,https://open.spotify.com/playlist/4zD6tirGBOwpwVzpRPI8hC
My pride,1GNb8uGR4sxxODiw9UPD5p,Carol Talbert,https://open.spotify.com/playlist/1GNb8uGR4sxxODiw9UPD5p
my pride and joy,0fw1k9sO02ikFK2sjtA0UL,aliciaaa,https://open.spotify.com/playlist/0fw1k9sO02ikFK2sjtA0UL
Countdown to pats 2026-2027 nfl season kickoff banner night! Rainbow gay pride get high drugs up!,15BbSDGlsSrdoBRA3rNepU,jtkb24,https://open.spotify.com/playlist/15BbSDGlsSrdoBRA3rNepU
"Redbone Childish Gambino Daylight I wake up feeling like you won't play right I used to know, but no",1IS5kLJKKRohqz7Q4Eaj1r,Stidlmusic United States,https://open.spotify.com/playlist/1IS5kLJKKRohqz7Q4Eaj1r
101000110,5JgTfbNMBnlYSk7s3FfCI9,Sol,https://open.spotify.com/playlist/5JgTfbNMBnlYSk7s3FfCI9
kwk web dev camp - house b!! 🌟,3s2aK4KAeFEpAbumqDy76T,sarada 💫,https://open.spotify.com/playlist/3s2aK4KAeFEpAbumqDy76T
be gay! do crime! shake ass! rage! fuck!,57DNV6vtNTqHFSy2I6zxKL,jaidynvalvarez,https://open.spotify.com/playlist/57DNV6vtNTqHFSy2I6zxKL
PRIDE.,0rGwSzRqvS16ZbhNbaAmWI,Jaml.greeney,https://open.spotify.com/playlist/0rGwSzRqvS16ZbhNbaAmWI
my pride and joy,0CSJWbXFfiPUZjvdCTDvSd,Mikey,https://open.spotify.com/playlist/0CSJWbXFfiPUZjvdCTDvSd
Pride,79ExxfWcETiAUxhYLFrepH,Bbash2,https://open.spotify.com/playlist/79ExxfWcETiAUxhYLFrepH
CHIÑAS Pride & Crunch,4vvgVhZJjt6ZXQxg2VitxX,Rick Abdula,https://open.spotify.com/playlist/4vvgVhZJjt6ZXQxg2VitxX
"""my lungs are fried"" ... ""your mom's at pride?""",2jXVYwQlLPV4OF6aZJzPp1,Alesi,https://open.spotify.com/playlist/2jXVYwQlLPV4OF6aZJzPp1
Get on your knees for me,0N3ZE2EpeM4nGNj5jpH1Bs,Apollo,https://open.spotify.com/playlist/0N3ZE2EpeM4nGNj5jpH1Bs
Main playlist ,330dzZ2FcjesLuP0BvQGlX,ZOËË ⭐️,https://open.spotify.com/playlist/330dzZ2FcjesLuP0BvQGlX
Pride,3vtvNvq6IpjjDqtgOiEBLo,UltimaRen,https://open.spotify.com/playlist/3vtvNvq6IpjjDqtgOiEBLo
Pride,6sZpPj6fbWZCWyIOPbgYLx,GothicRileyMinx,https://open.spotify.com/playlist/6sZpPj6fbWZCWyIOPbgYLx
Pride month❤️🤍💙,355GY0y8N52TRp5o71gKlE,Cea♡,https://open.spotify.com/playlist/355GY0y8N52TRp5o71gKlE
"Pride: Dance, Lift, Repeat. ",5G3Erk39NdPseyd2B6fTM4,Nic Alvarez 23,https://open.spotify.com/playlist/5G3Erk39NdPseyd2B6fTM4
Blue Collar Pride,0rWoiz8SZzJQJxwWg0niZX,fire@231@ems,https://open.spotify.com/playlist/0rWoiz8SZzJQJxwWg0niZX
Mama's pride and joy,5YAp94zqX2to7q1TY5Q0JS,bluelightning41,https://open.spotify.com/playlist/5YAp94zqX2to7q1TY5Q0JS
Pride 2017!,1yEvCmErfY0dx9PruAX6CX,Jaime Husmillo,https://open.spotify.com/playlist/1yEvCmErfY0dx9PruAX6CX
PCUG Sexy Bitch Pridefest Playlist,2vlqfiy2CTMmXQr75tyG2R,Shannonigans McBride Mahan,https://open.spotify.com/playlist/2vlqfiy2CTMmXQr75tyG2R
be who you are for your pridee🏳️‍🌈🏳️‍🌈,0oeWqOt3DxcQud3c6lWdYG,♓ sienna ♓,https://open.spotify.com/playlist/0oeWqOt3DxcQud3c6lWdYG
Pride,60qX5pfBSJuup3zggCIFmU,Sole survivor,https://open.spotify.com/playlist/60qX5pfBSJuup3zggCIFmU
Pride🏳️‍🌈,7pMuGrgyp8RzAi8cP6c1Ml,Yarien,https://open.spotify.com/playlist/7pMuGrgyp8RzAi8cP6c1Ml
Pride Mix,5aUop8GH0oPjVc0ekwBHsp,Joseph Bartolome,https://open.spotify.com/playlist/5aUop8GH0oPjVc0ekwBHsp
Pride Trip List,4Cc12crm6Wu4ggCS1Eg2VJ,Bweeds,https://open.spotify.com/playlist/4Cc12crm6Wu4ggCS1Eg2VJ
pride 🥊,3V2qCjdKwPprvZYDOyKwnE,nate,https://open.spotify.com/playlist/3V2qCjdKwPprvZYDOyKwnE
pride month ig,5gvAq70V6ZasdW5BV8krH9,lena j,https://open.spotify.com/playlist/5gvAq70V6ZasdW5BV8krH9
happy pride !,2tS9Qs8TMvV6eBaru9Y7CB,Tilly :3,https://open.spotify.com/playlist/2tS9Qs8TMvV6eBaru9Y7CB
My pride and joy,11zNnlvVnVW8K1KAlZfigT,Auden,https://open.spotify.com/playlist/11zNnlvVnVW8K1KAlZfigT
Nam Ae Saini Te Sarthali Shehar,3KtmxqlDDV191IcNGWX17Z,Ansh,https://open.spotify.com/playlist/3KtmxqlDDV191IcNGWX17Z
Nothing to see here,1obAdr7R11ptFUZCIwCcpz,🪐 Crêpe🪐,https://open.spotify.com/playlist/1obAdr7R11ptFUZCIwCcpz
Pride and Prejudice - The Sleepy Bookshelf,71Q4Mbxw4FFUFGKc7Gk3K7,Rae Kruithof,https://open.spotify.com/playlist/71Q4Mbxw4FFUFGKc7Gk3K7
Pride,3LuoBBSQdMpVl1hOeKM72U,Henyoku,https://open.spotify.com/playlist/3LuoBBSQdMpVl1hOeKM72U
african pride ,3DXduD9UxUUVyJB8jSeaar,t o l a 🫧,https://open.spotify.com/playlist/3DXduD9UxUUVyJB8jSeaar
Pride Shit 26,6shVcrkvwkiepfXuiLTgEl,Tracy,https://open.spotify.com/playlist/6shVcrkvwkiepfXuiLTgEl
CCQC Pride,39OD1b18pzH3g1YTkKYG3f,natodonnell-us,https://open.spotify.com/playlist/39OD1b18pzH3g1YTkKYG3f
Pride/positivity,42HNIihnnvnFEdGb2BTdqb,Pat Mitzel,https://open.spotify.com/playlist/42HNIihnnvnFEdGb2BTdqb
updown pride nighttime mix,1bVRsdenFsh8p0TKGBKBQ6,✨ matty ✨,https://open.spotify.com/playlist/1bVRsdenFsh8p0TKGBKBQ6
Sin of Pride,5NbDLVKaXK7jzepyDXuHmb,NnLis,https://open.spotify.com/playlist/5NbDLVKaXK7jzepyDXuHmb
Country Pride 🏳️‍🌈 ,53KiShj6PjedPEJbTuffFB,yeliahailey,https://open.spotify.com/playlist/53KiShj6PjedPEJbTuffFB
PRIDE,4GGVfSoH1J4DOiKRmV1vj3,Noah,https://open.spotify.com/playlist/4GGVfSoH1J4DOiKRmV1vj3
korean pride,54OXkOP7dCUXFgtw3AmA7m,jenny yaejin lee,https://open.spotify.com/playlist/54OXkOP7dCUXFgtw3AmA7m
Tropical Pride,2nFXZ2qxInt2QYOAY7LdPb,Allison Haley,https://open.spotify.com/playlist/2nFXZ2qxInt2QYOAY7LdPb
Pride Pool Party 2026,1X8dlIOYxZjr55dvAqjRZR,Lwwright87,https://open.spotify.com/playlist/1X8dlIOYxZjr55dvAqjRZR
Island gurl pride,7L9twhED6IrE6IyrnvIwH0,kapua,https://open.spotify.com/playlist/7L9twhED6IrE6IyrnvIwH0
Painted in Pride,0dQ9vzyMN66aTaOM9oMn07,Javeria Shahab,https://open.spotify.com/playlist/0dQ9vzyMN66aTaOM9oMn07
Classic Pride 2026,67KojoVVRaolctiNjTR4K5,Pure Barre Dobbs Ferry,https://open.spotify.com/playlist/67KojoVVRaolctiNjTR4K5
Pride: Zillennials Choice,1nfIPrcQzb1VxFWSTOTjGj,Cat Zhang,https://open.spotify.com/playlist/1nfIPrcQzb1VxFWSTOTjGj
'Merica Pride,16shDtwdfB9J3g6MIHzNQj,Galtco,https://open.spotify.com/playlist/16shDtwdfB9J3g6MIHzNQj
Colorss…,2quLdCdEmR2bSFeD4d667H,Lituaghly 😿☮️,https://open.spotify.com/playlist/2quLdCdEmR2bSFeD4d667H
Pride 2026 🏳️‍🌈,2ESQAfh4Gm2DtGK2KJTIrE,denisse.brii,https://open.spotify.com/playlist/2ESQAfh4Gm2DtGK2KJTIrE
Pride SZN 2026,4eOjnKpWuMt8hfrnQQ9pVW,Casey Reed,https://open.spotify.com/playlist/4eOjnKpWuMt8hfrnQQ9pVW
AMS Pride 26’,0IB9szJdAGsBIWvYASoIUp,Fabián,https://open.spotify.com/playlist/0IB9szJdAGsBIWvYASoIUp
The Pride,1bgOruReRAkvuSB3QMA1KD,dube86,https://open.spotify.com/playlist/1bgOruReRAkvuSB3QMA1KD
Rebel pride,2w8cYCBOoBku6PkqpbQT67,V.MAN TRUE REDNECK,https://open.spotify.com/playlist/2w8cYCBOoBku6PkqpbQT67
happy pride to shane hollander,1p8kyehRcsmo9tPqvC2Mdu,Eva Chow,https://open.spotify.com/playlist/1p8kyehRcsmo9tPqvC2Mdu
🏳️‍🌈🏳️‍⚧️Pure Barre Empower Pride 2026 ,2do8PyPCkNKus8IxgzuFlT,Kat Rebar,https://open.spotify.com/playlist/2do8PyPCkNKus8IxgzuFlT
🏳️‍🌈🏳️‍⚧️Unbreakable Pride AF🩷💜💙,6tzHPECkKuBm7cKHhiyJAs,Zoë,https://open.spotify.com/playlist/6tzHPECkKuBm7cKHhiyJAs
glitter gel pen songs ,0H0BZu2ZVFJh8FTogwAsac,ckunning,https://open.spotify.com/playlist/0H0BZu2ZVFJh8FTogwAsac
Neighborhood Pride ,6WZaqnxfqgiQREI05nYQK6,rtshores1,https://open.spotify.com/playlist/6WZaqnxfqgiQREI05nYQK6
Seattle Pride 26,6xsb0mFCfgm40ooJ3M1fiy,josefmd85,https://open.spotify.com/playlist/6xsb0mFCfgm40ooJ3M1fiy
CrossFit Pride workout ,4ZroCTUhKr48Hbx5LeISsK,Aaron Smith,https://open.spotify.com/playlist/4ZroCTUhKr48Hbx5LeISsK
SIN OF PRIDE☀️,0kcvxDn1RdcWc5Edg8gm1Z,Damien.maddux,https://open.spotify.com/playlist/0kcvxDn1RdcWc5Edg8gm1Z
Kirbys PRIDE Playlist ,1gFATc15lhkutrMevC9zqN,Kirby Clark Ellis,https://open.spotify.com/playlist/1gFATc15lhkutrMevC9zqN
🏳️‍🌈frivolous pride🏳️‍🌈,35L7tK1VSXKLhIcsLaRBr1,Frivolous Duncan,https://open.spotify.com/playlist/35L7tK1VSXKLhIcsLaRBr1
нαρρу ρяι∂є мσηтн вιт¢н,60vTGTOVsTJuqI1W5etv9n,Bella,https://open.spotify.com/playlist/60vTGTOVsTJuqI1W5etv9n
Perfect Defect,45mVlDXft7b63cB63VG0Z1,mai :P,https://open.spotify.com/playlist/45mVlDXft7b63cB63VG0Z1
✨everything✨,1Zc7E9DDDO5Ep4K2wFWOFJ,River,https://open.spotify.com/playlist/1Zc7E9DDDO5Ep4K2wFWOFJ
SUMMER 26,1dSKxPAOuaOyeDoKiUDJbi,Meghan Lumsden,https://open.spotify.com/playlist/1dSKxPAOuaOyeDoKiUDJbi
pride,4D148us92mrQd0Vj83vAJD,•stomata•,https://open.spotify.com/playlist/4D148us92mrQd0Vj83vAJD
Pride,0t8BvJ0rknl0vJCLMs2MXh,Brian,https://open.spotify.com/playlist/0t8BvJ0rknl0vJCLMs2MXh
Pride Sculpt!!!,0w9TXfdqjIUDeVljaZnrwu,Lorea Jackson,https://open.spotify.com/playlist/0w9TXfdqjIUDeVljaZnrwu
Pride (7 Deadly Sins),5poWTGE6B1oqOaRDEwGWYm,Shroomie,https://open.spotify.com/playlist/5poWTGE6B1oqOaRDEwGWYm
Pride BBQ,6vZPWPAOesuNK6n2O6DK8I,Nate Funkhouser,https://open.spotify.com/playlist/6vZPWPAOesuNK6n2O6DK8I
Pride of a Father - Live,3Ara5FJDn2z1g29Qk8B5f9,OwenWhite,https://open.spotify.com/playlist/3Ara5FJDn2z1g29Qk8B5f9
Pride 2021,4eJ0lc0DaAwecuKV2fqNwm,z57i9t9v0iu1d3uqs8eiezryh,https://open.spotify.com/playlist/4eJ0lc0DaAwecuKV2fqNwm
pride pre-game,4gJb8hO85LlaNmPWeKfpF2,putequis,https://open.spotify.com/playlist/4gJb8hO85LlaNmPWeKfpF2
PRIDE4WERQ 🏳️‍🌈,69mjcm5g9blrykuaQW8cWT,Josh Hereth,https://open.spotify.com/playlist/69mjcm5g9blrykuaQW8cWT
ultimate country playlist,7ebS15JMnwNtjQoIh5uXTz,scarletthart,https://open.spotify.com/playlist/7ebS15JMnwNtjQoIh5uXTz
Pride FC,3JGwm6OMPP0YzkTT5PDwhz,Rafael,https://open.spotify.com/playlist/3JGwm6OMPP0YzkTT5PDwhz
My pride,1ExIodmPYafsQ435lKPqWT,Nadege Benoit,https://open.spotify.com/playlist/1ExIodmPYafsQ435lKPqWT
Viet Pride,06Ekqk8lbS8rcXkUx6qQKt,Danny,https://open.spotify.com/playlist/06Ekqk8lbS8rcXkUx6qQKt
Pride 2025,7wYrctJNxeEFpGZv3Z64FX,Guapo,https://open.spotify.com/playlist/7wYrctJNxeEFpGZv3Z64FX
Pride Playlist,5Fjq8g8WUHiKiJepLdbKeP,Josh Hoover,https://open.spotify.com/playlist/5Fjq8g8WUHiKiJepLdbKeP
🏳️‍🌈✨ PRIDE 2026✨🏳️‍🌈,2lNlnCXSopVRlEcqe04Wfs,🦋 stells !! ☀️,https://open.spotify.com/playlist/2lNlnCXSopVRlEcqe04Wfs
❤️ 🌈 Pride 🌈 ❤️,2o3Q9U4tEVhVSOvekBk8P9,Martini,https://open.spotify.com/playlist/2o3Q9U4tEVhVSOvekBk8P9
Zaid's Pride and Joy,7xABJBy7hPtl9n61UAYrDO,Zaid,https://open.spotify.com/playlist/7xABJBy7hPtl9n61UAYrDO
Queer Rap 2026 | Pride Month Hip Hop | CSD,7iR6ArnYxafP9yfAnlPNES,STOKED,https://open.spotify.com/playlist/7iR6ArnYxafP9yfAnlPNES
Home Slice Pride Playlist ‘26,64CwRlwhPQulreHMmNVUk6,Jeffrey Mettler,https://open.spotify.com/playlist/64CwRlwhPQulreHMmNVUk6
Pride,1WLBmkUXlTKIEywBVaf4KR,uxs_sonoki,https://open.spotify.com/playlist/1WLBmkUXlTKIEywBVaf4KR
Pride Beach Party 2025,4Kh6zdkiqePZ6GlVMcA20H,Todd Kuhn,https://open.spotify.com/playlist/4Kh6zdkiqePZ6GlVMcA20H
QUEST Pride Playlist 2026,0NzlZ0URB0wFesOr9eG7Yv,Ralph T.,https://open.spotify.com/playlist/0NzlZ0URB0wFesOr9eG7Yv
Southern Pride 🤠,4lwmvItddNvWiM62yQDT69,Jmcooley,https://open.spotify.com/playlist/4lwmvItddNvWiM62yQDT69
Southern pride 0145,7lBufHCRE0hx0EmaxOAt6Y,1259130145,https://open.spotify.com/playlist/7lBufHCRE0hx0EmaxOAt6Y
june ִֶָ. 🪽་༘,53lSuF1kWzfV7bRU0Bpmzz,akari . ♡🌷,https://open.spotify.com/playlist/53lSuF1kWzfV7bRU0Bpmzz
Period Soundtracks,76W4Ph8WaONzg2DmpQ3ash,Zaley,https://open.spotify.com/playlist/76W4Ph8WaONzg2DmpQ3ash
gay girlfriend summer,710pjsSGUHIhCxMzHFmxS7,slammy,https://open.spotify.com/playlist/710pjsSGUHIhCxMzHFmxS7
Classics  :-),0zJFGLM287e0kxxDGkUTqw,Gio,https://open.spotify.com/playlist/0zJFGLM287e0kxxDGkUTqw
College playlist (pt.2),36AnXOIxfzMtMVpdkqawHI,Cherrose,https://open.spotify.com/playlist/36AnXOIxfzMtMVpdkqawHI
Nation’s Pride,6Y1aQvN8B7syJWuUu5X37W,LaraCollins,https://open.spotify.com/playlist/6Y1aQvN8B7syJWuUu5X37W
Pride AF ,6O6nHWx0RR4JEk6uJ41IF6,Sonny Thai,https://open.spotify.com/playlist/6O6nHWx0RR4JEk6uJ41IF6
Pride 26,5bcYiUAPcbxx7tyaA6NMGM,erica,https://open.spotify.com/playlist/5bcYiUAPcbxx7tyaA6NMGM
pride party🏳️‍🌈🎉,6aoPWhylpN8HX7dXE2gqQ0,Flynne,https://open.spotify.com/playlist/6aoPWhylpN8HX7dXE2gqQ0
Gay Pop Pride 🏳️‍🌈🏳️‍⚧️,40JaRoeYmyp6PM2eIy6lbW,agamemnon364,https://open.spotify.com/playlist/40JaRoeYmyp6PM2eIy6lbW
my pride & joy,02zi0bU5KaJx8Ha37BJrbS,tnotto,https://open.spotify.com/playlist/02zi0bU5KaJx8Ha37BJrbS
nyc pride,5dzlJjDW0M4Zz0dl2p5LFU,julien,https://open.spotify.com/playlist/5dzlJjDW0M4Zz0dl2p5LFU
Do It For The Whimsy: Pride 2026,0cH6Y8fsH5DVBd4HmbATA5,John Scott,https://open.spotify.com/playlist/0cH6Y8fsH5DVBd4HmbATA5
Southern Pride💽,3nTh58myymNg1hZzhcakYt,HickRaised,https://open.spotify.com/playlist/3nTh58myymNg1hZzhcakYt
Ni Macehualli,0VnIPGH2h27o2aIi3jiHpz,djoreo-us,https://open.spotify.com/playlist/0VnIPGH2h27o2aIi3jiHpz
Pride ,6667Z15aOfP7KLCbJ33a80,Duckycapone,https://open.spotify.com/playlist/6667Z15aOfP7KLCbJ33a80
Pride,6Uh9moff1Dxe1W0KKrzghJ,123596820,https://open.spotify.com/playlist/6Uh9moff1Dxe1W0KKrzghJ
Pride Prep,7r2VQBMIREjZnp0rGpS1RY,Michelle Huppert,https://open.spotify.com/playlist/7r2VQBMIREjZnp0rGpS1RY
Pride,4Rdir65pYBewQxu22mYMbJ,David Traylor,https://open.spotify.com/playlist/4Rdir65pYBewQxu22mYMbJ
pride 2026,49amt5V4H5FysHsRXw8UHQ,kwbaber,https://open.spotify.com/playlist/49amt5V4H5FysHsRXw8UHQ
Post Pride,0rdqPoqlZemHnyC1msvdkt,Rick Graven,https://open.spotify.com/playlist/0rdqPoqlZemHnyC1msvdkt
putrid pride ,5iDeap5ZXEneD29Ewv6Z98,SL4mDunk4saur,https://open.spotify.com/playlist/5iDeap5ZXEneD29Ewv6Z98
Fuck my pride. Fuck everything.  I’m so desperately hungry for you…,2sJ8WPlo8so8qwNDfWcS6S,Merlin,https://open.spotify.com/playlist/2sJ8WPlo8so8qwNDfWcS6S
Pride,5jE66KBxQ9QpIs5CVKTG2r,striker692,https://open.spotify.com/playlist/5jE66KBxQ9QpIs5CVKTG2r
African Pride 2,1AhdzUwElI912b8TWkGPxU,Kitty Hall,https://open.spotify.com/playlist/1AhdzUwElI912b8TWkGPxU
pride  ♡,0ZWj02NCzl7aoLKyfT2wEu,SLINGSHOT!!  *_*,https://open.spotify.com/playlist/0ZWj02NCzl7aoLKyfT2wEu
Solidcore pride 2,0IGbgo6g0Rbgx02qyduWWS,Mel,https://open.spotify.com/playlist/0IGbgo6g0Rbgx02qyduWWS
GOTH PRIDE: Queer Darkwave | Synth | Post Punk| EBM | Alternative + SUPPORT LGBTQIA+,3OxlNcS3E0DQfZAho0gBL3,ZAUBER,https://open.spotify.com/playlist/3OxlNcS3E0DQfZAho0gBL3
Southern Pride,4Hl9SbSYhXLum4TntNumXQ,Hostis,https://open.spotify.com/playlist/4Hl9SbSYhXLum4TntNumXQ
My Pride and Joy,4htbr5NgebdHOYRzDAoAlT,Crtr,https://open.spotify.com/playlist/4htbr5NgebdHOYRzDAoAlT
Classical pieces that feel like you’re in pride and prejudice ,1Ysr6ZecO2etHs1y7P632S,kbl1030,https://open.spotify.com/playlist/1Ysr6ZecO2etHs1y7P632S
legendary,48HeY7JUQwmNDuAl31HlxT,Kwanzi Jeffers,https://open.spotify.com/playlist/48HeY7JUQwmNDuAl31HlxT
Pride,3zz91KAJa7PvJKf200Djqq,Synth,https://open.spotify.com/playlist/3zz91KAJa7PvJKf200Djqq
PRIDE,3WMTMe92RkeABhmkmgBatr,bdcnyc,https://open.spotify.com/playlist/3WMTMe92RkeABhmkmgBatr
Vegitas pride,4Xr3okwctXkkMXDw6Vm1ob,C.J. Ghost 💔😞🖤💪😎,https://open.spotify.com/playlist/4Xr3okwctXkkMXDw6Vm1ob
pride.,2YN7829EDtfeUswv9zfG4E,clairuuhh,https://open.spotify.com/playlist/2YN7829EDtfeUswv9zfG4E
pride🤍,5YfK3SgHunWHJ0BPMBKcI1,amelia :P,https://open.spotify.com/playlist/5YfK3SgHunWHJ0BPMBKcI1
pride not family friendly,5xjmGhBDKrp4fkUmBrdnC8,Juliana Shurte,https://open.spotify.com/playlist/5xjmGhBDKrp4fkUmBrdnC8
Pride & Prejudice,2Lyc2LUzsOEdcKwraYcuTr,Wendy,https://open.spotify.com/playlist/2Lyc2LUzsOEdcKwraYcuTr
unicorn anthems,3fjL8jNQhRZ3v8OCnd3Esy,angel,https://open.spotify.com/playlist/3fjL8jNQhRZ3v8OCnd3Esy
swag,7IstW7E4ukyQWFmVHhCpuP,peytonbell,https://open.spotify.com/playlist/7IstW7E4ukyQWFmVHhCpuP
vatos locos ,7gnFTY8EJVO3K6cGSx1qRB,Mar,https://open.spotify.com/playlist/7gnFTY8EJVO3K6cGSx1qRB
PRIDE.,6sZAfgZWZB9jwQyO0sNKuH,Rowdytucker,https://open.spotify.com/playlist/6sZAfgZWZB9jwQyO0sNKuH
pride 26,1TQiRENpEFpXhWo1B0fpOJ,claraschaeffer,https://open.spotify.com/playlist/1TQiRENpEFpXhWo1B0fpOJ
Blue Collar Pride,7LVqYpE88pNmjJECes9Ksk,justingoode199124,https://open.spotify.com/playlist/7LVqYpE88pNmjJECes9Ksk
Dance/Pop Divas PrideFest (Club Remixes),5HSAYDUfkzYhw63gpVv8nO,lovecyn4ever,https://open.spotify.com/playlist/5HSAYDUfkzYhw63gpVv8nO
Southern Pride,12yEZihu5hK6BMj6BkLVDy,jt182215,https://open.spotify.com/playlist/12yEZihu5hK6BMj6BkLVDy
seven deadly sins (mothy),5s8qmQciOshpUHrUUwJizr,Pixx,https://open.spotify.com/playlist/5s8qmQciOshpUHrUUwJizr
No Skip EDM💃,1AhCy15wBRIk79xohQNZto,Neeksybooooooo,https://open.spotify.com/playlist/1AhCy15wBRIk79xohQNZto
Music 🧑‍🍳,7mpUYaBYd6NptQoWEPwWXw,Jonathan Younan,https://open.spotify.com/playlist/7mpUYaBYd6NptQoWEPwWXw
PRIDE CLUB 2020,5IZYZn3D3iiqz5LQEjcCHa,Dan Riley,https://open.spotify.com/playlist/5IZYZn3D3iiqz5LQEjcCHa
LGBTQIA+ Pride,6L9CrUUu86albNC3dpF08j,E-Fang,https://open.spotify.com/playlist/6L9CrUUu86albNC3dpF08j
Pride weekend,5q0pem7bMDfCKeXSiUTTpD,Jason Iriarte,https://open.spotify.com/playlist/5q0pem7bMDfCKeXSiUTTpD
Solidcore - VVP PRIDE,6u3Q7xakh13gGSJYj2aHa5,VyVP,https://open.spotify.com/playlist/6u3Q7xakh13gGSJYj2aHa5
Pride Party,1YsJ6trUGSIHcdsOUKFvoA,Dylan,https://open.spotify.com/playlist/1YsJ6trUGSIHcdsOUKFvoA
GTX Pride 6.20.26,40gyFcHiY9t7PUwwerT6GD,Rob,https://open.spotify.com/playlist/40gyFcHiY9t7PUwwerT6GD
🌈✨🏳️‍🌈happy prideee🏳️‍🌈✨🌈,5Xjw7f8BVdzuXJNFa0HsyE,tiffanydawnc,https://open.spotify.com/playlist/5Xjw7f8BVdzuXJNFa0HsyE
ヒプステ配信全曲公演順（舞台ヒプノシスマイクRule the Stage）,2NaIWlkisBDW0tsNFzCXjC,YukLab,https://open.spotify.com/playlist/2NaIWlkisBDW0tsNFzCXjC
charcoal saunas are for the boys,49JBWwUGspQ96g8dKunIfS,sonavenus,https://open.spotify.com/playlist/49JBWwUGspQ96g8dKunIfS
july26,2Z85AqjF9NYGTxPTl0cSOQ,thesunhits2006,https://open.spotify.com/playlist/2Z85AqjF9NYGTxPTl0cSOQ
PRIDE 🏳️‍🌈 ,7oWmuSavbvK2594hpw6mok,Elkis,https://open.spotify.com/playlist/7oWmuSavbvK2594hpw6mok
HPF 9 - Pride 🏳️‍🌈,1fxWjpmtHXOaA3aU9Mg938,Breanna Edwards,https://open.spotify.com/playlist/1fxWjpmtHXOaA3aU9Mg938
Internet and Pride Bops,7BtgH6um1yOBz6tC0ABNBQ,heartonachain25,https://open.spotify.com/playlist/7BtgH6um1yOBz6tC0ABNBQ
lamarr pride,46pSQp5V9Ka3KkuNQrRjml,Yaboiyvngxmnb,https://open.spotify.com/playlist/46pSQp5V9Ka3KkuNQrRjml
Ultimate Pride Guide 5,2rDFpvgQ1T8tadHGwiYwle,Grayson Kilgo,https://open.spotify.com/playlist/2rDFpvgQ1T8tadHGwiYwle
"Sexually Approved Church Music, Pride Season 2025 (shuffle only)",5LRrGpNTmbYR2A9jGq00xd,Deadeyez,https://open.spotify.com/playlist/5LRrGpNTmbYR2A9jGq00xd
Quiet confidence 🤫,1gP9PEg12wZNWGzBGgOwQN,Savanna Wing 🦋,https://open.spotify.com/playlist/1gP9PEg12wZNWGzBGgOwQN
𝕾𝖚𝖗 4𝕷,3hnohP2NdEPQmU1DhedHGz,osodelsur_,https://open.spotify.com/playlist/3hnohP2NdEPQmU1DhedHGz
🪼,4cSVhHars9ZPF7FfbySKH3,kimleon17,https://open.spotify.com/playlist/4cSVhHars9ZPF7FfbySKH3
LGBTQ 🌈,0F9ZYNPpPp8f3eGxX9CgKm,Maya,https://open.spotify.com/playlist/0F9ZYNPpPp8f3eGxX9CgKm
political rage ,7CvMFYK5QMpodW4m0C3ws6,papeypie,https://open.spotify.com/playlist/7CvMFYK5QMpodW4m0C3ws6
LGBTQ+ playlist 😜,2ca4czCWy1Ra0TY0LZ36xI,Iwantyourcousin,https://open.spotify.com/playlist/2ca4czCWy1Ra0TY0LZ36xI
Lesbian 90s 🏳️‍🌈,1tNkIN302Ugu9zVmSvB3ic,blueeyedmarissa,https://open.spotify.com/playlist/1tNkIN302Ugu9zVmSvB3ic
Trans songs ftm🏳️‍⚧️🫶🏻,64Rh9nGwYGg0XjzfklEdej,☆*:.｡Star_boy｡.:*☆,https://open.spotify.com/playlist/64Rh9nGwYGg0XjzfklEdej
LGBT+ Audiobooks,7gXITihRFuGKmSznw8rHqE,Kitson,https://open.spotify.com/playlist/7gXITihRFuGKmSznw8rHqE
ABCDEFU all Covers!,5ozbhBJfNqsFd411HYNfkR,Ester,https://open.spotify.com/playlist/5ozbhBJfNqsFd411HYNfkR
A genderfluid playlist bc we can shapeshift :) 🩷🤍💜💙🖤,63zLK5hlHZrOTExhnc4wpM,eliot_is_fruity✨🏳‍🌈,https://open.spotify.com/playlist/63zLK5hlHZrOTExhnc4wpM
Kpop LGBTQI-Slay songs,2nHghLB9SIzYzHNcIxmV9s,Coopie,https://open.spotify.com/playlist/2nHghLB9SIzYzHNcIxmV9s
(actual) queer kpop,64TJHafAKmXFmUYhhLdK6y,lennyuvinha,https://open.spotify.com/playlist/64TJHafAKmXFmUYhhLdK6y
I LIKE SEEING THEM GIRLS ON GIRLS,7MrQkx79Mb4vgTWWXa73ai,Fruit Bat (ifb),https://open.spotify.com/playlist/7MrQkx79Mb4vgTWWXa73ai
Love is Love on the Dance Floor,4m3bKVEKVRmCRF8Tb4MKGq,RL Productions,https://open.spotify.com/playlist/4m3bKVEKVRmCRF8Tb4MKGq
LGBTQ IMPOSTER,1jjKSsbahsGTaZdlQPCR0G,The Tank,https://open.spotify.com/playlist/1jjKSsbahsGTaZdlQPCR0G
LGBT Artists,0UGbSRDBXXV0dP32kMOEqh,Blaine,https://open.spotify.com/playlist/0UGbSRDBXXV0dP32kMOEqh
Queer RnB R&B,4cqn8r4tPwRiPI05hfmTWb,Syd The Kyd,https://open.spotify.com/playlist/4cqn8r4tPwRiPI05hfmTWb
Mighty Real (Official Companion Playlist),1LjCbNsroRRTzlPCTRpEHT,vikingbooks,https://open.spotify.com/playlist/1LjCbNsroRRTzlPCTRpEHT
LGBT en español 🏳️‍🌈,2vXzWCwFVvy24YmWzJdqJH,Yas,https://open.spotify.com/playlist/2vXzWCwFVvy24YmWzJdqJH
LESBIAN artists,0zbgxLFr8M42Qdr0cp0zuv,sapphicplaylists,https://open.spotify.com/playlist/0zbgxLFr8M42Qdr0cp0zuv
POV: You Hate Yourself More Than Anybody Else Does,03s8EXQKTijcSuQBIKodL5,Nny,https://open.spotify.com/playlist/03s8EXQKTijcSuQBIKodL5
LGBTQ podcasts,5vhlmhTchHKDOmFSOatC6D,Kris,https://open.spotify.com/playlist/5vhlmhTchHKDOmFSOatC6D
LGBTQ+ Affirming Christian songs,5bULdccxKKY4fr9l3lTDCG,Dylan Parsons,https://open.spotify.com/playlist/5bULdccxKKY4fr9l3lTDCG
Night/sleeping playlist *thing*,6l6L6MHFSnWar2xQMIvBiY,Zero Shadowlurker,https://open.spotify.com/playlist/6l6L6MHFSnWar2xQMIvBiY
LGBTQ+ 🏳️‍🌈 Rock,1z8feUTi0vbPQ9hzeeszMd,Niamh,https://open.spotify.com/playlist/1z8feUTi0vbPQ9hzeeszMd
i'm rolling with the lgbt💅,3mXmZIK4frgMKnTSW9QTfc,Ame,https://open.spotify.com/playlist/3mXmZIK4frgMKnTSW9QTfc
queer & feminist perreo night,1DaDJwgG1GZUhyKKQcGlX8,mariaxcamila,https://open.spotify.com/playlist/1DaDJwgG1GZUhyKKQcGlX8
GLITCH PRINCESSES & INTERNET SLUTS,392TQRTHdAV7PIaQoV0QXl,shitzulover ☆,https://open.spotify.com/playlist/392TQRTHdAV7PIaQoV0QXl
Queers & Queens,5iNo19e4RMtsMs3p43VsYS,Zahra Deljoui,https://open.spotify.com/playlist/5iNo19e4RMtsMs3p43VsYS
POLITICAL RAGE 2025-2026,2Zg3OJCDBK8nuIAYNbHe9G,Sunny☀️,https://open.spotify.com/playlist/2Zg3OJCDBK8nuIAYNbHe9G
A Feminist 4th,4PpdfESVJhyIEew0dm1tOl,Lauren Benoy,https://open.spotify.com/playlist/4PpdfESVJhyIEew0dm1tOl
lgbtbbq 🌈🍔,7hya9fjn53CWybSA7Riqzv,Kelsey Maier,https://open.spotify.com/playlist/7hya9fjn53CWybSA7Riqzv
Billboard All-Time 100 LGBTQ Songs,1HSdVZeNhkyDZ1QviVUDkb,Emre Selçuk,https://open.spotify.com/playlist/1HSdVZeNhkyDZ1QviVUDkb
LGBTQ Center,2gi3KZ8NMp8rN2m4AXhDYh,LGBTQ Center,https://open.spotify.com/playlist/2gi3KZ8NMp8rN2m4AXhDYh
Check dis out,7as0tuTFEpjS4LytNsokgN,sterling,https://open.spotify.com/playlist/7as0tuTFEpjS4LytNsokgN
LGBTQA+,6C6otDxa9XQD9RrftfN0zd,Vaggi,https://open.spotify.com/playlist/6C6otDxa9XQD9RrftfN0zd
LGBTQ+ 🌈 Country,76b3r5LKApUz3Wfu6D1tVW,Samanka,https://open.spotify.com/playlist/76b3r5LKApUz3Wfu6D1tVW
LGBTQIA+ Playlist,7GST4qZgTsjRvfSqEQrAy4,Jen Johnson,https://open.spotify.com/playlist/7GST4qZgTsjRvfSqEQrAy4
My faves/lgbtgia+ X3,5ZhzpsKADSjYFnTv3hopJt,Alex Kimi Antonelli's version,https://open.spotify.com/playlist/5ZhzpsKADSjYFnTv3hopJt
"EBT, CBT, LGBT. Lakers in 5",0kkUTGVNKBFC7ZrA280ztk,jason.takuwan,https://open.spotify.com/playlist/0kkUTGVNKBFC7ZrA280ztk
Core's playlist ,6cqHn0MaRtOibj01Oo0BXI,DęadGhøst/DęadFløwęr,https://open.spotify.com/playlist/6cqHn0MaRtOibj01Oo0BXI
New Queer Friday,6WmCVnyGDVsMGmxvEh1C2d,The Q LGBTQ Creative Network,https://open.spotify.com/playlist/6WmCVnyGDVsMGmxvEh1C2d
꧁✰∼FIFI'S FAVORITE SONGS∼✰꧂,7ghOx4GezUbmMM8wWTVIp9,🦊🧡꧁✰∼Fifi∼✰꧂🧡🦊,https://open.spotify.com/playlist/7ghOx4GezUbmMM8wWTVIp9
WHORES PLAYLIST ,4PlCz7eTIibhzCs6ZZxa2K,Thicky Nicky,https://open.spotify.com/playlist/4PlCz7eTIibhzCs6ZZxa2K
LGBTQ+🌈✨,09C5nHX7jbJXbaxghbYYTu,Scout ( i will follow back),https://open.spotify.com/playlist/09C5nHX7jbJXbaxghbYYTu
that fire lgbt furry fire shit,78Fy3d6SeBYJTdns7vFm8n,Eli,https://open.spotify.com/playlist/78Fy3d6SeBYJTdns7vFm8n
Are You Guys LGBT Or Something?,5dICH53ib4D6q4GumXRrUe,Sergio Valentine,https://open.spotify.com/playlist/5dICH53ib4D6q4GumXRrUe
Euphoric Dreams,4PJbzQteLTRVVO8a8iXQIf,RG,https://open.spotify.com/playlist/4PJbzQteLTRVVO8a8iXQIf
Femboy Friday,0pxjuy0EsFszxJC0sj05OR,Ves,https://open.spotify.com/playlist/0pxjuy0EsFszxJC0sj05OR
LGBTQ+ vibes,4bdiTJVS9RBBXsE7AlvyaN,Auburn,https://open.spotify.com/playlist/4bdiTJVS9RBBXsE7AlvyaN
✨🏳️‍🌈🦊🐺LGBTQ+ AND THERIAN🐺🦊🏳️‍🌈✨,1plyeGgH5Xn0Ft1rqMPdq1,Julie,https://open.spotify.com/playlist/1plyeGgH5Xn0Ft1rqMPdq1
Indie rock lgbt,3sPFd5wsJZSx2KJPX4Si3z,Lisa Osborne,https://open.spotify.com/playlist/3sPFd5wsJZSx2KJPX4Si3z
lgbt avengers,4cFuojpXkBG9XtGkur71Pf,J,https://open.spotify.com/playlist/4cFuojpXkBG9XtGkur71Pf
💋🎸🎧Music  for COOL people 🎧🎸💋,5eNUXfqmMGNNEKRxT6e24I,H3adSh0t83,https://open.spotify.com/playlist/5eNUXfqmMGNNEKRxT6e24I
Drag Anthems 💅,2IQHNTwmcGr9gap2EEPSXv,siren_music,https://open.spotify.com/playlist/2IQHNTwmcGr9gap2EEPSXv
ForceCaptainadora,1rUK5oaaX82NsJwZcN5GJ3,EntraptaBeats,https://open.spotify.com/playlist/1rUK5oaaX82NsJwZcN5GJ3
My car,6Ct7G4JypZj2NFdu38U3xf,Bella?,https://open.spotify.com/playlist/6Ct7G4JypZj2NFdu38U3xf
anti colonialism,3kweHHmpog8bf6xcfguCbn,lynn,https://open.spotify.com/playlist/3kweHHmpog8bf6xcfguCbn
Música LGBTQ+,11hEsJfnMF1kbgvfXJqsVR,Iker Peña Hernández,https://open.spotify.com/playlist/11hEsJfnMF1kbgvfXJqsVR
When you are falling in love with someone you know you can't be with,1Mzx69dmI4cQTlZS2ZXMf1,Uzi,https://open.spotify.com/playlist/1Mzx69dmI4cQTlZS2ZXMf1
This is Why They Hate Us,5g2FNPvoBRoKMLJt8S051L,I.Love.You.For.Infinity,https://open.spotify.com/playlist/5g2FNPvoBRoKMLJt8S051L
hoppin dih,5eeGGHiCxhSCY2lhBkUtSn,carter!,https://open.spotify.com/playlist/5eeGGHiCxhSCY2lhBkUtSn
Quaker Vibes,6r6rnKH3TgDfoUWJTBtxWr,Henry Wilhelm,https://open.spotify.com/playlist/6r6rnKH3TgDfoUWJTBtxWr
LGBT new me,1az4MBfhTWOjccQtA9gXf0,Maria,https://open.spotify.com/playlist/1az4MBfhTWOjccQtA9gXf0
LGBT,0hBq58mWhJ3Wi05AjCT1qg,Filemon Tijerino,https://open.spotify.com/playlist/0hBq58mWhJ3Wi05AjCT1qg
For Losers and lgbtq people ,25nyKfhkym0Bg7OPdDLkhg,Azariah Ramos,https://open.spotify.com/playlist/25nyKfhkym0Bg7OPdDLkhg
Lgbtq+ Songs,2Vj9MH0KnLkxSYzlkdcwia,Michael Wyatt,https://open.spotify.com/playlist/2Vj9MH0KnLkxSYzlkdcwia
"I took this playlist to the Senate, they told me to stop trying to convert Tom DeLonge to LGBTQIA+ ",7piv8fagMQj9Y9CWEV92Qk,vanderwesley,https://open.spotify.com/playlist/7piv8fagMQj9Y9CWEV92Qk
Waves🌊,5C26wgj3FxlsxdEkAYvUyz,kyleqhowell,https://open.spotify.com/playlist/5C26wgj3FxlsxdEkAYvUyz
🍓,4cwrL7DBLCvDaZEJ0qoSlz,al <3,https://open.spotify.com/playlist/4cwrL7DBLCvDaZEJ0qoSlz
LGBTQ 🏳️‍🌈 ,0HDLNERD8UQRPWPmbGlRUy,Yani,https://open.spotify.com/playlist/0HDLNERD8UQRPWPmbGlRUy
⭐️ 𝑰𝑴 𝑹𝑼𝑵𝑵𝑰𝑵 𝑾𝑰𝑻𝑯 𝑻𝑯𝑬 𝑳𝑮𝑩𝑻𝑸 ⭐️,3Gx7tctBKE9QzF3Wm7PQR0,LA queffeana,https://open.spotify.com/playlist/3Gx7tctBKE9QzF3Wm7PQR0
My songs,2cYLwhPwTZF2KQPzxBQTbE,angelpazs,https://open.spotify.com/playlist/2cYLwhPwTZF2KQPzxBQTbE
queer indie pop,5oXmPessKODiYnPTH2S4VZ,Radu,https://open.spotify.com/playlist/5oXmPessKODiYnPTH2S4VZ
BEAR SONGS 🐻,6l6UPXJn3X2BEfh5JY7DfL,Rob Goodman,https://open.spotify.com/playlist/6l6UPXJn3X2BEfh5JY7DfL
Daydreamin huh?,6aPnOosruCm314XzIfxVjX,Ann Minner,https://open.spotify.com/playlist/6aPnOosruCm314XzIfxVjX
Songs For The Only LGBTQ Person To Ever Exist (Me),2YTONT4QY4myzKGFEDKrMQ,AiJay Freckles,https://open.spotify.com/playlist/2YTONT4QY4myzKGFEDKrMQ
Mixed Emotions(bi/pan s@xuals) LGBTQ,7hNsit67cNzbDJ0KhBqIxG,D.H.R-THE-WOLF,https://open.spotify.com/playlist/7hNsit67cNzbDJ0KhBqIxG
Songs that made me realize I'm gayer then Rupaul,2tb4IW3AiHTbUMXqK2l6fN,KyrieOT7,https://open.spotify.com/playlist/2tb4IW3AiHTbUMXqK2l6fN
🏳️‍🌈 Depressy LGBTQ Pop 🏳️‍🌈 ,0eTahRvHSfdY5GDDKPEaV1,bnaelitz,https://open.spotify.com/playlist/0eTahRvHSfdY5GDDKPEaV1
Therian + more playlist ,6cM7RFcEH8Q8sLi8DsZyGs,Cody/Ace/Rex/Oynx/Echo,https://open.spotify.com/playlist/6cM7RFcEH8Q8sLi8DsZyGs
Gay Country Radio,0S4ytEwxrkOEP7glqIedzL,zipperony,https://open.spotify.com/playlist/0S4ytEwxrkOEP7glqIedzL
be crime. do gay. ,2qZMHO8EwrQY5HwMpBrtvA,sappho'Scream,https://open.spotify.com/playlist/2qZMHO8EwrQY5HwMpBrtvA
real and ong,3Q7ajVytrhsv9OACw5Cf9Q,mals⭐️,https://open.spotify.com/playlist/3Q7ajVytrhsv9OACw5Cf9Q
LGBTQ+ Playlist 🏳️‍🌈,4unVVM933QONoIvYL8zrSa,orsoscrappy10,https://open.spotify.com/playlist/4unVVM933QONoIvYL8zrSa
PRIDE MEXICO CDMX 2026 LGBT,4kteneMgqwgE9CLWObVEuK,Angel Diaz,https://open.spotify.com/playlist/4kteneMgqwgE9CLWObVEuK
lgbtq🏳️‍🌈❤🏳️‍🌈,4D9nmFzUDwSm8grS6RK4dU,Heidi Meier,https://open.spotify.com/playlist/4D9nmFzUDwSm8grS6RK4dU
LGBTQ STORY WRITING,16SGVnjLE9bycd4QaSE3Mo,morbidmorg,https://open.spotify.com/playlist/16SGVnjLE9bycd4QaSE3Mo
lgbtq playlist,49IKkCtxIquJ09dx2cNdI3,DeftoneDino,https://open.spotify.com/playlist/49IKkCtxIquJ09dx2cNdI3
🌲🐾Therian/Quads playlist!!🐾🌲,6kMKalj8vokgOsmRbfpC0n,Madeleine Batson,https://open.spotify.com/playlist/6kMKalj8vokgOsmRbfpC0n
Gaydio Weekend Anthems,3sSNyBIzCD19v6RrWoh3G4,Craig Law,https://open.spotify.com/playlist/3sSNyBIzCD19v6RrWoh3G4
Soundtrack to the Revolution ∞,0DoASYO1FbM2j42LBQnc9O,laxmecabebe,https://open.spotify.com/playlist/0DoASYO1FbM2j42LBQnc9O
ME because I'm fucking awesome and anyone who says otherwise is a dork and can kiss my ass,6fSoUZ2zpvKeW29yZ9SBYq,☆࿐ཽ༵༆༒ 𝕻𝖍𝖗𝖔𝖌𝖌 ༒༆࿐ཽ༵☆,https://open.spotify.com/playlist/6fSoUZ2zpvKeW29yZ9SBYq
LGBTQIA2SEDM+POP,3VxVTonAEyXIL2UaV3jNZm,👁️👄👁️,https://open.spotify.com/playlist/3VxVTonAEyXIL2UaV3jNZm
LGBTQ+,3EKeERTzGxaEvoRAFiAyu0,Tyler,https://open.spotify.com/playlist/3EKeERTzGxaEvoRAFiAyu0
meow =^._.^=,5Wc6xgBsA0VKggksEorxR5,🌀💜 emma 💜🌀,https://open.spotify.com/playlist/5Wc6xgBsA0VKggksEorxR5
White Girl Music🩷💋🎀,2synOgL22jbyGKQmBk02rk,DaniFan123M.I.A,https://open.spotify.com/playlist/2synOgL22jbyGKQmBk02rk
✩⁺₊ ✩⋆ ☽𝓖𝓲𝓻𝓵𝓲𝓮𝓼 𝓪𝓷𝓭 𝓖𝓪𝔂𝓼☾ ⋆✩⁺₊✩,0Sv0dAxjGPETS2pRP1f9zW,spencerdelrey,https://open.spotify.com/playlist/0Sv0dAxjGPETS2pRP1f9zW
Are You A Boy Or Girl? ✨Y E S✨,6kaWuCjH75utYYwyS3vcD4,𖤐 Witchy 𖤐,https://open.spotify.com/playlist/6kaWuCjH75utYYwyS3vcD4
Vylet: Queer Music,29h2hZ5BOs53pwcjgxUDMK,Gwen,https://open.spotify.com/playlist/29h2hZ5BOs53pwcjgxUDMK
July America Month yayyy,3aev5NjmLrlv2Ni4Vma4iG,brenboy3,https://open.spotify.com/playlist/3aev5NjmLrlv2Ni4Vma4iG
Petrichor the Dove,0oIokfhW6be3KYUGBBHclx,🟢🟢#1 JET THE HAWK FAN🟢🟢,https://open.spotify.com/playlist/0oIokfhW6be3KYUGBBHclx
POPULAR  LGBT+ ARTISTS ,7fwsUMPv2J5SP1ha0EFX5D,Jayswild1,https://open.spotify.com/playlist/7fwsUMPv2J5SP1ha0EFX5D
LGBTQIA2S++,384oSLdROmoGrbg5NqtLVb,Chris Wilson,https://open.spotify.com/playlist/384oSLdROmoGrbg5NqtLVb
 Lgbtqrepelant ,08mn1VQzvS20l9Vg2vyfwQ,Grady Mentzel,https://open.spotify.com/playlist/08mn1VQzvS20l9Vg2vyfwQ
"Gay, LGBT, Fruity, Victim 🎸",0N5Gs9azPiH4aKnIMtHtTP,Brianna,https://open.spotify.com/playlist/0N5Gs9azPiH4aKnIMtHtTP
just lgbtq and weed pen and thrifting (it’s summer!),4yKyuPoZuC9nyKXWT5geEo,🌿,https://open.spotify.com/playlist/4yKyuPoZuC9nyKXWT5geEo
Trans/non-binary/LGBTQ,4Bp5qMq0SLinrUIA6UMSz2,Jax,https://open.spotify.com/playlist/4Bp5qMq0SLinrUIA6UMSz2
Cynnabuns UPDATED playlist,0apIQuczbog6PDBYxDVpZr,Cynthia,https://open.spotify.com/playlist/0apIQuczbog6PDBYxDVpZr
NAS Rainbow,3eUdW2MAkyQiZAQkRxHFDg,Mel Randall,https://open.spotify.com/playlist/3eUdW2MAkyQiZAQkRxHFDg
LGBTQIA+ ,3FBsaFUaqVqAgrZ9ZgkJN3,Taya,https://open.spotify.com/playlist/3FBsaFUaqVqAgrZ9ZgkJN3
LGBTQ+ ,2qCncSNvhBZwHlVuZMI24N,Jayfeather,https://open.spotify.com/playlist/2qCncSNvhBZwHlVuZMI24N
Lgbtqia,578Me9vO66t1azl8IjUewN,Jackieinhawaii,https://open.spotify.com/playlist/578Me9vO66t1azl8IjUewN
HELLO LGBTQ+ COMMUNITY,0D0WRImK5dSPKR25q8DGnv,frosch,https://open.spotify.com/playlist/0D0WRImK5dSPKR25q8DGnv
Gender fluid/LGBTQIA+,3guKsl7gXcOokuYIR5KV0G,Jordyn/leo,https://open.spotify.com/playlist/3guKsl7gXcOokuYIR5KV0G
Gay Workout Pump 2026,1XJWqVh5Vm4mGQGlThEAwv,Owen LL,https://open.spotify.com/playlist/1XJWqVh5Vm4mGQGlThEAwv
Riot Games: Proud And Fierce,3S2nKQItLuPT0pM7NlKA2x,Riot Games,https://open.spotify.com/playlist/3S2nKQItLuPT0pM7NlKA2x
🏳️‍🌈Queer as F*ck gay as hell playlist🏳️‍🌈,4Sg9Z7wvjPZjPshlingqvG,Joshuayork,https://open.spotify.com/playlist/4Sg9Z7wvjPZjPshlingqvG
Pride: the Ultimate Broadway Playlist,7fppyYt2ou58p6zxNRYA0u,performerstuffofficial,https://open.spotify.com/playlist/7fppyYt2ou58p6zxNRYA0u
little green bastard truck ,2pnxjOOa5NGUl5RGloC5xx,bryce kugler,https://open.spotify.com/playlist/2pnxjOOa5NGUl5RGloC5xx
LGBT FRIENDLY 🏳️‍🌈,5GS1PgOCtFCcCkB9FwMYB4,Jose Martinez,https://open.spotify.com/playlist/5GS1PgOCtFCcCkB9FwMYB4
LGBTQ/Pop/ect.,3yBcrJl9W8Xjipqxj7KJdX,Glitter,https://open.spotify.com/playlist/3yBcrJl9W8Xjipqxj7KJdX
LGBTQIA+,0NlFbYRuTybKVrSKGHgocK,X,https://open.spotify.com/playlist/0NlFbYRuTybKVrSKGHgocK
black #lgbt reads🏳️‍🌈,37OJHRp1D4Tp51k6113MlJ,로지 🥀,https://open.spotify.com/playlist/37OJHRp1D4Tp51k6113MlJ
Weakest Letter in LGBTQ+ ,1bOkzizc479lgzQFvxBcjZ,Ethan M.,https://open.spotify.com/playlist/1bOkzizc479lgzQFvxBcjZ
GAY RAP CLASSICS 🏳️‍🌈,3UpUpgCCsE2eRLPIwDsy8w,Alejandro Alvarado,https://open.spotify.com/playlist/3UpUpgCCsE2eRLPIwDsy8w
bad bitch bops,1mLzY2Ebc90GsFzh9hmJny,yzzyglyzzy,https://open.spotify.com/playlist/1mLzY2Ebc90GsFzh9hmJny
Gay Agenda,10anepAKPu33Yo5gesaASX,Newton Cypress,https://open.spotify.com/playlist/10anepAKPu33Yo5gesaASX
🌈Progressive Worship🌈,6YyE6quFb74J7t1EzYP5lD,Bethany Parker,https://open.spotify.com/playlist/6YyE6quFb74J7t1EzYP5lD
Rainbow Faith,3W0jBrpIARD8tDt7t857dg,jennadewitt,https://open.spotify.com/playlist/3W0jBrpIARD8tDt7t857dg
LGBTQ+,0ODw45c0Q4zLcyEDuOrQXC,Nora-marie,https://open.spotify.com/playlist/0ODw45c0Q4zLcyEDuOrQXC
FUNK POP DAS GAYS 🏳️‍🌈  2026 HITS Lançamentos LGBTIA+,6mvS85fNtLyygVvoBw5hDF,Saulo Lopez,https://open.spotify.com/playlist/6mvS85fNtLyygVvoBw5hDF
Sad and LGBTQ ,6MhyryigSAgv6ugok4QORW,Adalyn,https://open.spotify.com/playlist/6MhyryigSAgv6ugok4QORW
LGBT & Queer Ambient Artists,28HBahAi3lJUoWgYqsLdJ6,Ambient Music Review,https://open.spotify.com/playlist/28HBahAi3lJUoWgYqsLdJ6
the LGBTQ agenda,4m3Uf35V5ASZdpyEnobL0e,lastbutnotleah,https://open.spotify.com/playlist/4m3Uf35V5ASZdpyEnobL0e
🏳️‍🌈🏳️‍🌈LGBTQ 🏳️‍🌈🏳️‍🌈,6IDFh1cZiqRivJE6lSDhaz,Rose Stylinson,https://open.spotify.com/playlist/6IDFh1cZiqRivJE6lSDhaz
PRIDE,0wItHPtLJBq7BBFdmXfbtW,getFandom,https://open.spotify.com/playlist/0wItHPtLJBq7BBFdmXfbtW
Dapple doodle time,6c3MhoQNOLBaSVthM0QYU0,Eunizzzzz,https://open.spotify.com/playlist/6c3MhoQNOLBaSVthM0QYU0
💀✝ Y'ALLTERNATIVE✝💀,4JVlMLTOwuzfArjW8Md82T,Rabbit,https://open.spotify.com/playlist/4JVlMLTOwuzfArjW8Md82T
LGBT,2fgNzmHaDUuBpbeGxeFTG2,Lili Garcia,https://open.spotify.com/playlist/2fgNzmHaDUuBpbeGxeFTG2
LGBTMSF🦅♥️♠️,1ZF2vXjAOCsnVb9WpkLy0x,Emma Cate,https://open.spotify.com/playlist/1ZF2vXjAOCsnVb9WpkLy0x
LGBT+ Pride,3YgQ0X1mJOofOmiBwY6FJo,Wes Tattinger,https://open.spotify.com/playlist/3YgQ0X1mJOofOmiBwY6FJo
PA' JOTEAR A GUSTO🌈 MES DEL ORGULLO LGTB 2025 🏳️‍🌈FIESTA LGBTTTIQA+🌈 MIX PARA AMANECER JOTEANDO 🦄,1GX0vMuX0SKy6tPje3oKp5,Radio MX,https://open.spotify.com/playlist/1GX0vMuX0SKy6tPje3oKp5
Lgbt2,1kUr8ZTIqiC2Mbv8iAaEGo,JOHN OBAMA,https://open.spotify.com/playlist/1kUr8ZTIqiC2Mbv8iAaEGo
"LGBT Songs About Love: Gay, Lesbian, and LGBTQ Love Songs",1vjBn5q6PAS1dzzboOgRNE,elitesingles,https://open.spotify.com/playlist/1vjBn5q6PAS1dzzboOgRNE
the worst 4th of july playlist,14m9QwUB1yiKXvYJEs7iz0,kay <3,https://open.spotify.com/playlist/14m9QwUB1yiKXvYJEs7iz0
🎧Something🏳️‍🌈,3haCKFD10rkGxSkR12u7Bs,bigayball 🏳️‍🌈,https://open.spotify.com/playlist/3haCKFD10rkGxSkR12u7Bs
[Vibes],5Gn22Poz3BrEof9YbxZWgm,GeoSpark,https://open.spotify.com/playlist/5Gn22Poz3BrEof9YbxZWgm
LGBTQ or song in general that  relates to me.,6cePJJkWxtiHKtpaeCKUFs,Adrienne Reyes,https://open.spotify.com/playlist/6cePJJkWxtiHKtpaeCKUFs
LGBTQ for love all around,1MN1CHydv32T925KTj8RZg,Danayjah Harris,https://open.spotify.com/playlist/1MN1CHydv32T925KTj8RZg
Canciones LGBT🏳️‍🌈💗,02GhjF3aIHqB4GXQwPnZUK,Ivana Guzmán,https://open.spotify.com/playlist/02GhjF3aIHqB4GXQwPnZUK
Lgbtq+,1ojCdmYifSPGoOGWOE3WuN,Travis,https://open.spotify.com/playlist/1ojCdmYifSPGoOGWOE3WuN
holy lgbt moment,4F1ZMdkFO3dkkKshtqfTi3,ethan,https://open.spotify.com/playlist/4F1ZMdkFO3dkkKshtqfTi3
Chaotic eyekon ,0SdErF0n0zIeVpguPMTEK9,Leah,https://open.spotify.com/playlist/0SdErF0n0zIeVpguPMTEK9
summer swim / gym vibes 🌻,2TDE32ZIM4u8c8rgud0n4H,mags ⚡️,https://open.spotify.com/playlist/2TDE32ZIM4u8c8rgud0n4H
 Gay Pride 2026 🏳️‍🌈 #pressplayforpride,3mFQAL5yMQUClJOQVjj12t,Marco Antonio Espinosa,https://open.spotify.com/playlist/3mFQAL5yMQUClJOQVjj12t
CHIKNRING!!!!!! || ✰ chikn nuggit x onyn ring <3,3WPtsOytx1jx3XNfnEMAgG,cLOwN ᯾♫♪,https://open.spotify.com/playlist/3WPtsOytx1jx3XNfnEMAgG
Country,1dpBvcux2Rl28MLjxSEl9x,Ella Clout,https://open.spotify.com/playlist/1dpBvcux2Rl28MLjxSEl9x
LGBTDQ,0z0IL5cEKCxTsBzOjZ9SfK,Meagan,https://open.spotify.com/playlist/0z0IL5cEKCxTsBzOjZ9SfK
LGBT Glugfest,2CHCjEeEKZzXEgqNJ7W9Ov,Daniel Hernandez,https://open.spotify.com/playlist/2CHCjEeEKZzXEgqNJ7W9Ov
lgbTT,1bwBnsqWjyzJelsTa80Tjk,dakackack,https://open.spotify.com/playlist/1bwBnsqWjyzJelsTa80Tjk
LGBT+ History in Music (1910s-Present Day) ,6bhy8ZfrcxJbbQitC3JigD,StraySharks,https://open.spotify.com/playlist/6bhy8ZfrcxJbbQitC3JigD
UWS Favorite LGBTQ+ Artists,4CpOpsNSNct1Ax1QScDFpM,UWS Barrys,https://open.spotify.com/playlist/4CpOpsNSNct1Ax1QScDFpM
"The 2010's: BLM, #MeToo, Mass Shootings, Brexit, Occupy Wall Street, and LGBTQ+",3BIius5UYRixZ3rUcOoubl,girly44i,https://open.spotify.com/playlist/3BIius5UYRixZ3rUcOoubl
mega lgbt fart mix 23,14pkCN7v1OKaboON9H01Oh,kristin,https://open.spotify.com/playlist/14pkCN7v1OKaboON9H01Oh
Old grunge vibes,4PJE3bvzADqrkp8Y1nTdVu,Raven,https://open.spotify.com/playlist/4PJE3bvzADqrkp8Y1nTdVu
slay yas werk mix,04ig3bs6n2ItLezwtQHqEC,The Brown Elephant,https://open.spotify.com/playlist/04ig3bs6n2ItLezwtQHqEC
i like,5uGrtgkODpaxga1HUiDkUd,Leo ♡,https://open.spotify.com/playlist/5uGrtgkODpaxga1HUiDkUd
LGBTQ+ Anthems🏳️‍🌈🏳️‍⚧️✨,4fQyhQBYabXJKvTaOWGOwt,ꪶ꠸ꪜ,https://open.spotify.com/playlist/4fQyhQBYabXJKvTaOWGOwt
LGBTQ+,2BisP0FepkcMjWfOaIAc4O,Wilson_hayley,https://open.spotify.com/playlist/2BisP0FepkcMjWfOaIAc4O
Funk putaria LGBT+ 🏳️‍🌈🏳️‍⚧️,2TIEcA9xrY30XUdE6EufIP,Kawê Veronezi,https://open.spotify.com/playlist/2TIEcA9xrY30XUdE6EufIP
LGBTQ,7ebaJqWNwyBtj1rI48cOen,Alex,https://open.spotify.com/playlist/7ebaJqWNwyBtj1rI48cOen
GAY PARTY 🌈 Pop Hits 2025 Pride Dance Funk Tribal Summer Verão LGBT+ Pabllo Vittar,0vOKbN4j4C8j4AHJiLsMM3,Leo Rocha,https://open.spotify.com/playlist/0vOKbN4j4C8j4AHJiLsMM3
LGBTQ+ Country,3zyUAvvCdN9g0O72RNtU7O,sam,https://open.spotify.com/playlist/3zyUAvvCdN9g0O72RNtU7O
Billboard's '100 Greatest LGBTQ+ Anthems of All Time',2rpXEFSuAs47dAUHxOp2KC,ImADudeDuh,https://open.spotify.com/playlist/2rpXEFSuAs47dAUHxOp2KC
Bisexual 🩷💜💙,75AC5OZoozyX4PSQkpQsbM,🖤SkylarC🖤,https://open.spotify.com/playlist/75AC5OZoozyX4PSQkpQsbM
Gay Hippie Summer,2i4c31AFeHYnw8SRRiwhiA,Parker,https://open.spotify.com/playlist/2i4c31AFeHYnw8SRRiwhiA
LGBTQ+/weird kid playlist,311o590JeEK8iIxH8LGrx5,Anaya.eklund,https://open.spotify.com/playlist/311o590JeEK8iIxH8LGrx5
✌️👍👉✨LGBTQIA💅😍😘😝,3LNvO7cKkVByDq6cc2EKqw,🎶😝Terrence Afton😈🔪,https://open.spotify.com/playlist/3LNvO7cKkVByDq6cc2EKqw
LGBTQ+,3NvcqmGKdc3UwoRBYH86Dh,Bahartson11,https://open.spotify.com/playlist/3NvcqmGKdc3UwoRBYH86Dh
lgbtqiayyyy,2U9heVHjH38dfYesZemNEr,Brennan Caldwell,https://open.spotify.com/playlist/2U9heVHjH38dfYesZemNEr
lgbtbbq,0eDzjal4Gr9pigxGVmeLVo,jane,https://open.spotify.com/playlist/0eDzjal4Gr9pigxGVmeLVo
r u guys lgbt or sumthing,3Vyb05yR81dlde5PhDb0pN,Gail<3,https://open.spotify.com/playlist/3Vyb05yR81dlde5PhDb0pN
LGBTQ+ Brainrot,6Ccc5Hd1fed5SUTFlfCHZw,luke,https://open.spotify.com/playlist/6Ccc5Hd1fed5SUTFlfCHZw
(1960s-1980s) LGBT+ History in Music,6oMTwsX2JtGSusnrfOEb6A,StraySharks,https://open.spotify.com/playlist/6oMTwsX2JtGSusnrfOEb6A
The weirdo,1bjnUUcV8PdKUoZJVWv8RA,Z_the🏳️‍🌈ß1īcl·l_:3,https://open.spotify.com/playlist/1bjnUUcV8PdKUoZJVWv8RA
Jess's Hot Mess Trainwreck workout,7iceflklMrOVfbERvS2zv6,jess,https://open.spotify.com/playlist/7iceflklMrOVfbERvS2zv6
LGBTQ+,0xBFkiLRvwUyBhzyk3XtRW,juggie26,https://open.spotify.com/playlist/0xBFkiLRvwUyBhzyk3XtRW
PRA PUTIFERO PRO MAX TREINAR  | FUNK LGBTQ+ 🏳️‍🌈,4PLjqk5x0NKhSba7ueH4a1,IG: @musicalgbtq,https://open.spotify.com/playlist/4PLjqk5x0NKhSba7ueH4a1
LGBT ~plus~,3rgvQASlfaEcao8OP9nor4,Stephaniegady,https://open.spotify.com/playlist/3rgvQASlfaEcao8OP9nor4
LGBT+,1I2W3jDsHpEpFRgHVPBoHv,Sound One,https://open.spotify.com/playlist/1I2W3jDsHpEpFRgHVPBoHv
The B in this LGBTQ stands for BI-Polar,5Oj87tIOUpZXlCf6ZgeL0h,handlessluke,https://open.spotify.com/playlist/5Oj87tIOUpZXlCf6ZgeL0h
Leo’s favorites ,44mTlIEojoyE74m51Uq3YR,Leothegreat,https://open.spotify.com/playlist/44mTlIEojoyE74m51Uq3YR
꧁✰∼ Songs that match me ∼✰꧂,7dQGGVlKZCh5FsuWsphbUA,🦊🧡꧁✰∼Fifi∼✰꧂🧡🦊,https://open.spotify.com/playlist/7dQGGVlKZCh5FsuWsphbUA
"For The Girls, By The Girls 🥰 Karaoke Party ",3D6bMiIrvxzkuzQVyKhTyI,SweetKat,https://open.spotify.com/playlist/3D6bMiIrvxzkuzQVyKhTyI
Pride Month: Spooky Dance Party,1N01quv1IEUuRlARFfmDcH,HalloweenQueens,https://open.spotify.com/playlist/1N01quv1IEUuRlARFfmDcH
Lgbtq+       L + S ♡,0ZZ7OjH0O9lDsqwffPNnkf,Sophie🥥,https://open.spotify.com/playlist/0ZZ7OjH0O9lDsqwffPNnkf
2026 Parminy Place LGBTQ Pride 🏳️‍🌈🏳️‍⚧️,5pxFPVgDO7Fu5LBUCowFDe,Parminy,https://open.spotify.com/playlist/5pxFPVgDO7Fu5LBUCowFDe
Sad songs to cry to when you hate life and can’t tell  your parents your LGBTQ…💔,06hh10Q7k71EIVYuFabeJ5,~Tanjiro~kamado~,https://open.spotify.com/playlist/06hh10Q7k71EIVYuFabeJ5
The Best LGBT Rappers,21E37KbfTyaqXxgu5GZm1U,The Dowsers,https://open.spotify.com/playlist/21E37KbfTyaqXxgu5GZm1U
hello lgbtq community ,1h7vZr46PGZL6Mumk9qQW2,gigir28,https://open.spotify.com/playlist/1h7vZr46PGZL6Mumk9qQW2
Im not changing no matter what they say:b,4XP3h1aKM2K6PzIidfJVMX,BLEHHHH,https://open.spotify.com/playlist/4XP3h1aKM2K6PzIidfJVMX
Queer Polska,0MA5pwM1taxLDaQvlFjmUE,karolina micuła,https://open.spotify.com/playlist/0MA5pwM1taxLDaQvlFjmUE
Best of Sundance Saloon SF,2TQnDcOIAafAye9fAZDt8I,Sundance Saloon SF,https://open.spotify.com/playlist/2TQnDcOIAafAye9fAZDt8I
Independent Queer Artists,1w1ixG8JN0XrZsY5vArnNM,Ronnie Rose,https://open.spotify.com/playlist/1w1ixG8JN0XrZsY5vArnNM
🏳️‍🌈Metal for The Gays🏳️‍⚧️,7CRga2Dvz1iPlDOvFg0YPb,SleepZe,https://open.spotify.com/playlist/7CRga2Dvz1iPlDOvFg0YPb
LGBTQ+ Wedding Songs | Love Is Love,4c5bdfU3iyDIeDChVnix9P,đạt nghe nhạc cũ,https://open.spotify.com/playlist/4c5bdfU3iyDIeDChVnix9P
DC LGBT+ Bar Mix,0WpSOTn8hRJpPOWuy9TeS8,Jordan Hulseberg,https://open.spotify.com/playlist/0WpSOTn8hRJpPOWuy9TeS8
which lgbtq food item has the juiciest pussy,1I8GkdrPihiHeSOAuOVGuF,flingring,https://open.spotify.com/playlist/1I8GkdrPihiHeSOAuOVGuF
LGBTQ + Jesus,1TQQ1SYROrbySuuHMOZZrY,Alysha Argot,https://open.spotify.com/playlist/1TQQ1SYROrbySuuHMOZZrY
🏳️‍🌈🏳️‍⚧️TRANS GAY GUY🏳️‍⚧️🏳️‍🌈,079s8sppWYNnumsqdaU3yn,Kai,https://open.spotify.com/playlist/079s8sppWYNnumsqdaU3yn
>:]  I am shark,4UoDES4ztLqrY9bLvvHHNB,Haley,https://open.spotify.com/playlist/4UoDES4ztLqrY9bLvvHHNB
PRIDE MONTH by DJ SHIKISAI,035hVDt1zg7L7CJdgXnYKq,HOTEL GROOVE SHINJUKU,https://open.spotify.com/playlist/035hVDt1zg7L7CJdgXnYKq
Rainbow mafia,67dEqbVptn1ClN10IOfMf0,Van Norris,https://open.spotify.com/playlist/67dEqbVptn1ClN10IOfMf0
NO TRUMP NO K.K.K NO FASCIST U.S.A,0B0lPGhEGQV7gbmPfVWmLp,Icedragon,https://open.spotify.com/playlist/0B0lPGhEGQV7gbmPfVWmLp
FUNK LGBTQ+ BRASILEIRO 🇧🇷🏳️‍🌈,1FdIEmUPoqkrb1BZy7DDt0,IG: @musicalgbtq,https://open.spotify.com/playlist/1FdIEmUPoqkrb1BZy7DDt0
LGBTQ+ Sexy Vibes,1strj2iuYdQJ0bOFZkjIC2,ethan,https://open.spotify.com/playlist/1strj2iuYdQJ0bOFZkjIC2
LGBTQ+ Dance Vibes,0ptCVT6bVCaHDDZ4dkRF8K,Jason P,https://open.spotify.com/playlist/0ptCVT6bVCaHDDZ4dkRF8K
LGBT: Let's Get This Bread,3Qp8MHTZTNddESCDuf1xCh,Steven Kao,https://open.spotify.com/playlist/3Qp8MHTZTNddESCDuf1xCh
LGBTQ+ Songs ,2xMOwv1zo5cigXlgOyXZco,Jay_Does_Animations,https://open.spotify.com/playlist/2xMOwv1zo5cigXlgOyXZco
Really good music,18hIaXfT7BPQyJ1TDpdLfU,Astro!☆~~~,https://open.spotify.com/playlist/18hIaXfT7BPQyJ1TDpdLfU
☆Thestic Satanist playlist ☆,45RbcvuJYMbDKZiR1trvKk,Lilly <3,https://open.spotify.com/playlist/45RbcvuJYMbDKZiR1trvKk
Keep it Queer,4qR7Y2f4DjkJePLAMQj7l0,Mike Barrett,https://open.spotify.com/playlist/4qR7Y2f4DjkJePLAMQj7l0
Grateful Dad 2026,6YZuCo8MqLlWhZMsWsASBD,William Moriarty,https://open.spotify.com/playlist/6YZuCo8MqLlWhZMsWsASBD
LGBTQ+ Dance Hits,4VAPuuQXcLeCEmVfNUwcwm,Dred,https://open.spotify.com/playlist/4VAPuuQXcLeCEmVfNUwcwm
Lgbtqia+ songs for my fellow losers 🏳️‍🌈🖤,7DAfSSWZWh6Q9UUyWbLF64,Daphne,https://open.spotify.com/playlist/7DAfSSWZWh6Q9UUyWbLF64
Himnos LGBTIQA+,6XBX3xwYA9AU7vgTy1Bgys,Javier Casillas,https://open.spotify.com/playlist/6XBX3xwYA9AU7vgTy1Bgys
PRIDE 2026 - Greatest LGBTQ+ Anthems 🌈,6yQpKzCJ154vDE0MXNs1K5,Topsify Germany,https://open.spotify.com/playlist/6yQpKzCJ154vDE0MXNs1K5
Alt Pop/LGBT,7txSTGPFeVuAubS1TCIOjW,Nicholas Coughlin,https://open.spotify.com/playlist/7txSTGPFeVuAubS1TCIOjW
LGBTK(nicks) PRIDE,2Un8B79hKw0jMy4pMCW8Av,holly joy,https://open.spotify.com/playlist/2Un8B79hKw0jMy4pMCW8Av
[insert name here] ,48uVyLtLwky7u22HMbBl84,IZZie,https://open.spotify.com/playlist/48uVyLtLwky7u22HMbBl84
Pride Grows Here (2026),6idFUXY3E9n2dFQCD3rveb,CudlBeast,https://open.spotify.com/playlist/6idFUXY3E9n2dFQCD3rveb
buzzin berry 🏳️‍🌈,4TCykbmJ33K1z0gOoy3xDo,chelle,https://open.spotify.com/playlist/4TCykbmJ33K1z0gOoy3xDo
Queer Femme Folk Punk Gender Fuck,7L4Rs06tzIQGs8N7505FBi,❤️‍🔥MJ Bones❤️‍🔥,https://open.spotify.com/playlist/7L4Rs06tzIQGs8N7505FBi
Lgbt,0KcokiSdygym06Uz6bO2q0,Salvador Mejía López,https://open.spotify.com/playlist/0KcokiSdygym06Uz6bO2q0
Lgbt music,0Afa1TB0ViVq9gbt6M1q15,Josiahsaurus_rex_,https://open.spotify.com/playlist/0Afa1TB0ViVq9gbt6M1q15
LGBTmafia,0kc0xnf34TXzbDdT3dhzOD,Srsb0415,https://open.spotify.com/playlist/0kc0xnf34TXzbDdT3dhzOD
LGBTQ+ vibes,7g9sJ4aSDycV9DyNYuhCW0,WithPride,https://open.spotify.com/playlist/7g9sJ4aSDycV9DyNYuhCW0
+ keep it safe... + vent playlist,1Gd07tLvQSSE5zd5o5DDZM,Aubree Thompson,https://open.spotify.com/playlist/1Gd07tLvQSSE5zd5o5DDZM
Lucha Krewe - Decadence '23,7FfwdcNneVQzcswra39opP,amiragliotta,https://open.spotify.com/playlist/7FfwdcNneVQzcswra39opP
YOU'RE FUCKING GAY EXCEPT IT,6NCp6gnSAelSM8LrG3THAq,★★ITZZ_SILLY_STAR★★ !!?,https://open.spotify.com/playlist/6NCp6gnSAelSM8LrG3THAq
New Music Friday: Queer Songs 2026,51vYyUlMfpPCbt5UXxsvur,your own kind of music,https://open.spotify.com/playlist/51vYyUlMfpPCbt5UXxsvur
UNITE Pride Month 2026,2dqJkCr8TNjInHo79ZVj6m,Ryan Walker,https://open.spotify.com/playlist/2dqJkCr8TNjInHo79ZVj6m
da musicals,4dhor65dObCEoYzNCpv740,bellaomo,https://open.spotify.com/playlist/4dhor65dObCEoYzNCpv740
LGBTQ Christian,6SIBd154RG4XTv3MvIvJlD,ajdujour,https://open.spotify.com/playlist/6SIBd154RG4XTv3MvIvJlD
June LGBTQ Playlist,0Wpp8Gk2zN6wZmofGeejaD,Babee Nichole,https://open.spotify.com/playlist/0Wpp8Gk2zN6wZmofGeejaD
LGBTQz Pride On 2026,5e7kK58CPbIjLF4PutDKWZ,noodlebrain74,https://open.spotify.com/playlist/5e7kK58CPbIjLF4PutDKWZ
lgbtqpregame,7MuAv2HwLJsNCbx5lhjlMp,arirou,https://open.spotify.com/playlist/7MuAv2HwLJsNCbx5lhjlMp
LGBTQ Affirming Christian Music Scriptural Rainbow Praise Worship LGBT LGBTQIA God Loves the Gay,1nlreKRzNOt3EuZOiTKxhg,Transfiguration ii,https://open.spotify.com/playlist/1nlreKRzNOt3EuZOiTKxhg
THE T IN LGBT SUMMER PLAYALIST ,6yBqj8P96djnwoZJ9Ekl9Z,kia🤓🤓,https://open.spotify.com/playlist/6yBqj8P96djnwoZJ9Ekl9Z
Love in my veins like a drug,0cxSm93FejYq6vSSMrSAQN,freakz,https://open.spotify.com/playlist/0cxSm93FejYq6vSSMrSAQN
Happy Sunday Morning - queer,4KLPIJ19uwGb2iODgvLkdY,your own kind of music,https://open.spotify.com/playlist/4KLPIJ19uwGb2iODgvLkdY
Drew'Pride 🏳️‍🌈,6PWmKNhsSU6M7e6NSHVDcv,andrewrod916,https://open.spotify.com/playlist/6PWmKNhsSU6M7e6NSHVDcv
PRIDE MIXTAPE,7zZJPRkdBpuRxaPKpSKeG0,Harvey Milk,https://open.spotify.com/playlist/7zZJPRkdBpuRxaPKpSKeG0
LGBTQ,1FmcfMZKwLIf9wU4HOnLkj,Juan,https://open.spotify.com/playlist/1FmcfMZKwLIf9wU4HOnLkj
Lgbtq songs🏳️‍🌈✨,4crXEbNZzX1f8fOUdJysO7,Brynlee,https://open.spotify.com/playlist/4crXEbNZzX1f8fOUdJysO7
LGBTQ+,210MJceUviLnL6SfaHjfG5,Rose,https://open.spotify.com/playlist/210MJceUviLnL6SfaHjfG5
"🍇 girls like girls 🍇 | deutsch, lesbisch, LGBTQ, LGBT, gay, lesbische, lesben, German, lesbian",6u5RiSPrwVUubzUxwblY6p,maditschka,https://open.spotify.com/playlist/6u5RiSPrwVUubzUxwblY6p
Queer Arab,579NKOGIKNgLCyR4M1b3R9,Bashar Murad,https://open.spotify.com/playlist/579NKOGIKNgLCyR4M1b3R9
⭐️WHY DO I FEEL WEIRD ⭐️,3SOKpNzNIVG5652d4z3hzl,⭐️R4!NBOWW R0XXX⭐️,https://open.spotify.com/playlist/3SOKpNzNIVG5652d4z3hzl
Country Pride 🏳️‍🌈,5BOJH2dQ1gEFOHXTIAtGRr,Jonathan Coe,https://open.spotify.com/playlist/5BOJH2dQ1gEFOHXTIAtGRr
Chicago Run!,1QdDGWpAGcmdo1HA9dkMAG,PaulG,https://open.spotify.com/playlist/1QdDGWpAGcmdo1HA9dkMAG
Gay Love Songs,1cld7bmlv0fUU5OW8YEuaz,Billboard,https://open.spotify.com/playlist/1cld7bmlv0fUU5OW8YEuaz
Sad Little Indie Lesbian Vibes,7EHAb1nDSprYQD0FmzzzEX,TheeDiva,https://open.spotify.com/playlist/7EHAb1nDSprYQD0FmzzzEX
LGBTea,15zKSMDFQnc0Ap3DQE0wnQ,Tea Janes,https://open.spotify.com/playlist/15zKSMDFQnc0Ap3DQE0wnQ
"Dark Romance for Lesbians, Bisexuals, LGBTQ+, 23+",5toDycWPmGgXSWoU6hI77d,Nao Noxaki,https://open.spotify.com/playlist/5toDycWPmGgXSWoU6hI77d
Sundance Saloon SF LGBTQ Playlist,73rxISH5pDbqKM3wrITUYP,Sundance Saloon SF,https://open.spotify.com/playlist/73rxISH5pDbqKM3wrITUYP
Hello LGBTQ+ Community,46Jz2fFZQfGD2jzDAh9twq,Liminalz,https://open.spotify.com/playlist/46Jz2fFZQfGD2jzDAh9twq
☆ save  if yr pf is safe for the following ☆,3wu7H56bShpChEigW6KJJp,🍓💫strawberry feilds💫🍓,https://open.spotify.com/playlist/3wu7H56bShpChEigW6KJJp
Kids Pride Songs!,1izXw239A2jW8bgtJ1nV6K,Gracie Nash,https://open.spotify.com/playlist/1izXw239A2jW8bgtJ1nV6K
your favorite queer artists favorite queer artists,5IEJ0jqlB1gz8IFDZntHBR,linneahmusic,https://open.spotify.com/playlist/5IEJ0jqlB1gz8IFDZntHBR
A Very Diva Playlist,1F4XlpOOhnWN90orKjvXCR,echonights,https://open.spotify.com/playlist/1F4XlpOOhnWN90orKjvXCR
SHE/HER/THEY,6JHZYobxmzOtRS78bWC6qf,iamKITTENS,https://open.spotify.com/playlist/6JHZYobxmzOtRS78bWC6qf
obashata,3yeURVxj7UeqwWHtDyBPw8,der1ch,https://open.spotify.com/playlist/3yeURVxj7UeqwWHtDyBPw8
Lgbt,4olVDfdttjNooI6bUJJ9iq,Lara,https://open.spotify.com/playlist/4olVDfdttjNooI6bUJJ9iq
Lgbtqia+,00wrQNndJtwqYfveSAsK7D,Asc3l1os,https://open.spotify.com/playlist/00wrQNndJtwqYfveSAsK7D
LGBTQIA songs,1TfG9y9LnGCeWdPNRITK23,Ash,https://open.spotify.com/playlist/1TfG9y9LnGCeWdPNRITK23
Lgbtq ,53zX7FMa5bm8bkpXDFtEDs,Ghost,https://open.spotify.com/playlist/53zX7FMa5bm8bkpXDFtEDs
LGBTQIA+,7JFMB3l7sS3F4t3cMJ9Lon,₩H¡T€ ₩¤LF,https://open.spotify.com/playlist/7JFMB3l7sS3F4t3cMJ9Lon
I'm feeling LGBT 🏳️‍🌈,6bVlaoLTfSuBy8W2NfdBCE,Rachele Taylor,https://open.spotify.com/playlist/6bVlaoLTfSuBy8W2NfdBCE
Pride (LGBTQIAP+),4jKS6GHLRcpcQ1xYQaxqdm,Mchilliard,https://open.spotify.com/playlist/4jKS6GHLRcpcQ1xYQaxqdm
"I'm a loser, honey! A smoozer, and a dummy!",0kEgz1ZyTHOUps5Kss0jOr,ᥡᥱᥒᥒძ᥆⚡// ᥒ0.5 gᥣі𝗍ᥴһ𝗍rᥲ⍴ 𝖿ᥲᥒ,https://open.spotify.com/playlist/0kEgz1ZyTHOUps5Kss0jOr
LGBTQAVENGERS,77BCAbqcCfe1g6XOp3Dt8k,Jojoro,https://open.spotify.com/playlist/77BCAbqcCfe1g6XOp3Dt8k
Evil Gay Retard Mix ,4nfuYJOCE6NzpUYT47ZSMa,Ragan Chamblee,https://open.spotify.com/playlist/4nfuYJOCE6NzpUYT47ZSMa
LGBTQ+,2qqaTncsKDN4M7iLbXV5Yr,Ruby✨,https://open.spotify.com/playlist/2qqaTncsKDN4M7iLbXV5Yr
Lgbtq+🏳️‍🌈,76vW8do8MCOZuNo4j73NVG,Bella,https://open.spotify.com/playlist/76vW8do8MCOZuNo4j73NVG
PR or you a member of the lgbthdmi community ,44VXXEP5VAS2Iu4xyz5jyr,OMG/type_beat,https://open.spotify.com/playlist/44VXXEP5VAS2Iu4xyz5jyr
LGBTQuirky,6fUkDdp1LCPNhIPqrkJj1W,CPNewkirk,https://open.spotify.com/playlist/6fUkDdp1LCPNhIPqrkJj1W
Lgbtqa+ Playlist♥️🧡💛💚💙💜,2kyMdUPvJwZUnlh21qRbn2,Ashley and the goat,https://open.spotify.com/playlist/2kyMdUPvJwZUnlh21qRbn2
Tc lgbtq,7Hvwpe6JSZbCCC0cjAUnG8,Haley Burken,https://open.spotify.com/playlist/7Hvwpe6JSZbCCC0cjAUnG8
SEQUÊNCIA CUNT - Pedro Sampaio e Irmãs de Pau,1Le79B2tB1IYvxwyNEIZUR,IG: @musicalgbtq,https://open.spotify.com/playlist/1Le79B2tB1IYvxwyNEIZUR
Mentally unstable playlist😛😛,34uqFMpzmDJgYK4uN0tlSA,noriiiii😛💙💙,https://open.spotify.com/playlist/34uqFMpzmDJgYK4uN0tlSA
hot boy summer,14cn3I8VTMgstr863YgP1H,travis.fili,https://open.spotify.com/playlist/14cn3I8VTMgstr863YgP1H
Lgbt,1xl0a2Ws3JIjKa1r9Osdu8,Ƹ̵̡Ӝ̵̨̄Ʒ {♠𓏲𑁘 Hoku 𓏲𑁘♠} Ƹ̵,https://open.spotify.com/playlist/1xl0a2Ws3JIjKa1r9Osdu8
ur driver could be lgbtq ,471ifzrHUTEvnJ4UgH0YAE,jewel,https://open.spotify.com/playlist/471ifzrHUTEvnJ4UgH0YAE
Lgbtq+,2YvJ4RPCNf28tyOh4JDrbe,River,https://open.spotify.com/playlist/2YvJ4RPCNf28tyOh4JDrbe
You are lgbtq+❤️,1db0W28iWZM1BzyBIjr0Cl,Ace🎶❤️,https://open.spotify.com/playlist/1db0W28iWZM1BzyBIjr0Cl
LGBTQ Music (Chill Sounds),1twrzeicfhz7GyslYjg1cR,Ryan Cassata,https://open.spotify.com/playlist/1twrzeicfhz7GyslYjg1cR
LGBTQIA+ EDITS ♡♡♡♡♡♡,51UyiZPUa9Uf3Cr16TS2f4,queer_and_staying,https://open.spotify.com/playlist/51UyiZPUa9Uf3Cr16TS2f4
Artie's  LGBTQIA+ playlist!!!,16bIojgi7jR5S9ypXur1aH,Matthew Greenwood,https://open.spotify.com/playlist/16bIojgi7jR5S9ypXur1aH
im lgbtq,0yelYfED352aGEp60TqTfA,A AA,https://open.spotify.com/playlist/0yelYfED352aGEp60TqTfA
PEAK,4jDrZSVaNecrTTUE4Zk4me,EchotheJester,https://open.spotify.com/playlist/4jDrZSVaNecrTTUE4Zk4me
gayyyy,4M7NBkN1rzIjFSW9gah3uo,Marisa Redman,https://open.spotify.com/playlist/4M7NBkN1rzIjFSW9gah3uo
Jacks LGBTQ favs,2zmgj4OW6eKagbQyx9RBui,Mark,https://open.spotify.com/playlist/2zmgj4OW6eKagbQyx9RBui
LGBT+,6m6Tq1FXsS0azuYEUAqb3B,ToraniLobby,https://open.spotify.com/playlist/6m6Tq1FXsS0azuYEUAqb3B
Is you lgbt cause yo gun pink ,1wg4iRqefvONgrhVjScQQc,Melanie,https://open.spotify.com/playlist/1wg4iRqefvONgrhVjScQQc
50 Songs That Define the Last 50 Years of LGBTQ+ Pride,2XMjUisB4shLCUlIicaWBk,Pitchfork,https://open.spotify.com/playlist/2XMjUisB4shLCUlIicaWBk
R u guys lgbt 🏳️‍🌈 or something ,7moDsr1Ed4OSJvXWMKDZBx,☁️✨🍉🌈big tid🌈🍉✨☁️,https://open.spotify.com/playlist/7moDsr1Ed4OSJvXWMKDZBx
🏳️‍🌈Everyone deserves human rights🏳️‍⚧️,1FwU2DSod88usi7cxFvI0z,1MAEXPL0D1NGST4R!,https://open.spotify.com/playlist/1FwU2DSod88usi7cxFvI0z
Pride Parade,3Q8oMWAu43XvtBaQFPIFck,cgraygo,https://open.spotify.com/playlist/3Q8oMWAu43XvtBaQFPIFck
Holy Water Can’t Wash Away These Feelings,1IZtJZ9A2TwmQRKqy5Lggj,Michelle Mathis,https://open.spotify.com/playlist/1IZtJZ9A2TwmQRKqy5Lggj
gay goth,4sPhxrjhTOl0vDOG0OSABY,voldebiere,https://open.spotify.com/playlist/4sPhxrjhTOl0vDOG0OSABY
LGBTQ Music Chart,2goso7NwGKTvIXGOK0dUxD,Ephram St Cloud,https://open.spotify.com/playlist/2goso7NwGKTvIXGOK0dUxD
LGBTQ+ Support Group Adventure ft. Pitbull (and a giant tub of pretzels),7D2m3afBx2TQUfxLQp8FGY,Jassmine,https://open.spotify.com/playlist/7D2m3afBx2TQUfxLQp8FGY
🏳️‍🌈🏳️‍⚧️LGBTQIA+/Queer playlist🌈✨,7jcGqU3We0NiAzlx2FXnem,✨Water✨,https://open.spotify.com/playlist/7jcGqU3We0NiAzlx2FXnem
LGBTQ+ Halloween bash,02IPtedJvP79bPka1QX7VB,mbergerud14,https://open.spotify.com/playlist/02IPtedJvP79bPka1QX7VB
🏳️‍🌈Repost if ur LGBTQ+🏳️‍🌈 I’m reposting ,4Y8XkxErcscxSAUpziJetP,Dawn 🏳️‍🌈 SLAY,https://open.spotify.com/playlist/4Y8XkxErcscxSAUpziJetP
LGBTQIA+ Tunes 🌈,0fgjZFOypAwBW2EJRMPGz5,Allyson Richey,https://open.spotify.com/playlist/0fgjZFOypAwBW2EJRMPGz5
Queens/Queers/Theys/Dolls ,1jHsiaUO2adZiVnKfejnp5,crystal_gemz,https://open.spotify.com/playlist/1jHsiaUO2adZiVnKfejnp5
"Revolution core, Intersectional feminism, social justice, anarchy, and (religious)deconstruction",4FNnYyCfpMcXpVIVaIpMZH,maxwellgorrell,https://open.spotify.com/playlist/4FNnYyCfpMcXpVIVaIpMZH
Gay Classics 1920's - 1950's,4kqSkSEYvJyNJOiWrZ7d09,David Anderson - MusicMovies&Gay,https://open.spotify.com/playlist/4kqSkSEYvJyNJOiWrZ7d09
Gay Christmas 2026,3Qxyow8kupYoTGGBDpwbl8,your own kind of music,https://open.spotify.com/playlist/3Qxyow8kupYoTGGBDpwbl8
LGBTS,1dl6rBC3o8dJgaVBseSKLE,anna dennett,https://open.spotify.com/playlist/1dl6rBC3o8dJgaVBseSKLE
Lgbt,4KPwRlOpSSS9SQnZmLgn1q,Blane,https://open.spotify.com/playlist/4KPwRlOpSSS9SQnZmLgn1q
LGBTs Are In My Car Accosting Me For Bops II,5SQMgoXcjIXLRZajsNAaxI,Evan Burdette,https://open.spotify.com/playlist/5SQMgoXcjIXLRZajsNAaxI
Queer/gay/LGBTQIA+  Vocaloid songs  (+covers) 🏳️‍🌈🏳️‍⚧️,1jXupzSxyEi4ciJ8ypZEcI,ソーダ (Soda),https://open.spotify.com/playlist/1jXupzSxyEi4ciJ8ypZEcI
the girls and the lgbtq+,2KVgDlBglr8oKIv0iQjadF,arthur,https://open.spotify.com/playlist/2KVgDlBglr8oKIv0iQjadF
lgbt tingz,15f0ioZb26rIpjDCOqlV2P,ally,https://open.spotify.com/playlist/15f0ioZb26rIpjDCOqlV2P
2000-LGBTQ+ Alternative Rock/Metal,2acVXXw0UsHKgIhGwj60M6,t,https://open.spotify.com/playlist/2acVXXw0UsHKgIhGwj60M6
💅 Cuntify ✨,4wMhAeXDGX81H3lBDybYEn,AljonAnton,https://open.spotify.com/playlist/4wMhAeXDGX81H3lBDybYEn
When...when i'm... Gay.,1xfyjhDgghaMgxWrcHMVri,Ash,https://open.spotify.com/playlist/1xfyjhDgghaMgxWrcHMVri
FCK OUT MY WAY WHO SEE ME I'M ROLLING WITH THE LGBT,7ldhiQzI4fxZSTmqmJazul,𝕭𝖊𝖊𝖑𝖟𝖊𝖇𝖚𝖇,https://open.spotify.com/playlist/7ldhiQzI4fxZSTmqmJazul
is you lgbt cuz ur gun pink,6eitNBoM2NCfvyxIMsntz3,Anya Gulawsky,https://open.spotify.com/playlist/6eitNBoM2NCfvyxIMsntz3
🏳️‍🌈🏳️‍⚧️Save and repost if your part of/support lgbtqia+ 🏳️‍🌈🏳️‍⚧️ :3,4uAQuq9wcXFeq5Myjy3Xe5,Black snooty>:3 (if ykyk),https://open.spotify.com/playlist/4uAQuq9wcXFeq5Myjy3Xe5
We put the L in LGBTQ,5UMvlZCOpleefyopUMSOvc,Georgette Eck,https://open.spotify.com/playlist/5UMvlZCOpleefyopUMSOvc
Battle of the flags!!,32SqinqlD4UyB8PoKvCwfY,Chance.Sullivan,https://open.spotify.com/playlist/32SqinqlD4UyB8PoKvCwfY
The Quality Cat PRIDE Experience,04qdytZDzaQGwp4LTxsm40,ArthurGerard,https://open.spotify.com/playlist/04qdytZDzaQGwp4LTxsm40
kendall,50hIY2ZNV0744tSdmTzpDi,jackrabbit28,https://open.spotify.com/playlist/50hIY2ZNV0744tSdmTzpDi
LGBTQ french songs,4zlxswV0hjVPj6rQhbEiPk,goodobs,https://open.spotify.com/playlist/4zlxswV0hjVPj6rQhbEiPk
LGBTQ+,54zZSPe6662v23OnMA3bN3,diimaxnicp2npop46ppcihg6m,https://open.spotify.com/playlist/54zZSPe6662v23OnMA3bN3
Lgbtq songs ,4VSRZ5ogWJGi56fxkiDCRL,Prluisperez,https://open.spotify.com/playlist/4VSRZ5ogWJGi56fxkiDCRL
Pride Éxitos 2026 🏳️‍🌈 Fiesta Pride México 2026 🏳️‍🌈 Orgullo Gay 2026 🏳️‍🌈 Marcha del Orgullo LGBTIQA+ 2026,6PjzzUu3gLgu6IdQUruftI,Filtr Mexico,https://open.spotify.com/playlist/6PjzzUu3gLgu6IdQUruftI
Sad lgbtq+ songs ,4fvBSH5YUTCq6f2TYDkG4c,valentina,https://open.spotify.com/playlist/4fvBSH5YUTCq6f2TYDkG4c
Brazilian Funk: LGBT+ 🏳️‍🌈,1NNWOPzRcK3J2mUKVqVqlu,Y☆NN,https://open.spotify.com/playlist/1NNWOPzRcK3J2mUKVqVqlu
🐾like and  repost if you a therian lgbt 🏳‍🌈,1YuMT339cxRK4qFxhhVHWj,{★˚｡⋆†˚Daniella˚†⋆｡˚ ★},https://open.spotify.com/playlist/1YuMT339cxRK4qFxhhVHWj
LGBT punk for pride,0gNdULOx0RJGGP7kDiByu1,Riley the mudskipper,https://open.spotify.com/playlist/0gNdULOx0RJGGP7kDiByu1
"sounds gay, i'm in",4jh6iD0kki8H2b0EhahFXw,john schauster,https://open.spotify.com/playlist/4jh6iD0kki8H2b0EhahFXw
LGBTQ+,4DbvZCHnggkPyETjvxu8Oh,Serenity Santiago,https://open.spotify.com/playlist/4DbvZCHnggkPyETjvxu8Oh
LGBTQI 🏳️‍🌈,06Ek0cLg3vyvUKWaT7bqZc,Chino Martin Dayanghirang,https://open.spotify.com/playlist/06Ek0cLg3vyvUKWaT7bqZc
LGBTQ+,2vjpLBbF3mDbQGbNL2yigQ,tdpitts,https://open.spotify.com/playlist/2vjpLBbF3mDbQGbNL2yigQ
• Shaina’s Playlist 🏳️‍🌈 •,1DggzuuQmZBd1ferNcdjCM,ShaiiDaBratt Official,https://open.spotify.com/playlist/1DggzuuQmZBd1ferNcdjCM
Chewsday Innit,1WokQXvf9Jp0P4Xhqb2qFj,dmzzCmugUf,https://open.spotify.com/playlist/1WokQXvf9Jp0P4Xhqb2qFj
the bag 💰,6BTCLm3d83urhVyj2gu9Su,Sam Chlystek,https://open.spotify.com/playlist/6BTCLm3d83urhVyj2gu9Su
Anti-Trump / Anti-Fascist Playlist,3WfmigJLmtRdV3za9C94qZ,Zoeyn751,https://open.spotify.com/playlist/3WfmigJLmtRdV3za9C94qZ
folk punk for sad queer folks ,1DodYRYm2Lc49favVy5lTq,C.P.Foxe,https://open.spotify.com/playlist/1DodYRYm2Lc49favVy5lTq
Social Heretic ,26uv7d1IynOyFKsJqE7qSn,Vex,https://open.spotify.com/playlist/26uv7d1IynOyFKsJqE7qSn
Chill Vibes,6CyfO43S4bthjyY4tDmspw,VarienVai,https://open.spotify.com/playlist/6CyfO43S4bthjyY4tDmspw
LGBTQ+,1CiLDiZAvpJpyoZ14xWdK8,River,https://open.spotify.com/playlist/1CiLDiZAvpJpyoZ14xWdK8
LGBTQ+ Vibes,4lGmC9cZIneKTluPmjcouX,Andreanna Pavan-Hsieh,https://open.spotify.com/playlist/4lGmC9cZIneKTluPmjcouX
lgbtq+,1CmrbJDhJF9iKXqTU3AMsO,Rhydian Clark,https://open.spotify.com/playlist/1CmrbJDhJF9iKXqTU3AMsO
My LGBT anthems 🏳️‍🌈✨❤️,5lY7g90wDzkwnA4Ljz3DdD,Julian Luna,https://open.spotify.com/playlist/5lY7g90wDzkwnA4Ljz3DdD
LGBTQ+ Dance,4H7jx7XtbDfZyMXlGbm7Pw,kyyhud,https://open.spotify.com/playlist/4H7jx7XtbDfZyMXlGbm7Pw
LGBTdontforgettheQ,5AXrCvJUpmdYnh7lE7VZfx,Annwaff,https://open.spotify.com/playlist/5AXrCvJUpmdYnh7lE7VZfx
"Pov songs for the ""weird kids""",6SMUAYDVuKHNF0aL9lyDAu,rip tide,https://open.spotify.com/playlist/6SMUAYDVuKHNF0aL9lyDAu
Pride 🏳️‍🌈,3dIFkO3nPcaVCrdjNkOONb,avifulg,https://open.spotify.com/playlist/3dIFkO3nPcaVCrdjNkOONb
Stairfox's Rockin' Jams,7yWD9viFmXQb1dGIivP3hu,Natsfroh,https://open.spotify.com/playlist/7yWD9viFmXQb1dGIivP3hu
Slut Era,1gYqDvLezI4yRs6XYO6fMs,c0ntraiL,https://open.spotify.com/playlist/1gYqDvLezI4yRs6XYO6fMs
LGBTQ+,5WV65Cy6eite1s9JXzAWks,Vic Burns,https://open.spotify.com/playlist/5WV65Cy6eite1s9JXzAWks
LGBTQ,6UuHTqJ3iPASLHb6ashkOo,Demon Slayers Lover #1,https://open.spotify.com/playlist/6UuHTqJ3iPASLHb6ashkOo
LGBTUNETEENTH,6QOaWXjw4WV3EIFDIfDv8O,Andrea Huckleby Williams,https://open.spotify.com/playlist/6QOaWXjw4WV3EIFDIfDv8O
LGBTQIAP+ artists,2vst3dBoOdGcczdsAzZSSf,Artiki,https://open.spotify.com/playlist/2vst3dBoOdGcczdsAzZSSf
THO/LGBTQIA+,3bVMQ5gFxrU6cEZ5AKXtCl,Ash (she/they)🌈✌❤Jaxon_Cross,https://open.spotify.com/playlist/3bVMQ5gFxrU6cEZ5AKXtCl
𝓛𝓸𝓿𝓮♡,0hjiEsDnDQnJLMTrVOh7Cp,°˖✧˚ʚ𝐙𝐨𝐞̈ɞ˚✧˖°,https://open.spotify.com/playlist/0hjiEsDnDQnJLMTrVOh7Cp
Dionysus Vibes🍇,3P4B4s6hhAusjKa6KuhUjH,Needle,https://open.spotify.com/playlist/3P4B4s6hhAusjKa6KuhUjH
my fourth grade experience,7cj52h6hwxNQ1TydICt8G8,cooper🛸,https://open.spotify.com/playlist/7cj52h6hwxNQ1TydICt8G8
This shit is a little queer 🤏,4AYN2OOQdd0usaW8lR3m9o,natureandantidepressants,https://open.spotify.com/playlist/4AYN2OOQdd0usaW8lR3m9o
the fantasy ,32PGnPW7OHpg9vuRvvgPb4,bella🦔,https://open.spotify.com/playlist/32PGnPW7OHpg9vuRvvgPb4
LGBTQ Artists,23XXanw2ExjDDuuKSEkX8y,BLK4123,https://open.spotify.com/playlist/23XXanw2ExjDDuuKSEkX8y
LGBTQ 🌈,4iKldCpJGUSwqqVS4K286A,Noah Anerino,https://open.spotify.com/playlist/4iKldCpJGUSwqqVS4K286A
LGBTQIA+ ,1x9vlhfrFMD2ZqonLW2HXc,Kallie shawley,https://open.spotify.com/playlist/1x9vlhfrFMD2ZqonLW2HXc
LGBT Artists ,14tBQ3veYYCXarUaXECaLn,MoMo,https://open.spotify.com/playlist/14tBQ3veYYCXarUaXECaLn
LGBTQ+ Girl Power,6o51H3AMeXVgYN0Wnn5MbY,sfletcher258,https://open.spotify.com/playlist/6o51H3AMeXVgYN0Wnn5MbY
Lgbt party list,49uSLXtWhtjgJC7IT0dWUd,kiscolaposada,https://open.spotify.com/playlist/49uSLXtWhtjgJC7IT0dWUd
something lgbt is happening,7KX5SphcG4yUjIaN3h6h9d,Kai&Violet,https://open.spotify.com/playlist/7KX5SphcG4yUjIaN3h6h9d
Hopkinton Pride Parade,3dNAZBbK2yUNghGGRPK7wJ,Freya,https://open.spotify.com/playlist/3dNAZBbK2yUNghGGRPK7wJ
CMT Pride ,7DoMzJfNJsUPQPqpXZmcWn,CMT,https://open.spotify.com/playlist/7DoMzJfNJsUPQPqpXZmcWn
lgbtEDM+,6uQl1gCcyTQglut8U8Lk01,Guilty Bystander,https://open.spotify.com/playlist/6uQl1gCcyTQglut8U8Lk01
LGBTQIA+ Affinity,4CM861nn52pxcnE3pm5c8l,Naz Alumni,https://open.spotify.com/playlist/4CM861nn52pxcnE3pm5c8l
LGBTQ+ español ,3JLPpEtzMdCLUaG9ZhU8nC,Ojkar,https://open.spotify.com/playlist/3JLPpEtzMdCLUaG9ZhU8nC
Bi and more lgbtqia+🏳️‍🌈 🏳️‍⚧️,5YYFO1pSydIuY4O16ZPMpH,Emma,https://open.spotify.com/playlist/5YYFO1pSydIuY4O16ZPMpH
(1990s-2010s) LGBT+ History in Music,2WS5DsnMLn47XVxjB6BHsV,StraySharks,https://open.spotify.com/playlist/2WS5DsnMLn47XVxjB6BHsV
MY Playlist #6 SONGS THAT ARE A BANGER!!!,4KI6UWrb7imm10jyJoCfze,💍*♱⛧+Taylor ⚚ Oaks+⛧♱*💍,https://open.spotify.com/playlist/4KI6UWrb7imm10jyJoCfze
🏳️‍⚧️🏳️‍🌈Pride playlist!🏳️‍🌈🏳️‍⚧️,4wXwGZ4b1Xye5pLD715Dfo,S & P,https://open.spotify.com/playlist/4wXwGZ4b1Xye5pLD715Dfo
reading in the academy with Booberry,0Kf9y1L3hpqOTONIWg2Nj6,OmniversalStargazer,https://open.spotify.com/playlist/0Kf9y1L3hpqOTONIWg2Nj6
Fruit Salad 🏳️‍🌈,2XhWxd703UZ0YHM67oTwdX,MaK ‘n Cheese,https://open.spotify.com/playlist/2XhWxd703UZ0YHM67oTwdX
Anti-LGBTQ,109vVJi2tvPrUp63iygo2l,Benish,https://open.spotify.com/playlist/109vVJi2tvPrUp63iygo2l
FEMALE RAPPERS/LGBT RAP,4XN8sdxggLUiR5GT5o55v3,HUNG4JESUS,https://open.spotify.com/playlist/4XN8sdxggLUiR5GT5o55v3
🏳️‍🌈CLEAN LGBT+ PLAYLIST🏳️‍🌈,2k7eT7Wf3uRiMVSy1mDPcS,Gio,https://open.spotify.com/playlist/2k7eT7Wf3uRiMVSy1mDPcS
🏳️‍🌈HAPPY PRIDE 🏳️‍🌈,6G3ur1236rB0cNCUN9GyFY,🐈‍⬛KittyKat 🖤,https://open.spotify.com/playlist/6G3ur1236rB0cNCUN9GyFY
the b in lgbt stands for bagel,5e3ybJ0xThEaz05Jd3MQFY,Ollie Oliver,https://open.spotify.com/playlist/5e3ybJ0xThEaz05Jd3MQFY
QUEER ANTHEMS: 50y of LGBTQIA PRIDE,6OVWNFTm61fbgkXZqHft2h,Evanovich M,https://open.spotify.com/playlist/6OVWNFTm61fbgkXZqHft2h
"músicas gays, bem gays, muito gays",64zm6116XDPfbO10VTB7cd,Elivan Torres,https://open.spotify.com/playlist/64zm6116XDPfbO10VTB7cd
when im feeling gay,7rifFjeKWJfyqn4a8LAxmg,frutigercheese,https://open.spotify.com/playlist/7rifFjeKWJfyqn4a8LAxmg
🏳️‍🌈 𝙿𝚛𝚒𝚍𝚎 𝙼𝚘𝚗𝚝𝚑 🏳️‍🌈,6pLFNyed1OufTLXWwr1JxO,𝙽𝚎𝚎𝚙𝚜,https://open.spotify.com/playlist/6pLFNyed1OufTLXWwr1JxO
Transfemme music,27OVOhKlcZ24GvlkmUvS3o,LieutenantJaku,https://open.spotify.com/playlist/27OVOhKlcZ24GvlkmUvS3o
Loser in LGBT,3C4dzBtPDQQNhtow6iVIUQ,ben!,https://open.spotify.com/playlist/3C4dzBtPDQQNhtow6iVIUQ
Lgbtq+,4csW2VGcGXYiZ8WzrZ8FWl,hawks,https://open.spotify.com/playlist/4csW2VGcGXYiZ8WzrZ8FWl
LGBTQ+,5rPU71KdvRNATGgCZ0GSvW,Lily Carbin,https://open.spotify.com/playlist/5rPU71KdvRNATGgCZ0GSvW
LGBTQIA+🌈  Music,2CpxrFscBYq4d0Wm9C67GU,∆Kacie∆,https://open.spotify.com/playlist/2CpxrFscBYq4d0Wm9C67GU
My LGBTQ playlist,0C9Y8IxrIHzI9qj0kuHNGc,EmmaLynn,https://open.spotify.com/playlist/0C9Y8IxrIHzI9qj0kuHNGc
LGBTQ,4Q4EhDRUWWl0Ph1ImdHPfo,thisismb,https://open.spotify.com/playlist/4Q4EhDRUWWl0Ph1ImdHPfo
LGBTQIA+ PRIDE 🏳️‍🌈🌈,658QAmcqsRC0tkAB25aCZy,Justin Speece,https://open.spotify.com/playlist/658QAmcqsRC0tkAB25aCZy
Club music for the lgbtqia+,3JwJqLM6tlI8EnUBgmtPM4,mackenziepallante,https://open.spotify.com/playlist/3JwJqLM6tlI8EnUBgmtPM4
for emergencies❗️((gay)),0JMmQaRnahrLLdIdbWZmfk,nadia,https://open.spotify.com/playlist/0JMmQaRnahrLLdIdbWZmfk
Burnt Out Millennial Vibes,7qnc8yRjTx7HttQuM1PZbq,Aventine911,https://open.spotify.com/playlist/7qnc8yRjTx7HttQuM1PZbq
LGBT:Liberty-Guns-Beer-Trump,6h8V56OA7PF2hWfJL1l5T5,Andrew,https://open.spotify.com/playlist/6h8V56OA7PF2hWfJL1l5T5
😜LGBTQ🌈🏳️‍🌈,4tvZFwTO0Ax9ctFiHpnQej,Reyna Bugz,https://open.spotify.com/playlist/4tvZFwTO0Ax9ctFiHpnQej
𖦹 LGBTQ+ vocaloid songs! ✮༅,129VaPvHdhfVZTZIXIgxvd,milqweee !! ✮༅,https://open.spotify.com/playlist/129VaPvHdhfVZTZIXIgxvd
LGBTQ+LOVE,5Ez3lTOl6JaGbMdvLNyhuZ,squishy_explores,https://open.spotify.com/playlist/5Ez3lTOl6JaGbMdvLNyhuZ
LGBTIQ 🏳️‍🌈,3cUokZrBZsBEYe1buh0YTw,Cristhian Restrepo-Moreno,https://open.spotify.com/playlist/3cUokZrBZsBEYe1buh0YTw
HOT BISEXUAL MUSIC,0XWwGaYHN6TRHNqE0O0ujq,hibis,https://open.spotify.com/playlist/0XWwGaYHN6TRHNqE0O0ujq
━╍　❛⠀ɢᴀʏ ᴀɴᴛʜᴇᴍꜱ⠀🏳️‍🌈,16yPUvA3bNJcTkabkzg7MU,𝐨𝐥𝐢𝐯𝐢𝐚𝐧,https://open.spotify.com/playlist/16yPUvA3bNJcTkabkzg7MU
16 hours of guess ft billie,6qqkmRtEuQw5O5uaQs6c9K,Millie <3,https://open.spotify.com/playlist/6qqkmRtEuQw5O5uaQs6c9K
Songs from The Stonewall Jukebox (June 1969),11QHNvB6UiFUC1lrJQKj30,Marco Collins,https://open.spotify.com/playlist/11QHNvB6UiFUC1lrJQKj30
all that I have,6tBqaqINZXK7B7KRLx9vou,Laur,https://open.spotify.com/playlist/6tBqaqINZXK7B7KRLx9vou
FUNK LGBTQIAPN+ BR 🏳️‍🌈,1kjuo6qTYUjO1jPo9jml50,Leonardo Oliveira,https://open.spotify.com/playlist/1kjuo6qTYUjO1jPo9jml50
LGBT,5B99EtEknTVjWnxkZHvHjN,Brandon Hodges,https://open.spotify.com/playlist/5B99EtEknTVjWnxkZHvHjN
LGBT Pride 💖🌈,5fqGJ4boH7H7vDVs0djoH8,Dio$dado ®   🤑🩷,https://open.spotify.com/playlist/5fqGJ4boH7H7vDVs0djoH8
LGBTQueue,2O5SjhQNxkqieJoY3t0dA6,brian.bward,https://open.spotify.com/playlist/2O5SjhQNxkqieJoY3t0dA6
🏳️‍🌈LGBT☮️❤️,1TWiBhxfPOqb2BSSK1j3qT,DjLeezs,https://open.spotify.com/playlist/1TWiBhxfPOqb2BSSK1j3qT
🏳️‍🌈pride playlist🏳️‍🌈,5ahHXyTwL9ZOT251Q1otqU,Evelyn101,https://open.spotify.com/playlist/5ahHXyTwL9ZOT251Q1otqU
"Yellow Springs, OH",13XCkx0AVitk6Jpp1n3bFJ,Baeatello,https://open.spotify.com/playlist/13XCkx0AVitk6Jpp1n3bFJ
Queer Coded ,0NsgE4vKvyCOy6vjUNxBwR,ARTV,https://open.spotify.com/playlist/0NsgE4vKvyCOy6vjUNxBwR
help i'm trapped in hell,1kiE4EgQCxb5aYnwich0m5,b ⋆˚࿔𖦹°‧⭑.ᐟ,https://open.spotify.com/playlist/1kiE4EgQCxb5aYnwich0m5
LGBT Audiobooks,7jDUMhWsspxAOJi3UwifkE,Ciara Ronnie,https://open.spotify.com/playlist/7jDUMhWsspxAOJi3UwifkE
lgbtq+ songs,7I0o9K6mqbi9AzEQOhnlms,Řøŵąñ,https://open.spotify.com/playlist/7I0o9K6mqbi9AzEQOhnlms
My lgbtq+ life playlist! ,6MwyLjMeL06JQOw3t5BXhT,AL133N><,https://open.spotify.com/playlist/6MwyLjMeL06JQOw3t5BXhT
LGBTQIA+ PRIDE,0cwqSlZaKYOS3gRyZUxj0W,Anders Nelson,https://open.spotify.com/playlist/0cwqSlZaKYOS3gRyZUxj0W
being an LGBT pre-teen,1ln7iz9mTCubRiB8pf3Sk6,caylalvc1234,https://open.spotify.com/playlist/1ln7iz9mTCubRiB8pf3Sk6
PRIDE DISCO & HOUSE 🏳️‍🌈 💖,43otAJiR3MBjKfM7HDMGWb,VERTUHA,https://open.spotify.com/playlist/43otAJiR3MBjKfM7HDMGWb
My Pride Playlist,2KvLYHjhQHbOMCVIQAwxHq,Peachy,https://open.spotify.com/playlist/2KvLYHjhQHbOMCVIQAwxHq
nathan chen core,0C5NUHYpsOIPisu2ZzgieX,alison ☆,https://open.spotify.com/playlist/0C5NUHYpsOIPisu2ZzgieX
【ɢᴏᴛʜ　ʟɢʙᴛ】part 2,2tlXoJpfRJ8Xw4asFistFr,jaz,https://open.spotify.com/playlist/2tlXoJpfRJ8Xw4asFistFr
Lgbt beats,2m2QC7O7VJCB5KkRSDAmot,hillaryjwaller,https://open.spotify.com/playlist/2m2QC7O7VJCB5KkRSDAmot
My favorite LGBTQ+ songs,2wmqYEIgpEUQu9oAuD307z,Lydia Warner,https://open.spotify.com/playlist/2wmqYEIgpEUQu9oAuD307z
Lgbtq ,2ZE9o2HcMykDRgRPzuft3d,Kaya,https://open.spotify.com/playlist/2ZE9o2HcMykDRgRPzuft3d
"""is he LGBT?""",3gOjNiPilrZq12ynmpvoED,veronaldca,https://open.spotify.com/playlist/3gOjNiPilrZq12ynmpvoED
WE WILL NOT BE SILENCED,4w7EcdTV2PBkNsYK25wXKb,EnbyDino,https://open.spotify.com/playlist/4w7EcdTV2PBkNsYK25wXKb
OUTLOUD Selects,7haonkLDaqt1WhL59G3UUK,OUTLOUD,https://open.spotify.com/playlist/7haonkLDaqt1WhL59G3UUK
🌈 Alphabet Soup for the Soul✨️,6eLPxHiFe2UfiPwWISGsET,Sha,https://open.spotify.com/playlist/6eLPxHiFe2UfiPwWISGsET
pour les gays,4vUBaL2ehBzgZ333iGlJf1,jus10martinez,https://open.spotify.com/playlist/4vUBaL2ehBzgZ333iGlJf1
Going insane be like:,3QzC48ZOv9B6UEE3sct0hJ,Charlie!^^,https://open.spotify.com/playlist/3QzC48ZOv9B6UEE3sct0hJ
Black Queer Excellence,2xI2V00HZTjXjNFUiLlaSz,frickenmia,https://open.spotify.com/playlist/2xI2V00HZTjXjNFUiLlaSz
🏳️‍⚧️LGBTQIA+🏳️‍🌈,0zYQMS10CqB38tcmuFj07x,🎸Nick✨,https://open.spotify.com/playlist/0zYQMS10CqB38tcmuFj07x
LGBTQIA+ House,1LjfwaIcjcs2lNBdmQzJn7,Brennon,https://open.spotify.com/playlist/1LjfwaIcjcs2lNBdmQzJn7
LGBT 🌈,6DTtFsup8a3jjR5JoCVt3d,Lexyruiz,https://open.spotify.com/playlist/6DTtFsup8a3jjR5JoCVt3d
LGBTQ+ Comedy,1yRSsLds4HqGreTyEFLJJm,Sabrina Johnson,https://open.spotify.com/playlist/1yRSsLds4HqGreTyEFLJJm
LGBTurnip,0MtnUDxdhl3B6ScxHFJkGZ,Mr Rabbitt,https://open.spotify.com/playlist/0MtnUDxdhl3B6ScxHFJkGZ
LGBT-coded black metal,0LRYMRR7SsVmMCJ6FBdJLU,kip,https://open.spotify.com/playlist/0LRYMRR7SsVmMCJ6FBdJLU
LGBTQ COUNTRY,552ZNBjJUiYSFbPmvvLmmX,Katie Rae,https://open.spotify.com/playlist/552ZNBjJUiYSFbPmvvLmmX
weird middle school kid playlist ( contains  LGBTQAI+),3tsjXsXTgexVVMS32xP1tM,Mitchell Family TV,https://open.spotify.com/playlist/3tsjXsXTgexVVMS32xP1tM
LGBTQ+ Artist ,7pdrRbwPONFnrsEnSvL4ll,Keisha Cheree Holland,https://open.spotify.com/playlist/7pdrRbwPONFnrsEnSvL4ll
biSEXual 🔥,3N9DXSqbLgRP6CDFH4yMyA,J.Teacake,https://open.spotify.com/playlist/3N9DXSqbLgRP6CDFH4yMyA
LGBT/LDS Cultural Immersion,7vcZrms9QJc5Hu139zsrmb,gregpage79,https://open.spotify.com/playlist/7vcZrms9QJc5Hu139zsrmb
Lgbt,4aF0GCnoPt2HonIBkpnDUu,.lyric,https://open.spotify.com/playlist/4aF0GCnoPt2HonIBkpnDUu
LGBTQ Artist,0ULYT7LWdNdZ8T8jb4Jn84,Maria Ciolfi Abrams,https://open.spotify.com/playlist/0ULYT7LWdNdZ8T8jb4Jn84
LGBTQ+ 2025,1maMHaARb0zft3lQb0XahR,Nicole van der Wal,https://open.spotify.com/playlist/1maMHaARb0zft3lQb0XahR
LGBTeQuilA,4I0OWxzVPw4AQtO5BV5C27,casaazulbuffalo,https://open.spotify.com/playlist/4I0OWxzVPw4AQtO5BV5C27
daydreaming,1djJdeDnWjFY3ZVf8F1Ap0,eve williams,https://open.spotify.com/playlist/1djJdeDnWjFY3ZVf8F1Ap0
Queer and Here Vibes 🌈✨️,2Pc7yrYosxR57iDEI5C5AM,Alex,https://open.spotify.com/playlist/2Pc7yrYosxR57iDEI5C5AM
Be Gay Do Crime,7Befzn0BpOC5DeKPSpbH7D,Joseph O'Donnell,https://open.spotify.com/playlist/7Befzn0BpOC5DeKPSpbH7D
Queer with Christ,52cvN3yJuF1ggXtFoowGfA,Sophia Spallino,https://open.spotify.com/playlist/52cvN3yJuF1ggXtFoowGfA
GAYMER,2iZ26VuOLWG6KcqBOupwiN,Your Name,https://open.spotify.com/playlist/2iZ26VuOLWG6KcqBOupwiN
Funk LGBTQIAPN+ pesadão  🔞🏳️‍🌈,2smxQGO6Qb9eLBWRcrgmFK,xuaaoo,https://open.spotify.com/playlist/2smxQGO6Qb9eLBWRcrgmFK
LGBTQ+ter*%#*,71mwY33wwTWrV459elAWHY,Scmusic7,https://open.spotify.com/playlist/71mwY33wwTWrV459elAWHY
.✦ ݁˖⋒ 𝖿rіᥱᥒძ ᥆𝖿 ძ᥆r᥆𝗍һᥡ ⋆｡°·☁︎,2MKZU7lptBb0RQd74z6nIe,⊹ ࣪ ˖┆𝖘𝖊𝖚𝖓★𝖏𝖆𝖊  ⤿ 💌 ⌗,https://open.spotify.com/playlist/2MKZU7lptBb0RQd74z6nIe
Immarriedtoanoverlord,6yw1JERFDf8oHSdIm68dR7,Y0k0 X3,https://open.spotify.com/playlist/6yw1JERFDf8oHSdIm68dR7
Queer Composers of Classical Music,1Mf9D67AZfQ0eeHphOmOug,des 🤍,https://open.spotify.com/playlist/1Mf9D67AZfQ0eeHphOmOug
Whored out,3x6K30v586WgZxEkjnA5ra,Iwishtofly,https://open.spotify.com/playlist/3x6K30v586WgZxEkjnA5ra
angel dust ventilation,705CPdgz3PV9ZXdOj8hIba,Eric thee Vermillion,https://open.spotify.com/playlist/705CPdgz3PV9ZXdOj8hIba
LetGodBeTrueQuickly,5ugkoto5sPuejdTx6sJwxe,bpawlikowski13,https://open.spotify.com/playlist/5ugkoto5sPuejdTx6sJwxe
Mad magic women,6LQUz5wEnaugEF6cbahCa5,historianraptor,https://open.spotify.com/playlist/6LQUz5wEnaugEF6cbahCa5
LGBTQ+ PRIDE SONGS,1eYIBOV8HlwKlG4bC2YH0C,＊*•̩̩͙✩•̩̩͙*˚ Fer ˚*•̩̩͙✩•̩̩͙*˚,https://open.spotify.com/playlist/1eYIBOV8HlwKlG4bC2YH0C
LGBT Justice Mass,5an14B9FpBoDVUwevLAVQ9,helen_mea,https://open.spotify.com/playlist/5an14B9FpBoDVUwevLAVQ9
LGBTQ + PRIDE • 2026,6sqSj41RQQJ0iDhLoxGqKD,CJ Ellis,https://open.spotify.com/playlist/6sqSj41RQQJ0iDhLoxGqKD
"🖤🔪🩸LGBTQ+, Satanist, Anarchist, Depressed🩸🔪🖤",1heUPk8giZIC4hCwfwiuNc,Nox,https://open.spotify.com/playlist/1heUPk8giZIC4hCwfwiuNc
putting the b in lgbtq+,5Vy5CuSI6qPVJj982CKtYq,nini,https://open.spotify.com/playlist/5Vy5CuSI6qPVJj982CKtYq
Black LGBTQ+ Pride: We The Main Cast!,09pwnAJopSPuKUxAREv1rQ,Norris Jay,https://open.spotify.com/playlist/09pwnAJopSPuKUxAREv1rQ
LGBTQ+-Inspired Playlist from The Persistent,0c2JCpzO1NABnWb7980Pka,han,https://open.spotify.com/playlist/0c2JCpzO1NABnWb7980Pka
"“It’s filthy, disgusting, so ugly I’m sure. I’m ugly, disgusting, And filthy for sure”",2WDro5OGGPPsYF9WG5dGJE,.ᐟ              ֹ⊱ 𝓋𝒾𝓋𝒾 ˙ 🐾ྀི   ̟ ☠︎︎,https://open.spotify.com/playlist/2WDro5OGGPPsYF9WG5dGJE
CABIN 14. . . ❛  children of Iris  ❜,7bT3yUgpWXIIL7KIteXpow,sophie lupin,https://open.spotify.com/playlist/7bT3yUgpWXIIL7KIteXpow
static dress,2XNL88ERLXyHCk2tHBoDTA,kath 🥀,https://open.spotify.com/playlist/2XNL88ERLXyHCk2tHBoDTA
LGBT ME🏳️‍🌈,2t6zDvtRfyzQwnuTPQ9bTr,kari.wehrkamp,https://open.spotify.com/playlist/2t6zDvtRfyzQwnuTPQ9bTr
LGBTQ+❤️,2iIPrNqLR31Cu1c32ZJ36D,Angie,https://open.spotify.com/playlist/2iIPrNqLR31Cu1c32ZJ36D
Reggaeton LGBTQIA+ Pride,1PzxPE21fa1T6F8Zg1VDEG,REGGAETON BRASIL,https://open.spotify.com/playlist/1PzxPE21fa1T6F8Zg1VDEG
LGBTQ,5EVE9FVvHri674H5oKRwIk,Rose,https://open.spotify.com/playlist/5EVE9FVvHri674H5oKRwIk
LGBTQIA+ SONGS,2hzhScYudGyKH1liPQDn1f,🏳️‍🌈TheChickenKing07🏳️‍⚧️,https://open.spotify.com/playlist/2hzhScYudGyKH1liPQDn1f
🏳️‍⚧️LGBTQIA+ Playlist🏳️‍🌈,0cS8lxyc0b1RImG6QgxjRH,GiggleRat<3,https://open.spotify.com/playlist/0cS8lxyc0b1RImG6QgxjRH
LGBTQIAesop,7J9gEpYg05BV3Nk8FSftyb,A K,https://open.spotify.com/playlist/7J9gEpYg05BV3Nk8FSftyb
LGBTQ Artists,7sHQyLyfZwRc0at1WLoWag,bahri1,https://open.spotify.com/playlist/7sHQyLyfZwRc0at1WLoWag
bora malhar gay 🌈🏋️‍♀️🦵,0Bmkaox1NI7FSJegy6io1m,@fabiomonsalli,https://open.spotify.com/playlist/0Bmkaox1NI7FSJegy6io1m
PRIDE🏳️‍🌈🏳️‍⚧️,1KgBtMXooGQOPR41ihyX2A,Brettiboo,https://open.spotify.com/playlist/1KgBtMXooGQOPR41ihyX2A
LGBT,0JncD5JU6vLooYzPhFGHVK,taolivar25,https://open.spotify.com/playlist/0JncD5JU6vLooYzPhFGHVK
LGBTQ+ PLAYLIST!! (EXTRA LONG AND GAY),5Squzvlk5vIqoE7KzcBmJF,🌎🐊 🎏☆Nıck☆🪼🎨🧸[💤🐸],https://open.spotify.com/playlist/5Squzvlk5vIqoE7KzcBmJF
PARADA GAY 2026 🏳️‍🌈 | parada lgbt | pop gay brasil | funk pop gay | parada LGBTQIA+ | pride 2024 | pop,6EuOyw3sMPdA3IzvwKs2lO,bussola,https://open.spotify.com/playlist/6EuOyw3sMPdA3IzvwKs2lO
LGBTQ+ 2,74bHgYy23Hs8CweoVKNV94,Danny,https://open.spotify.com/playlist/74bHgYy23Hs8CweoVKNV94
LGBT 🏳️‍🌈 ,3TtqRHGqUrl1JYsZEfaoVS,Noey De Leon,https://open.spotify.com/playlist/3TtqRHGqUrl1JYsZEfaoVS
my fave lesbian\lgbtqia+music,2dnKjMU3S0chZfQ8458pra,DTS,https://open.spotify.com/playlist/2dnKjMU3S0chZfQ8458pra
"john, i'm only dancing ;; LGBT+ rock",0oz7XhPMhdlXcn8omJ1o5w,VICO ¡¡,https://open.spotify.com/playlist/0oz7XhPMhdlXcn8omJ1o5w
Lover songs ! ^^,0hDIWnZDs1eLdur3cqr4A8,KaiLaine,https://open.spotify.com/playlist/0hDIWnZDs1eLdur3cqr4A8
Celebrating Pride! 🏳️‍🌈,6AINwk6xVVqZdw8oqvsiL9,Bart,https://open.spotify.com/playlist/6AINwk6xVVqZdw8oqvsiL9
music (‘made’ by  ‘gay’ creators),46IzUh9qNYmpHurX3AunS1,Jamie_speck,https://open.spotify.com/playlist/46IzUh9qNYmpHurX3AunS1
LGBTQ+,352bg5kzljwFyIQHiqguUz,gettheantiseptic,https://open.spotify.com/playlist/352bg5kzljwFyIQHiqguUz
LGBTQ true crime ,1pfLbfgS9UlofD7OulXOV6,Thea,https://open.spotify.com/playlist/1pfLbfgS9UlofD7OulXOV6
LGBTQ+ Songs,7rePg8lyHxjuko88kZaazt,Imgayforglam,https://open.spotify.com/playlist/7rePg8lyHxjuko88kZaazt
🏳️‍🌈 My fav LGBTQ songs 🏳️‍⚧️,4RhTdaQm8IE2s3H1gQLDG7,Makenzie,https://open.spotify.com/playlist/4RhTdaQm8IE2s3H1gQLDG7
DJEC LGBTQ,5dlMatU14znSSUb3j3oHoh,The Artist Emilio Cordova,https://open.spotify.com/playlist/5dlMatU14znSSUb3j3oHoh
Modern Country LGBTQ,3wiIbBg1Fu0lFL7D39x8CX,Tanner Snow,https://open.spotify.com/playlist/3wiIbBg1Fu0lFL7D39x8CX
the b in lgbt stands for bops,5QTuQbQqWdZoFyCQlZkl2l,Emmitt Simpson,https://open.spotify.com/playlist/5QTuQbQqWdZoFyCQlZkl2l
Pop gay Brasil/ AS MAIS TOCADAS,2zIZVmRya5GamggxxSc55E,Edsonpauladesigner,https://open.spotify.com/playlist/2zIZVmRya5GamggxxSc55E
🏳️‍🌈 The Current's Pride,0VJRSLcBSlZ5mbMxiIyEc3,The Current,https://open.spotify.com/playlist/0VJRSLcBSlZ5mbMxiIyEc3
Antifascist Black Metal Network,4RgAiGKmQZmJ24MoyEAWSJ,Nikita,https://open.spotify.com/playlist/4RgAiGKmQZmJ24MoyEAWSJ
LGBTQIA+,2xCZ494wis3CtkoMd0CJeT,Nat SEEING BTS 8/10,https://open.spotify.com/playlist/2xCZ494wis3CtkoMd0CJeT
LGBT indie folk artists 🌈,5lXIjKwcERAEmQluRSmthP,GO! INDIE,https://open.spotify.com/playlist/5lXIjKwcERAEmQluRSmthP
LGBTQ+ Movie & TV Soundtracks,3mux0QFnaUovtFKDnagC71,DJ Master Mac,https://open.spotify.com/playlist/3mux0QFnaUovtFKDnagC71
LGBT List,5PScUxJCARtpIphx2zVbk9,Corey D'Anna-Page,https://open.spotify.com/playlist/5PScUxJCARtpIphx2zVbk9
LGBTQ HOUSE-PARTY BLEND,0bFa1WuszGMmaIU9N7DWTa,Michael Chu DJ MC2,https://open.spotify.com/playlist/0bFa1WuszGMmaIU9N7DWTa
LGBTQ ,5rKGMawg63Q7U0Y7MyHMmn,Justin Stiles,https://open.spotify.com/playlist/5rKGMawg63Q7U0Y7MyHMmn
Pride Classics🏳️‍🌈Best LGBTQ+ Songs Playlist🏳️‍🌈Nostalgic Disco Fiver🏳️‍🌈Gay Pride Hits,1xo3Z9NJEhiWBgyy6XsQGH,bluetoay,https://open.spotify.com/playlist/1xo3Z9NJEhiWBgyy6XsQGH
🥀💋❤️love playlist❤️💋🥀,060fFXgDJ72xgIPogdJsxF,haru,https://open.spotify.com/playlist/060fFXgDJ72xgIPogdJsxF
Born to Shine,7DjddhPzKAezRxpzdIVDrs,Nugg Club,https://open.spotify.com/playlist/7DjddhPzKAezRxpzdIVDrs
MX PRIDE 🏳️‍🌈🏳️‍⚧️ OLD SCHOOL,3DUi1ZVLBidiIUDznQXrKH,Sergio PinMed,https://open.spotify.com/playlist/3DUi1ZVLBidiIUDznQXrKH
LGBTQIA+🏳️‍🌈⚧️🏳️‍⚧️⚣⚢⚤⚥⚦♁,1HxgLjqmKV01Q702v0Trn6,🩵𝓚𝔂𝓵𝓮𝓮🩵,https://open.spotify.com/playlist/1HxgLjqmKV01Q702v0Trn6
The ‘B’ in LGBT🩷💜💙,27xQ39LxS33TdamA3jeCzK,♡ Taylor ♡,https://open.spotify.com/playlist/27xQ39LxS33TdamA3jeCzK
Motivation (LGBTQ),5C46jJXPL1sbOr6SPecN8P,TT,https://open.spotify.com/playlist/5C46jJXPL1sbOr6SPecN8P
L.G.B.T.Q,3VVKMpmSbsTfyptPuhbGik,Paul Fabian,https://open.spotify.com/playlist/3VVKMpmSbsTfyptPuhbGik
Lee's Soulful LGBTQ+ Pride Mix,2e7q6hdF627Zj1Tx0Z8EBU,leecar73,https://open.spotify.com/playlist/2e7q6hdF627Zj1Tx0Z8EBU
spicy wlw songs,62mDmpPoIAJ9BvLliDw94C,taylor624,https://open.spotify.com/playlist/62mDmpPoIAJ9BvLliDw94C
real lesbian songs⚢,4IHu8eCgYXL2CAQGm9pcky,willowsage🌙,https://open.spotify.com/playlist/4IHu8eCgYXL2CAQGm9pcky
"Jimmy Somerville: Best Of | Bronski Beat, The Communards & More",5BR3fyB1HayoL3frOOsk9z,jimmysomervilleofficial,https://open.spotify.com/playlist/5BR3fyB1HayoL3frOOsk9z
jamming with gay vibes🤠🏳️‍🌈,62TJMrZjSNqBxteqbeilYF,miamusicverse,https://open.spotify.com/playlist/62TJMrZjSNqBxteqbeilYF
Gay but in a Tropical Forest way,2W6mABBt04aGBcgF5foL2a,CursedAM,https://open.spotify.com/playlist/2W6mABBt04aGBcgF5foL2a
LGBTQ+ SONGS!!! <3,1MZ3Yj2ZnBDlkiRhc2KepN,Emo Mushroom Bunny IDK,https://open.spotify.com/playlist/1MZ3Yj2ZnBDlkiRhc2KepN
LGBTQ+&therain songs,4kONJ4DxCwxRhVtGJDtHLE,Zee,https://open.spotify.com/playlist/4kONJ4DxCwxRhVtGJDtHLE
Lgbt,4y5e8nMSYfllIqcMCzw8xl,nickynink,https://open.spotify.com/playlist/4y5e8nMSYfllIqcMCzw8xl
 lgbtq+ 🏳️‍🌈 🏳️‍⚧️ ⁎⁺˳✧༚ ,4AQo81gUanvJf1HJ5T32sv,Ally,https://open.spotify.com/playlist/4AQo81gUanvJf1HJ5T32sv
kpop 4 pride month,1Ve2Hd4ZF646ZEZiYcbfde,nico ♡,https://open.spotify.com/playlist/1Ve2Hd4ZF646ZEZiYcbfde
summer (queer),1rYKzdT9rXXTOKVuDBDnrn,sapphoscience,https://open.spotify.com/playlist/1rYKzdT9rXXTOKVuDBDnrn
Weirdo playlist (read description)🏳️‍⚧️🏳️‍🌈🏳️🏴🐾💞⚧️,0zVnCYiEnCjTKDh0D1heps,Weirdo_on_pawzz🐾,https://open.spotify.com/playlist/0zVnCYiEnCjTKDh0D1heps
shake ass eat ass,2NLU69jkvE5c1QJrkvN8Bb,padma,https://open.spotify.com/playlist/2NLU69jkvE5c1QJrkvN8Bb
Sillysongz ;p,3OWyhjnQujsBwo2nnlJJ7P,🍁🍃~Max~🌿🍂,https://open.spotify.com/playlist/3OWyhjnQujsBwo2nnlJJ7P
Queer Coded Villain Energy,4lJwN5si1JrcNBSjPK5X0w,ammiebo,https://open.spotify.com/playlist/4lJwN5si1JrcNBSjPK5X0w
LGBTQ+ Pride Playlist,6pmuuy5VgQZzrdgFTyFHMQ,ECT MN LOTTERY,https://open.spotify.com/playlist/6pmuuy5VgQZzrdgFTyFHMQ
LGBT BBQ,06GCeeKBrM5aZWTJ6aSzwU,Bailey,https://open.spotify.com/playlist/06GCeeKBrM5aZWTJ6aSzwU
LGBTQ* Center Playlist,0KeB7nGcUpG44YIPdsXgAS,sblgbtqservices,https://open.spotify.com/playlist/0KeB7nGcUpG44YIPdsXgAS
🏳️‍🌈🏳️‍⚧️💋👩‍❤️‍💋‍👩*€£¥{TH3 B3$T LGBTQ+ $ONG$}¥£€🌈✨💫🏳️‍⚧️🏳️‍🌈♐️⚧️,2wYEHJIhlcJlXzqiQrKGwf,Addie,https://open.spotify.com/playlist/2wYEHJIhlcJlXzqiQrKGwf
gay classic rock (&pop),6Ok2IZudd7GKhjJQBXupPA,solvent_stafford,https://open.spotify.com/playlist/6Ok2IZudd7GKhjJQBXupPA
I’m Just A (Gay) Girl,04TykOpPcHCqF0Ck6XfRVz,Emmer,https://open.spotify.com/playlist/04TykOpPcHCqF0Ck6XfRVz
My Boyfriend is a Witch,5l6nSJUKdxwKcfxhlN6btB,Britt Antony,https://open.spotify.com/playlist/5l6nSJUKdxwKcfxhlN6btB
getting ready (gay) !,0eWXubV8ZTpMHqmUJzJldr,zach!,https://open.spotify.com/playlist/0eWXubV8ZTpMHqmUJzJldr
BARRY MANILOW - remixed and hits,6nngb5KCojtC4r6MEonkBz,Costa Lakoumentas,https://open.spotify.com/playlist/6nngb5KCojtC4r6MEonkBz
Happy Pride - Worship,0VYQrVCt3rxEMpMksSPtjT,Livvy Nolin,https://open.spotify.com/playlist/0VYQrVCt3rxEMpMksSPtjT
LGBT,4BeaiaTvVicY6Q0Q56JqQ4,Mae Widger,https://open.spotify.com/playlist/4BeaiaTvVicY6Q0Q56JqQ4
Lgbtq+,6OxxP7eQwCW16nmYcDTgai,*scy*,https://open.spotify.com/playlist/6OxxP7eQwCW16nmYcDTgai
LGBTQ ,1laatMVpCnE9xnsHUOiErh,bethlazorka4,https://open.spotify.com/playlist/1laatMVpCnE9xnsHUOiErh
LGBT,3uUecbPOz2ycas98AuD5E0,kaitbball1,https://open.spotify.com/playlist/3uUecbPOz2ycas98AuD5E0
LGBTQIA  Songs,2eLXbXmfM4LnlavBDiq5Cc,Wilbur :),https://open.spotify.com/playlist/2eLXbXmfM4LnlavBDiq5Cc
LGBTQ+,6XnsKMPkQ1FD14orgAYnvK,Eze,https://open.spotify.com/playlist/6XnsKMPkQ1FD14orgAYnvK
LGBTQ+ Wholesome & Squeaky Clean🌈🥰🏳️‍🌈,1Nms5D8GdAmHBPWbWXHPcd,Abigail Loch,https://open.spotify.com/playlist/1Nms5D8GdAmHBPWbWXHPcd
Save/repost if your any of these's,3YiO2cvGsJbZWD6dOATrT3,!                 ♥︎✩ʝυʅιαɳ🫒꙳◆🥹🫰,https://open.spotify.com/playlist/3YiO2cvGsJbZWD6dOATrT3
BMI’s High-Energy Mix: Pride Month Edition,4WsMShhPZ20q5kQPfNitVT,BMI,https://open.spotify.com/playlist/4WsMShhPZ20q5kQPfNitVT
Motion 🌈 - Jun 2026 Flow,42Vm9JzbKrQs7Rnb8Yp6Qo,Jennie Wu,https://open.spotify.com/playlist/42Vm9JzbKrQs7Rnb8Yp6Qo
Lgbtq💓,2ekp6cEyv1lpGBijUZ85kP,chelsea love k-pop not kpdh,https://open.spotify.com/playlist/2ekp6cEyv1lpGBijUZ85kP
LGBTBBQ '26,0mki03vee3BGEi2dkNZmQT,Matthew Lee,https://open.spotify.com/playlist/0mki03vee3BGEi2dkNZmQT
PRESHOW: LGBTQ & FEMME,1ruzcaVm6Gp3GevF6Ki59d,vtcomedy,https://open.spotify.com/playlist/1ruzcaVm6Gp3GevF6Ki59d
KIPPER  VIBE (FURRRRRRIIIIEEEESSS definitely welcome and therian and LGBTs),1JMcvRAdAggJhYrYqh5SFz,Ahliyian,https://open.spotify.com/playlist/1JMcvRAdAggJhYrYqh5SFz
A playlist made by two LGBTQIA+ people ,07cs8GsjuUeLmXyRQpoIbS,Eli •{He/They}•,https://open.spotify.com/playlist/07cs8GsjuUeLmXyRQpoIbS
trader joes lgbtq,7wKkrEfjnavXBd1iMocoyv,bea,https://open.spotify.com/playlist/7wKkrEfjnavXBd1iMocoyv
BLACK & GAY: LGBT+ CLUB 🏳️‍🌈  1.0 ,20msZacD9jYeKUTTpFjem9,IAMJEFFREEJAE,https://open.spotify.com/playlist/20msZacD9jYeKUTTpFjem9
BAD BITCH BOPS 2020 🔥,62DUqef0gM4VELp8vyPFZ1,Discover Weekly Playlists,https://open.spotify.com/playlist/62DUqef0gM4VELp8vyPFZ1
Woman’s Rage,03ywh63ClW8FYv5KiBf4aX,saraheddinger,https://open.spotify.com/playlist/03ywh63ClW8FYv5KiBf4aX
Queer Jazz,29xAl7k4D3iRt08BXtNSfK,Tina Edwards,https://open.spotify.com/playlist/29xAl7k4D3iRt08BXtNSfK
LGBTQ+ Party 🏳️‍🌈🏳️‍⚧️💖,1uRfSUgAqKrUPyADwgVXDT,Ismael Francisco,https://open.spotify.com/playlist/1uRfSUgAqKrUPyADwgVXDT
LGBT Emo Anthems,7Bkpk2TkfRwJcOqqYMMp0b,Marc Patterson,https://open.spotify.com/playlist/7Bkpk2TkfRwJcOqqYMMp0b
LGBTQ+ Pride,6WUuyfbyarqCCtU2mIyfC5,McKinley,https://open.spotify.com/playlist/6WUuyfbyarqCCtU2mIyfC5
"ORGULLO GAY 2026 ( World Pride Madrid 2026 , LGTB 2026 , LGBT 2026)",1UdSyV77clOv1BMBKfR4Ii,Miguel Martinez,https://open.spotify.com/playlist/1UdSyV77clOv1BMBKfR4Ii
Tom's LGBTQIA+ MIX,02yPcfcYJ9w4bNtyWcpL9A,tdpitts,https://open.spotify.com/playlist/02yPcfcYJ9w4bNtyWcpL9A
LGBTQ+ Lit Conference,6QUMtCPrsMEV699BMyQwdN,ada🪷,https://open.spotify.com/playlist/6QUMtCPrsMEV699BMyQwdN
Two-Spirit and Indigenous LGBTQIA Music,1xTFEx0GPlvWqEbcLTLWs5,Herman B Wells Library,https://open.spotify.com/playlist/1xTFEx0GPlvWqEbcLTLWs5
White Chocolate's PRIDE Playlist,2fY4rykaA1f0JRL6Xr2aUD,WCrollerskate,https://open.spotify.com/playlist/2fY4rykaA1f0JRL6Xr2aUD
GayPOPNB. 🧚🏾‍♂️🌈,0cQUAEZuBYez6YqnxTmlXM,Elijah Paul,https://open.spotify.com/playlist/0cQUAEZuBYez6YqnxTmlXM
LGBT Anthems Expanded,4JGhReX1G4oijagdBtz51Z,DJ JO JO,https://open.spotify.com/playlist/4JGhReX1G4oijagdBtz51Z
LGBTABC,2GT1TlwSmT7siI8jeaWxwH,Erin Cotton,https://open.spotify.com/playlist/2GT1TlwSmT7siI8jeaWxwH
LGBTQ+ Punk HIIT Flow,4C85DoB8EuRPkSjcs2N5OC,Crystal Rose Yoga,https://open.spotify.com/playlist/4C85DoB8EuRPkSjcs2N5OC
LGBTQ+ essentials,7xIsR6GHwt7RrLu9wOyLma,Lennon,https://open.spotify.com/playlist/7xIsR6GHwt7RrLu9wOyLma
[lgbtq+ artists 2026],5pzi2WR4xqqO2N4dIABIlJ,Gabriel Allison-Dixson,https://open.spotify.com/playlist/5pzi2WR4xqqO2N4dIABIlJ
The Stonewall Inn jukebox 1969 / WorldPride / NYC Pride / Stonewall50 / LGBTQ,1SF9Okemqy9XOTkeikqL7i,Spyder,https://open.spotify.com/playlist/1SF9Okemqy9XOTkeikqL7i
Kristine W featuring the Rainbow Mafia,2oPEaL0jdJWiAyLVvzjqqp,kristineweitz,https://open.spotify.com/playlist/2oPEaL0jdJWiAyLVvzjqqp
SFW Pride,1fMKcrnVvkj92MOhDq40qD,endtogether,https://open.spotify.com/playlist/1fMKcrnVvkj92MOhDq40qD
*gay noises*,5WgqgD0wUY1VipjtnlTojM,banyanya,https://open.spotify.com/playlist/5WgqgD0wUY1VipjtnlTojM
Queer Breakup Songs,01CJNlw7fx20XLK05wU7er,Them,https://open.spotify.com/playlist/01CJNlw7fx20XLK05wU7er
LGBT ,6JdrAm3cGci1WZo0NlPIAD,Levi_franklin,https://open.spotify.com/playlist/6JdrAm3cGci1WZo0NlPIAD
LGBTFB (Gaylist),4Vy7WEbIUT6dQcTnPO66DL,Fin,https://open.spotify.com/playlist/4Vy7WEbIUT6dQcTnPO66DL
♡LGBTQIA+ SUPPORT☆,16MgfQy4sgvU4SWn2cSjPO,Kolya,https://open.spotify.com/playlist/16MgfQy4sgvU4SWn2cSjPO
∘ོ⃟*¡LGBTQ PLAYLIST!∘ིྀ☆,0Mr7FT4EuKbyoAovKDJJhJ,ᴄᴀʀᴅɪɢᴀɴ★,https://open.spotify.com/playlist/0Mr7FT4EuKbyoAovKDJJhJ
LGBTQ AF,29pHPpXZfKDO5mQbhfTYX2,Lexie Yingst,https://open.spotify.com/playlist/29pHPpXZfKDO5mQbhfTYX2
"🏳️‍🌈 Nonbinary, Womxn, BIPOC, LGBTQI Artists Mix",2bxIXoJBWYrdrLTs9JqTGh,Sol,https://open.spotify.com/playlist/2bxIXoJBWYrdrLTs9JqTGh
🌈,7ESB5Fu1ZIHIfM5WOju98u,Meredith Sims,https://open.spotify.com/playlist/7ESB5Fu1ZIHIfM5WOju98u
The Gaylist 🌈,3Ybz8mbiKE24NV1T1ZehFV,Grace Henrich,https://open.spotify.com/playlist/3Ybz8mbiKE24NV1T1ZehFV
We got Pride at home,2mQ43h7zE2qHcaYe76geeu,comradecourt,https://open.spotify.com/playlist/2mQ43h7zE2qHcaYe76geeu
Not Your Average Scene,5AEwlzfiXzijirso9NhOfS,Charlie C,https://open.spotify.com/playlist/5AEwlzfiXzijirso9NhOfS
Fiesta LGBTTTIQA+🏳️‍🌈🏳️‍⚧️ México,1dgAx3Ery1LuNnQjJAO7cF,Lupita,https://open.spotify.com/playlist/1dgAx3Ery1LuNnQjJAO7cF
✨🎧🪐LGBTQ 🏳️‍🌈 ppl🪐🎧✨,4SUmBlDOQ2XlWvUhIGdwcE,✨🪐🎧Marissa🎧🪐✨,https://open.spotify.com/playlist/4SUmBlDOQ2XlWvUhIGdwcE
LGBT Playlist,7wN2qm0md5GLKkyxlEKURD,Macy,https://open.spotify.com/playlist/7wN2qm0md5GLKkyxlEKURD
My lgbtq list,22qZbEWIKqWDjRyOlnjDZg,Rachele Lambert,https://open.spotify.com/playlist/22qZbEWIKqWDjRyOlnjDZg
Aggressive Fem/LGBT,1GyWG1yF5fLdXJLi15YKt6,Angela Frey,https://open.spotify.com/playlist/1GyWG1yF5fLdXJLi15YKt6
🏳️‍🌈LGBTQIA+🏳️‍🌈,4wc0CmoCMtXq1bBPzzcLMB,StarlitBunnyx,https://open.spotify.com/playlist/4wc0CmoCMtXq1bBPzzcLMB
(;),6mrfJI75fH6NoGN3chuPT7,varsha,https://open.spotify.com/playlist/6mrfJI75fH6NoGN3chuPT7
Hip Hop Recs,7JaIRNFx1hQqD4NVrRd034,1220514623,https://open.spotify.com/playlist/7JaIRNFx1hQqD4NVrRd034
it's a mental breakdown (combative),1P3lc3alA12BqCYs3mtqag,akedaran,https://open.spotify.com/playlist/1P3lc3alA12BqCYs3mtqag
"La Meilleur Musique LGBT En Français 🏳️‍🌈 (Lesbienne, Gay, Bisexuel, Transgenre Chansons)",5Wyaa4LKsLmTjqZA3PJgds,Redlist Playlists,https://open.spotify.com/playlist/5Wyaa4LKsLmTjqZA3PJgds
LGBT,4zzJz7W7gZIxUBB0aCAcqA,Makayla,https://open.spotify.com/playlist/4zzJz7W7gZIxUBB0aCAcqA
My LGBT songs,6DjdEt8mJ3BKwoMaHGjpI9,Annalise Lancaster,https://open.spotify.com/playlist/6DjdEt8mJ3BKwoMaHGjpI9
LGBT songs,7LUzq0JSwUDwynimxhNh86,Anna Slobodnik,https://open.spotify.com/playlist/7LUzq0JSwUDwynimxhNh86
Torani LGBTQIA+,77T62vhtG8aqZj53wLjdK1,Torani Soundsys 4,https://open.spotify.com/playlist/77T62vhtG8aqZj53wLjdK1
PRIDE 2026 🌈 Orgulho 2026 LGBTQIAP+,6SCLHZWBOqO03ovccnpOQF,Filtr Music Brasil,https://open.spotify.com/playlist/6SCLHZWBOqO03ovccnpOQF
LGBT Pride,3EYzCYI97yCkQ5djHz7ZHS,121882339,https://open.spotify.com/playlist/3EYzCYI97yCkQ5djHz7ZHS
✨🏳️‍🌈Lgbtq songs🏳️‍🌈✨,5tCMOmSkH0eIHpEkt5xIio,lucy,https://open.spotify.com/playlist/5tCMOmSkH0eIHpEkt5xIio
I'm the villain mentally ill LGBTQ teens hyper-fixate on,0ncQDNJ8TO5tLADvL2xTKU,Fantasysnek,https://open.spotify.com/playlist/0ncQDNJ8TO5tLADvL2xTKU
OutSystems Pride Playlist,6tLGAcT4bjHi3lE9nqHFOu,OutSystems_PDE,https://open.spotify.com/playlist/6tLGAcT4bjHi3lE9nqHFOu
LGBT Brasil,7fyjhcAKvZPz6ljIFTtzEx,Gabriel,https://open.spotify.com/playlist/7fyjhcAKvZPz6ljIFTtzEx
LGBT,0WpFASfBUKiEAuB4tHjaSQ,Mari Sanchez,https://open.spotify.com/playlist/0WpFASfBUKiEAuB4tHjaSQ
LGBTQ ,3fhoQkrhJpr9q3AAPLaOHH,ADREIA BELTRAN,https://open.spotify.com/playlist/3fhoQkrhJpr9q3AAPLaOHH
LGBTQ,0tVJiudlC2dSwJNBABJING,Samana,https://open.spotify.com/playlist/0tVJiudlC2dSwJNBABJING
LGBTQ,4leOAzXKoay1mKHUFyQyc4,wayward_lostgirl_67,https://open.spotify.com/playlist/4leOAzXKoay1mKHUFyQyc4
Todos Me Miran - LGBT Pride Remix,0k8sFagK7A58kZkmb2pkEe,Jud.seve,https://open.spotify.com/playlist/0k8sFagK7A58kZkmb2pkEe
Pov: ADHD LGBTQ+ Burnout Gifted Gender-fluid or other  :),3zv8U3V2flNruUmAju3OCn,Morgie <3,https://open.spotify.com/playlist/3zv8U3V2flNruUmAju3OCn
Lgbtq,3Vbmp3PLP9ciS5ExbaSlU7,Christopher Kamp,https://open.spotify.com/playlist/3Vbmp3PLP9ciS5ExbaSlU7
"Be Gay, Do Crime - Love, The Alphabet Mafia",6xV136u1TmdxtosqoCXw7W,PeraMia,https://open.spotify.com/playlist/6xV136u1TmdxtosqoCXw7W
Punk,6MpZpMXjf345RJGAKEeDSj,Jax,https://open.spotify.com/playlist/6MpZpMXjf345RJGAKEeDSj
LGBTQ 🏳️‍🌈,3h0JmgOHBZWIqMLkU20lyD,Emily Hufford,https://open.spotify.com/playlist/3h0JmgOHBZWIqMLkU20lyD
LGBTQ+,5SE8OTYhLRnGCpw4hTxcUR,Fox Lover,https://open.spotify.com/playlist/5SE8OTYhLRnGCpw4hTxcUR
LGBTQueue,5eDTNFl4pD7PGQw6PBIYuH,katie,https://open.spotify.com/playlist/5eDTNFl4pD7PGQw6PBIYuH
LGBTQ+ Pride,4EXHb2202rJZla0mY1acl1,Brianna Hoegler,https://open.spotify.com/playlist/4EXHb2202rJZla0mY1acl1
lgbt++,5klBeVutfAntlFcd0vidLr,mildlyhappy,https://open.spotify.com/playlist/5klBeVutfAntlFcd0vidLr
most lesbian playlist i could think of👩‍❤️‍💋‍👩,3WlyvWxOh1nSyoEEbdb2wj,leila💗,https://open.spotify.com/playlist/3WlyvWxOh1nSyoEEbdb2wj
gay shii that reminds me of BL relationships from books and webtoons Tbh js mad tsai faves,6A5qvqYgvGegEcpmJitj0o,Anika,https://open.spotify.com/playlist/6A5qvqYgvGegEcpmJitj0o
Righteous Babe Pride,0gknSzSkH1vnrS9kxBku4J,Righteous Babe Records,https://open.spotify.com/playlist/0gknSzSkH1vnrS9kxBku4J
🫤🍏三月⛸️🎯,3ctr64N0x8X8h7qWYfeKFD,Timo Bee,https://open.spotify.com/playlist/3ctr64N0x8X8h7qWYfeKFD
LGBT,53Y4HtF2lg6JsdlozpAVbA,GlitcHin4u,https://open.spotify.com/playlist/53Y4HtF2lg6JsdlozpAVbA
LGBT+ Wrath Month 2026,46m6UBWgmzpkd7GyXYUjZh,Christian Slayer,https://open.spotify.com/playlist/46m6UBWgmzpkd7GyXYUjZh
LGBT MOVIE MUSIC,7Dsx4AGHLaWzveO05F8i7s,Hoelter,https://open.spotify.com/playlist/7Dsx4AGHLaWzveO05F8i7s
Canciones lgbt 🏳️‍🌈🏳️‍🌈,5Zu5zbXUFMCPy5c6XsQ2F9,Ámbar Deni,https://open.spotify.com/playlist/5Zu5zbXUFMCPy5c6XsQ2F9
LGBTQ+ & DRAG 🏳️‍🌈,3V1XIMaN0U8vFD9udObsyo,Juan Maldonado,https://open.spotify.com/playlist/3V1XIMaN0U8vFD9udObsyo
This Playlist is for the LGBTQIA+,5YA0FE3Na1Y8bu3VU2gdqs,Nevie,https://open.spotify.com/playlist/5YA0FE3Na1Y8bu3VU2gdqs
LQBTQ PLAYLIST 🏳️‍🌈💜💓💙,3TJXkjWZNe1yhdRgTZUbQz,brookiecookie,https://open.spotify.com/playlist/3TJXkjWZNe1yhdRgTZUbQz
QUEERS SURVIVING  A  ZOMBIE APOCALYPSE,6rJK1Uo2LHLuU8rkENgJSg,@#$%!,https://open.spotify.com/playlist/6rJK1Uo2LHLuU8rkENgJSg
david bowie made me gay,5ymWBJTn2v10ZsTNtklqFq,carol,https://open.spotify.com/playlist/5ymWBJTn2v10ZsTNtklqFq
LGBTQ+ Songs,0pOHuQkIHiX0fyAvwIuAXs,Aarilyn (I PROMISE) IFB,https://open.spotify.com/playlist/0pOHuQkIHiX0fyAvwIuAXs
lgbtq+ r&b feels,7AOgtuoCuMKKF2ukCNeO4m,Jo Ward,https://open.spotify.com/playlist/7AOgtuoCuMKKF2ukCNeO4m
LGBTQ,375kcnietvffBWnXridI0F,ad_barv2013,https://open.spotify.com/playlist/375kcnietvffBWnXridI0F
LGBTQ+ ,6tjTsDX6Ml0yr0KvlDnVLB,SmashUpGaming,https://open.spotify.com/playlist/6tjTsDX6Ml0yr0KvlDnVLB
1-2-LGBTQ,4lHjt60F7nObNDatWtcC8V,Joelyn Dormady,https://open.spotify.com/playlist/4lHjt60F7nObNDatWtcC8V
80s & 90s Pride,6BobYXW3J27qI1TWscslDL,your own kind of music,https://open.spotify.com/playlist/6BobYXW3J27qI1TWscslDL
raging lesbian,1v9Tzjkf7kFQxcxGqxlPqx,༺ c𖦹urtney ༻,https://open.spotify.com/playlist/1v9Tzjkf7kFQxcxGqxlPqx
gaylist ,5xgMBQpg3AByjAGKIJluxf,alyssa 🦇,https://open.spotify.com/playlist/5xgMBQpg3AByjAGKIJluxf
Homo-zestful ,4ChtLCQYbcjCXmIoCzTHBr,Coriander,https://open.spotify.com/playlist/4ChtLCQYbcjCXmIoCzTHBr
LGBTQ+ SONGS,443MXINrMwf2W5vQ9zVp1L,xcgeorge,https://open.spotify.com/playlist/443MXINrMwf2W5vQ9zVp1L
LGBTQ,4dQSFmEqQEbFNpg4mz4Qou,❥Vivi,https://open.spotify.com/playlist/4dQSFmEqQEbFNpg4mz4Qou
MY LGBTQ+ go tosss~,6o7fuC9dZBEe7KzC47bJab,Yuki Zhang~,https://open.spotify.com/playlist/6o7fuC9dZBEe7KzC47bJab
HINOS LGBTQIA+  🏳️‍🌈  ,0vMiD9ggF5pMvPuduQRV9S,Gustavo Melo,https://open.spotify.com/playlist/0vMiD9ggF5pMvPuduQRV9S
lgbt music,3eWzLPzGHAXGG5xSGyHL5s,galaxy 😝,https://open.spotify.com/playlist/3eWzLPzGHAXGG5xSGyHL5s
Gay club,0bCWf9wuv61ast9TaiJFtT,Isa,https://open.spotify.com/playlist/0bCWf9wuv61ast9TaiJFtT
Tipping The Velvet,6efUg2f9LW8tLAiENqHakQ,linktr.ee/MixtapeArchivist,https://open.spotify.com/playlist/6efUg2f9LW8tLAiENqHakQ
lav knight! ,6nZxGy0FRqQcEYvFIkCmom,meggsmitty,https://open.spotify.com/playlist/6nZxGy0FRqQcEYvFIkCmom
Queer Pop - gay pop songs,5O4ckVLdNGmZXMGkskZ40E,your own kind of music,https://open.spotify.com/playlist/5O4ckVLdNGmZXMGkskZ40E
Hallow-Queer Party Inspiration Mix,1tembGzzmNMVqzS1ocVdtE,Lauren Bersek,https://open.spotify.com/playlist/1tembGzzmNMVqzS1ocVdtE
LGBTQIA+ Songs,28Ku0dNUjnDozfSEoRXAMm,Toga's Bestie,https://open.spotify.com/playlist/28Ku0dNUjnDozfSEoRXAMm
LGBTQ+ pride!,4gHnCxyLevKNQH2pN6Wrjv,Pigwaffle🐱(ifb),https://open.spotify.com/playlist/4gHnCxyLevKNQH2pN6Wrjv
LGBTQIA+ Songs,3TPUdL3sdvfl8ywkjhr5AV,Joharra Harper,https://open.spotify.com/playlist/3TPUdL3sdvfl8ywkjhr5AV
lgbt artists,0AT7BPegmeBqIHcDhKxalj,Girl Dinner,https://open.spotify.com/playlist/0AT7BPegmeBqIHcDhKxalj
LGBTQ🏳️‍🌈,39Q69HPLDq0GcrfHvOZAA0,Jefferson,https://open.spotify.com/playlist/39Q69HPLDq0GcrfHvOZAA0
Vibe LGBT 🏳️‍🌈,3ukZWcx3sDYEmD2xtE6MFU,Jose Maria Elizalde,https://open.spotify.com/playlist/3ukZWcx3sDYEmD2xtE6MFU
Pride Power Hour  LGBTQ+ artists/allyships,2No89tHKX7Tz8nXqzjn9t2,Susan B Gehrke,https://open.spotify.com/playlist/2No89tHKX7Tz8nXqzjn9t2
Canciones de Amor Gay,0e1qwY06XzY5vC0iTy3yQx,lordsipan,https://open.spotify.com/playlist/0e1qwY06XzY5vC0iTy3yQx
Transgender And Proud!!!,4mGAwk5XpGiGVFRhwjtGef,Kate,https://open.spotify.com/playlist/4mGAwk5XpGiGVFRhwjtGef
Gender Euphoria June,07z6fEOO1yhb8e9TJdr9Uh,JustDyl,https://open.spotify.com/playlist/07z6fEOO1yhb8e9TJdr9Uh
Zuka's LGBT+  Playlist,6yunzOaItNFpvMxHOLa9pm,Zukateku,https://open.spotify.com/playlist/6yunzOaItNFpvMxHOLa9pm
LGBTQ+ playlist 🏳️‍🌈,7CFOngKpi9z2DpT6VhO1BO,DeLulu_0ffline🪫,https://open.spotify.com/playlist/7CFOngKpi9z2DpT6VhO1BO
LGBTQIA+ AF,1ZpQITNgX6xydHgnDezsH7,Tori Owensby,https://open.spotify.com/playlist/1ZpQITNgX6xydHgnDezsH7
LGBTQ+ Songs,1MtXbIPL4gw2sFkNxPKRif,💜Izzy✨,https://open.spotify.com/playlist/1MtXbIPL4gw2sFkNxPKRif
LGBTQ female for Nicole,3qN6spb38lGTrFY36g2zn8,Danette Pascarella,https://open.spotify.com/playlist/3qN6spb38lGTrFY36g2zn8
✨LGBTQI+ Pride Group✨,7KWH6qqDVSVu3yWkXttukt,camille,https://open.spotify.com/playlist/7KWH6qqDVSVu3yWkXttukt
"Femme fix ( ultimate powerhouse femme and enby ( LGBTQ+ vibe) takeover) (r&b, alt, soft, indie, pop)",3ISmdZBXPCw9ipXkzKw0lR,Kyra Saxon,https://open.spotify.com/playlist/3ISmdZBXPCw9ipXkzKw0lR
𝐋𝐆𝐁𝐓𝐐 🏳️‍🌈,6mUsLj5eIJiyUB8AbkxHIs,Sea King,https://open.spotify.com/playlist/6mUsLj5eIJiyUB8AbkxHIs
pride isn’t a sin,63iuzgRgV34YdTF63qVSZY,catecornelius,https://open.spotify.com/playlist/63iuzgRgV34YdTF63qVSZY
iced strawberry oatmilk latte,47vRK2EvGfYQqQOf1TgIgw,katrina,https://open.spotify.com/playlist/47vRK2EvGfYQqQOf1TgIgw
LGBTQ+,6MHdsVTGsiP8bgnLRJP8Ni,Parker,https://open.spotify.com/playlist/6MHdsVTGsiP8bgnLRJP8Ni
Lgbt,20Sg2WPcwmcIX2NCksCMx9,Mara Santtos,https://open.spotify.com/playlist/20Sg2WPcwmcIX2NCksCMx9
LGBTQ,4RuSdstq2PWLrygJVvtYAM,31whkpa6dg77i72zxen2ckpsla4i,https://open.spotify.com/playlist/4RuSdstq2PWLrygJVvtYAM
MY LGBT PLAYLIST ,1EQid7IY4Rz07OIsRw2aDB,southern_bunnie,https://open.spotify.com/playlist/1EQid7IY4Rz07OIsRw2aDB
LGBT hits,6wv1ftWZDuS1QBPOoKDwBg,Nova,https://open.spotify.com/playlist/6wv1ftWZDuS1QBPOoKDwBg
LOVE IS LOVE 🏳️‍🌈 LGBTQ+ vibes 🏳️‍🌈 ,2722uX0sS3kiEn5KC8aakz,Luisa Gaffga,https://open.spotify.com/playlist/2722uX0sS3kiEn5KC8aakz
chill lgbtqia resource center playlist,2sZf4cvDyKs2m4htVEZKaK,jupiter,https://open.spotify.com/playlist/2sZf4cvDyKs2m4htVEZKaK
d ‪‪ ❤︎‬,7d3wZ3D6RQT8mkFVBL4pxH,🐶,https://open.spotify.com/playlist/7d3wZ3D6RQT8mkFVBL4pxH
#noahfinncefortheweirdos,2fDsdnHoBKa0vK3r6DHqN5,wil,https://open.spotify.com/playlist/2fDsdnHoBKa0vK3r6DHqN5
LGBTQ+ Pride Month 5k,4MereDiSXlGTVUDdiOLdoK,fcojeda,https://open.spotify.com/playlist/4MereDiSXlGTVUDdiOLdoK
Freak&lgbtq,0ZE8L0qyRT0TKIzqoPCiN2,jaqui,https://open.spotify.com/playlist/0ZE8L0qyRT0TKIzqoPCiN2
Treino da LGBT+ LATINA ,47xpkTGPM8tXsDwLo5SgXx,Kelvis Marx,https://open.spotify.com/playlist/47xpkTGPM8tXsDwLo5SgXx
(1910s-1950s) LGBT+ History in Music,6Wltws7OcqH0n1SRFpKIsn,StraySharks,https://open.spotify.com/playlist/6Wltws7OcqH0n1SRFpKIsn
HAPPY PRIDE BITCH 😛,1CSYK3IhRq3rx4d5L2UAcM,Max🧷🎧,https://open.spotify.com/playlist/1CSYK3IhRq3rx4d5L2UAcM
Celebrate Pride 2026,6s19Wi8i4my7imiM3I4xom,Quinn,https://open.spotify.com/playlist/6s19Wi8i4my7imiM3I4xom
Sunshine.,1jKrcbJkWg5X52WqVUIQYZ,Ainslee,https://open.spotify.com/playlist/1jKrcbJkWg5X52WqVUIQYZ
Lincoln Pride Month Playlist,2ywcGEoYO6f3P90nwIs5ER,Bryan,https://open.spotify.com/playlist/2ywcGEoYO6f3P90nwIs5ER
TX2 or Evan,3Eo7B9TbHkXDmyJFhsStGL,Ash,https://open.spotify.com/playlist/3Eo7B9TbHkXDmyJFhsStGL
lgbtq ,05rFCfDFUoycBprYH9PfpF,Ariellaclairethomas,https://open.spotify.com/playlist/05rFCfDFUoycBprYH9PfpF
🖤LGBTQ+,077kfdrKMtXIE4JrsD6beN,🩻ace🔆🧷,https://open.spotify.com/playlist/077kfdrKMtXIE4JrsD6beN
LGBTQ/HUMAN RIGHTS,02Ob925pEoweZnLFM7KvxT,Alex 💜,https://open.spotify.com/playlist/02Ob925pEoweZnLFM7KvxT
Rolling with lgbt,0o68aGHb7Bpwy8gIk9eMLd,veeonsum,https://open.spotify.com/playlist/0o68aGHb7Bpwy8gIk9eMLd
2026 LGBTQ+ BRG Playlist,3wX2m9rNZft0GYM42Ds5Nc,JulesSoto,https://open.spotify.com/playlist/3wX2m9rNZft0GYM42Ds5Nc
lgbt pining,2ESOzT1D5JwvDo2uOWKLXp,Carson Bishop,https://open.spotify.com/playlist/2ESOzT1D5JwvDo2uOWKLXp
🏳️‍🌈🏳️‍⚧️LGBTunes🏳️‍🌈🏳️‍⚧️,70y9hJBaDJ48RalUCwm0xn,Rachel Magaria Hilborn,https://open.spotify.com/playlist/70y9hJBaDJ48RalUCwm0xn
Pride Month (LGBTQ),06FUaGeJZnL9cdDLb0HXti,Linky T,https://open.spotify.com/playlist/06FUaGeJZnL9cdDLb0HXti
Living In Oblivion - Pride Flashback Brunch (6.21.26),5X2bvfYcNxLaGirhII7b7c,DJ Synthia,https://open.spotify.com/playlist/5X2bvfYcNxLaGirhII7b7c
v4x,6cpSOX8ccLxYhEsUt64wSo,vuthya,https://open.spotify.com/playlist/6cpSOX8ccLxYhEsUt64wSo
LGBTQ+,7w0mArsoJ1tIh7YaCUmdgu,Masoniris,https://open.spotify.com/playlist/7w0mArsoJ1tIh7YaCUmdgu
LGBTQIA+,1xZKe2AzRJAq6BCtTJ0Y3k,Liliana,https://open.spotify.com/playlist/1xZKe2AzRJAq6BCtTJ0Y3k
A Very LGBT 4th of July,23MNfZhtRMzTstUW4dKNmP,ethanmc,https://open.spotify.com/playlist/23MNfZhtRMzTstUW4dKNmP
Do your parents approve of your lgbt lifestyle?,6dExQ8ws91JxaKeLSHodhW,embly,https://open.spotify.com/playlist/6dExQ8ws91JxaKeLSHodhW
InterWorks Pride Playlist,0jS4otv2naV9VzaVJH3jMT,Ashlee Langas,https://open.spotify.com/playlist/0jS4otv2naV9VzaVJH3jMT
🏳️‍🌈Nightcore playlist⚡️,5mIZQQdU1W7KoSvAhNw1LZ,N0T_0ll13,https://open.spotify.com/playlist/5mIZQQdU1W7KoSvAhNw1LZ
Don't you wish u changed your past ,2aCtZZaIQSQF5extx4Qjky,🚬🎧🫀🪐🍜,https://open.spotify.com/playlist/2aCtZZaIQSQF5extx4Qjky
RUNWAY REMIX,28lsBgVlKVUDplPnGn6VtI,Jojo *ੈ✩‧₊˚,https://open.spotify.com/playlist/28lsBgVlKVUDplPnGn6VtI
Pride Playlist 🏳️‍🌈,352aSBPpjad1ohwBCGDPyz,Stephen Goertz,https://open.spotify.com/playlist/352aSBPpjad1ohwBCGDPyz
lesbian longing....,2gMwLiPuJbWVaw0sDzx84I,corsairspade,https://open.spotify.com/playlist/2gMwLiPuJbWVaw0sDzx84I
LGBTQ+ Rappers,3UhZj6iWCiJHaJDve2Jhba,Adrian Mikel,https://open.spotify.com/playlist/3UhZj6iWCiJHaJDve2Jhba
Lgbt,1omfilyWCxuoYauJJAAmf3,Micheal Ray SaixBeserker,https://open.spotify.com/playlist/1omfilyWCxuoYauJJAAmf3
lgbt adhd mp3,2XWigsuFG0wmnZsvb6xOZ2,kwittkow,https://open.spotify.com/playlist/2XWigsuFG0wmnZsvb6xOZ2
PRIDE HITS 🏳️‍🌈🏳️‍⚧️ Orgulho LGBTQIAPN+ • Parada Gay • Músicas Internacionais  ,15klE7mMsGdx09qLybMdSB,Topsify Brasil,https://open.spotify.com/playlist/15klE7mMsGdx09qLybMdSB
LGBT vibes 💗💛💙,1BDNoluczTvE5qoYdfn4KF,Kendra Bell,https://open.spotify.com/playlist/1BDNoluczTvE5qoYdfn4KF
Putting the L in LGBT,6w6JLOzR2ULmQ7z1cW70ba,lovecr1me,https://open.spotify.com/playlist/6w6JLOzR2ULmQ7z1cW70ba
New Queer Music Weekly,5snPcGDnn1rHxTfTaiJ2Xp,Pride Tunes,https://open.spotify.com/playlist/5snPcGDnn1rHxTfTaiJ2Xp
ORGULLO V.i.P,7nhpSYeEQnd6QuO45Kkdn6,zona v.i.p,https://open.spotify.com/playlist/7nhpSYeEQnd6QuO45Kkdn6
The slay songs,3uXNijuSz2UJghCFjm5DAA,THE FACTORY RESET PLAN,https://open.spotify.com/playlist/3uXNijuSz2UJghCFjm5DAA
Freedom 🎆🇺🇸,4qXQWNzxaO67IWAGuicimA,Dana,https://open.spotify.com/playlist/4qXQWNzxaO67IWAGuicimA
LGBTQ SKA BANDS,68D8UEU0reYe7ut6FyxSzH,Skatune Network,https://open.spotify.com/playlist/68D8UEU0reYe7ut6FyxSzH
lgbtq+,5OHgfVfzmuC0bjW6aa5RjV,Ein!! <3,https://open.spotify.com/playlist/5OHgfVfzmuC0bjW6aa5RjV
lgbtqia+ peeps,6O2TGsNMBtDho64jOJWC1g,Lauren Ware,https://open.spotify.com/playlist/6O2TGsNMBtDho64jOJWC1g
PRIDE,1ySYKeERXMWJimmSDNCRRK,Beth Walker,https://open.spotify.com/playlist/1ySYKeERXMWJimmSDNCRRK
AHi Releases,1hysvEVFUFLavDyfcrw59F,Jack Ardshiel,https://open.spotify.com/playlist/1hysvEVFUFLavDyfcrw59F
PRIDE Voices,4NwZCR6CkvwhzZBJ8jB0Y3,CD Baby,https://open.spotify.com/playlist/4NwZCR6CkvwhzZBJ8jB0Y3
Queer Music ,0A1IVTGrK6bFrcft1B46oF,Tone,https://open.spotify.com/playlist/0A1IVTGrK6bFrcft1B46oF
super flirty talking dirty.💋🫦💄🍒,7nncyUFI8OPDY99WPrvGfU,Сел🦪,https://open.spotify.com/playlist/7nncyUFI8OPDY99WPrvGfU
They decided we didn't get rights at birth.,1zeG8Nr9ezcoYJXrq7pQN3,princesszyy,https://open.spotify.com/playlist/1zeG8Nr9ezcoYJXrq7pQN3
LGBT Prom,0SBRn2FQzpkAqjSbffDLQd,Jeren,https://open.spotify.com/playlist/0SBRn2FQzpkAqjSbffDLQd
Lgbtq+,7z4lYzPv4IRepUXkLKc9KR,Alexis Kerr,https://open.spotify.com/playlist/7z4lYzPv4IRepUXkLKc9KR
LGBT artists,3fK2LAMSDXXHWkPZcUm94X,Jojo,https://open.spotify.com/playlist/3fK2LAMSDXXHWkPZcUm94X
L.G.B.T.Q🏳️‍🌈,3jjtePKyq4DpeyNAeHzzi2,Miah Erdman,https://open.spotify.com/playlist/3jjtePKyq4DpeyNAeHzzi2
Lgbtq rights,5lOt2FVzMPtZbYPJRqfQD9,ashlynn (cavekid) ifb !!,https://open.spotify.com/playlist/5lOt2FVzMPtZbYPJRqfQD9
Bate Cabelo (Drag Music) |Tribal House (LGBT+),3RWcfk563gFzxN3PJrmHQH,Henry Lost Star,https://open.spotify.com/playlist/3RWcfk563gFzxN3PJrmHQH
 Therians only and aj songs,5aWOdkrCYG8bde86RkWdrF,🍁🪻Emery the abel simper🪻🍁,https://open.spotify.com/playlist/5aWOdkrCYG8bde86RkWdrF
SLUTPOP STAR 69 PRECUM AYESHA BIMBOCORE RATZ 🐀🐀,3uEU0dScuMAjSd3aiAdOs2,AngelAsh6969,https://open.spotify.com/playlist/3uEU0dScuMAjSd3aiAdOs2
"Feel Some Kinda Way, Girl [final cut]",3Q2AEh0nXcNKmUb6dieBr6,FERALIA_X,https://open.spotify.com/playlist/3Q2AEh0nXcNKmUb6dieBr6
Chosen Family,1EsQ0KmTd0mFNdutCU7Cjy,travis.fili,https://open.spotify.com/playlist/1EsQ0KmTd0mFNdutCU7Cjy
LGBTQ+ MUSIC,1QZ9dfgsTCjxnz9agKIesP,🌹🌸~Bassie~🌸🌹,https://open.spotify.com/playlist/1QZ9dfgsTCjxnz9agKIesP
LGBTQIA ➕,6KQ9SKEJMKzTfR0jd1oTrU,Noora,https://open.spotify.com/playlist/6KQ9SKEJMKzTfR0jd1oTrU
LGBTQIQA+ funsies,1qB1rWY4cPhIpO4pt9ZJht,Shelly Villarimo,https://open.spotify.com/playlist/1qB1rWY4cPhIpO4pt9ZJht
KidZone LGBT Festival,5lRXNWWaI81Yp9Rt0WhjNX,quicksand08,https://open.spotify.com/playlist/5lRXNWWaI81Yp9Rt0WhjNX
HËRO-The LGBT Music List,4feigEvmBBOTJDwaDFQrbk,Dominique CHR Musiclover,https://open.spotify.com/playlist/4feigEvmBBOTJDwaDFQrbk
Hello LGBTQ Community,4tGRTXRlsOIgTOXbqHXDhN,Derpzones,https://open.spotify.com/playlist/4tGRTXRlsOIgTOXbqHXDhN
《《~☆My beautiful lgbtq☆~》》,1VmbkeYvaYAvcYVfb26aY3,~☆Kyrø☆~,https://open.spotify.com/playlist/1VmbkeYvaYAvcYVfb26aY3
"LGBTQ (LEAN, GUNS, BITCHES, TRACKHAWKS, ect...)",3Vc2JhFJBzJfKPtJiBMuPC,day,https://open.spotify.com/playlist/3Vc2JhFJBzJfKPtJiBMuPC
lgbtlist,5u2wTuBUwdZG3XGOdTnQqm,vi,https://open.spotify.com/playlist/5u2wTuBUwdZG3XGOdTnQqm
geo dash lock in,34jKnoc4J8PVGJeswbSVev,☆,https://open.spotify.com/playlist/34jKnoc4J8PVGJeswbSVev
LGBTQ or just lesbian ,2YkU8OSgNPpUQLFbIrJEfh,Cain,https://open.spotify.com/playlist/2YkU8OSgNPpUQLFbIrJEfh
LGBTQ/Therian,144jX8q11kdIWLbgOr4ejP,karen,https://open.spotify.com/playlist/144jX8q11kdIWLbgOr4ejP
LGBTQ+,0tyRDjSuG2i9cRIyQDKUj8,😵‍💫🤧🥴River’s plural 🥴🤧😵‍💫(IFB<3),https://open.spotify.com/playlist/0tyRDjSuG2i9cRIyQDKUj8
Lgbt,6ld91LgXSMgvuVMGgFARtW,Tylerburris,https://open.spotify.com/playlist/6ld91LgXSMgvuVMGgFARtW
🏳️‍🌈LGBTQ+🏳️‍🌈,0hSKVQcdlhGzr4NYhLHMNs,🧜🏼‍♀️ 🌊 ~ Sleepy Siren ~ 🧜🏼‍♀️ 🌊,https://open.spotify.com/playlist/0hSKVQcdlhGzr4NYhLHMNs
LGBTQ PRIDE,3deb0nnDvCuVGj6js3na7G,Toby,https://open.spotify.com/playlist/3deb0nnDvCuVGj6js3na7G
LGBTQ+ Pride,2opbXl87uFTQVd3mzuZypS,12129637440,https://open.spotify.com/playlist/2opbXl87uFTQVd3mzuZypS
LGBTQ+ Related,5CpXkHsDanJWkBZqF9Jdqa,Jaime Parker Chase,https://open.spotify.com/playlist/5CpXkHsDanJWkBZqF9Jdqa
🌈LGBT+ Artists🌈 ✨No Twinks✨,36dwfiUsaXIocxpb19dIMr,Sammy Jessee,https://open.spotify.com/playlist/36dwfiUsaXIocxpb19dIMr
My Playlist,5Ru8ryiSvMahoZzmiapeB4,ꍏꌗꃅꀤꈤꍏ ☆,https://open.spotify.com/playlist/5Ru8ryiSvMahoZzmiapeB4
LGBT Brasil | LGBT Pride | Lgbt+ Lgbtq Lgbtqi Orgulho Gay Brasileiro Lesbian Lgbt Lacradorxs 🎵,6DrAZPCPhaeDD9dGvCbY46,Best Music,https://open.spotify.com/playlist/6DrAZPCPhaeDD9dGvCbY46
LGBTQ+,2Yve2hC9iCJLqBwMyd35tF,_xliyahx_,https://open.spotify.com/playlist/2Yve2hC9iCJLqBwMyd35tF
LGBT songs I like,3aCmg0SspaBrGWWwBoypeX,🌸🖤 Akari  Walker🖤🌸,https://open.spotify.com/playlist/3aCmg0SspaBrGWWwBoypeX
LGBTQIA+,02y5AhDMOFWhvPBKe2Ulbv,Galaxy Ferret Theorist,https://open.spotify.com/playlist/02y5AhDMOFWhvPBKe2Ulbv
LGBT ,5DDbq7MyCbfGWEbBheERJm,Simplest,https://open.spotify.com/playlist/5DDbq7MyCbfGWEbBheERJm
LGBTQ+ ERG Pride Playlist,3gGSlvQQ5aQdnXaIUK2wyK,shonn,https://open.spotify.com/playlist/3gGSlvQQ5aQdnXaIUK2wyK
LGBTQ x LGBTQ (The Definitive Tracks) [2001 - 2026],0VJtwybG6JBm3dG4Tns1hJ,TheRealCereghino,https://open.spotify.com/playlist/0VJtwybG6JBm3dG4Tns1hJ
🧠🏳️‍🌈LGBTQ rep,3hBK9TFhaGdxZ9MpvGyHfy,Brent Palmer,https://open.spotify.com/playlist/3hBK9TFhaGdxZ9MpvGyHfy
Jon Savage's The Secret Public - How The LGBTQ+ Aesthetic Shaped Pop Culture 1955-1979 [2.5hrs],1KHefeHuUFMzu3X43OnAaX,clivep1968,https://open.spotify.com/playlist/1KHefeHuUFMzu3X43OnAaX
C2 PRIDE MONTH,4p1uXradpfXJEZiaJUkiT1,Sanghi,https://open.spotify.com/playlist/4p1uXradpfXJEZiaJUkiT1
LGBT ELETRONIC MUSIC 🌈 DANCE GYM LGBT  / PRIDE TREINO / ELETRONICAS LGBT  MUSCULAÇÃO,1Rmd87bI7TYAQXiZZ0Zfj2,Nuno Oliveira,https://open.spotify.com/playlist/1Rmd87bI7TYAQXiZZ0Zfj2
lgbtq+,7jneL9Qxt442WHE7UpzMoJ,Hannah !,https://open.spotify.com/playlist/7jneL9Qxt442WHE7UpzMoJ
LGBTQ+,3jE13bVS5oJV6ujBUXt64O,Marley,https://open.spotify.com/playlist/3jE13bVS5oJV6ujBUXt64O
lgbtq,7B6sEaOZiQpZi8rExCKN18,Ashley,https://open.spotify.com/playlist/7B6sEaOZiQpZi8rExCKN18
LGBTQIA+ Pride ,4ocm5D53LDI0tgEIidmF19,H. A.,https://open.spotify.com/playlist/4ocm5D53LDI0tgEIidmF19
50 Stellar Songs By LGBTQ Artists That You Might Have Missed In 2018,6TTMTtV90HEB9IBudNHZnv,Billboard,https://open.spotify.com/playlist/6TTMTtV90HEB9IBudNHZnv
Pride Spotlight: LGBTQ+ Artists,1k5TCBVktgGAckWv3rMqsW,90.9 The Bridge,https://open.spotify.com/playlist/1k5TCBVktgGAckWv3rMqsW
꧁✰∼My love∼✰꧂,4wUSqwuD2byC0Qyve5N5r2,🦊🧡꧁✰∼Fifi∼✰꧂🧡🦊,https://open.spotify.com/playlist/4wUSqwuD2byC0Qyve5N5r2
Female DJs Trendsetters 2026,49xNh4VveWrvQC36f0ongg,Jess De La Souza,https://open.spotify.com/playlist/49xNh4VveWrvQC36f0ongg
queers on the beach,2QcKsOUS6WlteBLJxP0cNZ,fox,https://open.spotify.com/playlist/2QcKsOUS6WlteBLJxP0cNZ
LGBT,4VztJOiJiVTehXuZwpL68W,MaryClare Catherine StFrancis,https://open.spotify.com/playlist/4VztJOiJiVTehXuZwpL68W
LGBT+ Mix,6dTXwidbvXAtG1TAdmrbBy,Zane Muth,https://open.spotify.com/playlist/6dTXwidbvXAtG1TAdmrbBy
LGBTQ2SIA +,7juON104eF3nmP8MgXIMEE,| multifandom |,https://open.spotify.com/playlist/7juON104eF3nmP8MgXIMEE
LGBTQ+ Lesson Playlist,5s98Aby7Jfw86nx8q3fstw,Sarah Weedy,https://open.spotify.com/playlist/5s98Aby7Jfw86nx8q3fstw
🌈 LGBT Artists Playlist 😍,5aUUWTMIbb71QMykSsxtMX,Paul Susuico,https://open.spotify.com/playlist/5aUUWTMIbb71QMykSsxtMX
LGBTQ+,2Fd4CqWLm1Yvhn96YJNxjd,Ian,https://open.spotify.com/playlist/2Fd4CqWLm1Yvhn96YJNxjd
This diva 🥹,2PVZ9iI8r29i31SjGNhR9R,Tøp isnt emo 🏳️‍🌈🏳️‍⚧️✝️they/he  <3 ifb,https://open.spotify.com/playlist/2PVZ9iI8r29i31SjGNhR9R
June Songs,2sBULCj6oF4R6vVWdbR7e5,BillDaJonklar,https://open.spotify.com/playlist/2sBULCj6oF4R6vVWdbR7e5
Pride 2025: The Soundtrack to Our Stories,0JjHOI36Y4912FCsnTVdxc,UC San Diego Today,https://open.spotify.com/playlist/0JjHOI36Y4912FCsnTVdxc
summer's devils,09jK2ezeyvcd4Hho3ME07L,angelcoree,https://open.spotify.com/playlist/09jK2ezeyvcd4Hho3ME07L
Não Inviabilize LGBT,5AxdNjN207cEiCrTlGHIcD,renatopborges,https://open.spotify.com/playlist/5AxdNjN207cEiCrTlGHIcD
LGBTQ+,2zB7nLC9VoPwyLOI5yWGwI,🧡bakudeku💚 # A minor,https://open.spotify.com/playlist/2zB7nLC9VoPwyLOI5yWGwI
LGBTQ songs,3ZJvtC18k7qUNmkO5g8cE2,Arias,https://open.spotify.com/playlist/3ZJvtC18k7qUNmkO5g8cE2
Clean lgbt,4brBTVBpB2UfVVRYtPrTRK,Eleanor,https://open.spotify.com/playlist/4brBTVBpB2UfVVRYtPrTRK
Lgbt,33kLwE1wGq0khbRvkQXh4A,Mike24nl,https://open.spotify.com/playlist/33kLwE1wGq0khbRvkQXh4A
WLW/ LGBTQ+,6WH4X64z9HsDkbKczq8svc,Aubrey,https://open.spotify.com/playlist/6WH4X64z9HsDkbKczq8svc
Between Sets LGBTEA,7dWbGHvbKj6Xe74Ja0GJKs,AleXis Quinn 💋,https://open.spotify.com/playlist/7dWbGHvbKj6Xe74Ja0GJKs
REPOST IF YOUR IN ANY OF THESE FANDOMS,1G1Lk6h16nSTfRkjyWXaks,🌌⭐️♡Brightmoon⭐️♡🌌,https://open.spotify.com/playlist/1G1Lk6h16nSTfRkjyWXaks
"🌈Gay, Queer , Me💖",5QWkXh1sWKlZvddlbO20xU,Gabe 💖,https://open.spotify.com/playlist/5QWkXh1sWKlZvddlbO20xU
and on the 8th day god said GAY RIGHTS!,43vr36KgOMZU5PT4vKYYRe,homosplesbian,https://open.spotify.com/playlist/43vr36KgOMZU5PT4vKYYRe
LGBTQ+,1MDVIzWJvSwVoSMANnlQal,🌌V1X3N⭐️,https://open.spotify.com/playlist/1MDVIzWJvSwVoSMANnlQal
Songs for u lgbtq baddies💅🏻,18ingv9nO7UBIdzRRsvsrj,Ur local STAY and eyekon💅🏻🩷,https://open.spotify.com/playlist/18ingv9nO7UBIdzRRsvsrj
IM ROLLING WITH THE LGBT🏳️‍🌈🏳️‍⚧️❤️🧡🤍🩷💜,60eCyeUj8Fmk0an5xSTOm4,FLASHY FLASH IS MY GAY BESTIE,https://open.spotify.com/playlist/60eCyeUj8Fmk0an5xSTOm4
save or repost if ur LGBTQI+!!!🏳️‍🌈🏳️‍⚧️,3eXSMBtOipnRTLRallWw7y,!    { ☆~† ℒ𝑒𝓃𝓃𝒾𝑒 †~☆ }   ! IFB,https://open.spotify.com/playlist/3eXSMBtOipnRTLRallWw7y
Athmar LGBT Party,6UYWJelZ9Vl6DTmjeywkru,Bob Rebello,https://open.spotify.com/playlist/6UYWJelZ9Vl6DTmjeywkru
playlist for doing dumb shit w/ the closeted lgbtq+ community(fren group),6qjCWhMqgJkrAeSmsZsNnS,🍁🌭Taph with a hotdog❤️🖤//🍺,https://open.spotify.com/playlist/6qjCWhMqgJkrAeSmsZsNnS
"Liberty, Guns, Beer, Tits (LGBT)🇺🇸",5M3RNPGQJD4A81KA40LheV,Lucas Shannen,https://open.spotify.com/playlist/5M3RNPGQJD4A81KA40LheV
Gay Pride 2026,2hgNHRFN7N1KPMyXKBbkvy,NSM,https://open.spotify.com/playlist/2hgNHRFN7N1KPMyXKBbkvy
Women,7DWKFeZ1CfE3m2KJolsj3Q,Bri Pena,https://open.spotify.com/playlist/7DWKFeZ1CfE3m2KJolsj3Q
I Want To Break Free,52h1k0arT1bGqOvJIxKzhm,mdk5161,https://open.spotify.com/playlist/52h1k0arT1bGqOvJIxKzhm
LGBTQ+ Japanese Music,59JM4HjgvLC0FbYtI1knsk,Delirium Zer0,https://open.spotify.com/playlist/59JM4HjgvLC0FbYtI1knsk
LGBTQ+,4Glbl8BjBtEEQMhCbf2ECL,B-dog,https://open.spotify.com/playlist/4Glbl8BjBtEEQMhCbf2ECL
LGBTQ+ Songs,2qSysW5vzYE1DawL8XlkLo,Kieran The Alien,https://open.spotify.com/playlist/2qSysW5vzYE1DawL8XlkLo
LGBTQ 🌈🌈,1S8p4n3eqkqoNc3qAApAXp,Lily A,https://open.spotify.com/playlist/1S8p4n3eqkqoNc3qAApAXp
lgbtqia + a shot of espresso,0TciUo1EJhFUvtTdkQRss4,rayismental,https://open.spotify.com/playlist/0TciUo1EJhFUvtTdkQRss4
Hot LGBTQ+ Summer,6Yr6WKnxVmLpSEuUhB7zqG,Jordan Colleen,https://open.spotify.com/playlist/6Yr6WKnxVmLpSEuUhB7zqG
i'm feeling really lgbt right now!!!!!,7uMOBkm5IUu7BEK9iSFZlu,Catherine Collison,https://open.spotify.com/playlist/7uMOBkm5IUu7BEK9iSFZlu
"Mighty Real: A History of LGBTQ Music, 1969-2000*",5hPwEgQZuFcFcPKRZUsXsx,Kwgross,https://open.spotify.com/playlist/5hPwEgQZuFcFcPKRZUsXsx
They don’t like me back. They will never like me back.,2fVAGqPAHs6KsfuR3V3RYZ,Panda,https://open.spotify.com/playlist/2fVAGqPAHs6KsfuR3V3RYZ
Love is love💗🏳️‍🌈,1PDkDHYxeroAmZDqLSECo6,Blue goose,https://open.spotify.com/playlist/1PDkDHYxeroAmZDqLSECo6
lGBTQ+,0p9fRjB61iR8bh3Ahy3TaM,Kenney Jade,https://open.spotify.com/playlist/0p9fRjB61iR8bh3Ahy3TaM
LGBTQ+🏳️‍⚧️🏳️‍🌈👩🏼‍❤️‍💋‍👩🏻,5C4ErnQickWxqGN5QEZV4j,Jadelynn 👻🃏🤍,https://open.spotify.com/playlist/5C4ErnQickWxqGN5QEZV4j
🏳️‍🌈♡~Lgbtq stuff~♡🏳️‍🌈,0ohFQ8grNLDYT16iytqMAW,💙✨️~Lucia~✨️💙,https://open.spotify.com/playlist/0ohFQ8grNLDYT16iytqMAW
LGBT Car Time,1XMb6jxDhois60pBY9gBGy,milftopia,https://open.spotify.com/playlist/1XMb6jxDhois60pBY9gBGy
LGBTQ+,2wGmNmCfouOkVjbolQAF80,Moonstone,https://open.spotify.com/playlist/2wGmNmCfouOkVjbolQAF80
hello lgbt,1htvjrw4RIIyWmVSq7JUTc,Zoesaur,https://open.spotify.com/playlist/1htvjrw4RIIyWmVSq7JUTc
LGBTQ Racing,0v6Q0XH9kdYfreswXFqvmP,nekkomata,https://open.spotify.com/playlist/0v6Q0XH9kdYfreswXFqvmP
🏳️‍⚧️🏳️‍🌈PRIDE 🏳️‍🌈🏳️‍⚧️,2O23qGyRUdqLPaJmrzFsqU,🏳️‍🌈✨~Lexy~✨🏳️‍🌈,https://open.spotify.com/playlist/2O23qGyRUdqLPaJmrzFsqU
Pride Along,0y1knxykQ2I1CEJRmPUAIY,Sergio Toranzo,https://open.spotify.com/playlist/0y1knxykQ2I1CEJRmPUAIY
LGBTSwift ,0Axrfv8LRNE14eCcmTjRGq,Courtney Graham,https://open.spotify.com/playlist/0Axrfv8LRNE14eCcmTjRGq
Lgbtqia+ Songs :],0cuUWKNuGlkhzFmlEMWhVF,Brooklyn,https://open.spotify.com/playlist/0cuUWKNuGlkhzFmlEMWhVF
LGBTQCORE,2oFigToAXhvbhCnn4Lykjy,Morgan Elizabeth,https://open.spotify.com/playlist/2oFigToAXhvbhCnn4Lykjy
LGBTQ playlist,2Ixc9m2vDzmGxlR6vQPjtG,Kristin,https://open.spotify.com/playlist/2Ixc9m2vDzmGxlR6vQPjtG
LGBTQ+,0Emg95G7a3nKCu4yNfyvDS,Keira Wood,https://open.spotify.com/playlist/0Emg95G7a3nKCu4yNfyvDS
lgbtq indie2021 <3,1Y56cOSSWC01evrTyJDEv8,manyminutesmore,https://open.spotify.com/playlist/1Y56cOSSWC01evrTyJDEv8
✨🌈🏳️‍🌈LGBTQ+🏳️‍⚧️ ☁️✨,2iglDYrZ51Ygx3zvUOotLR,LittleLondy47,https://open.spotify.com/playlist/2iglDYrZ51Ygx3zvUOotLR
Hah that’s gay,2xS4YqyPEbwiwS7G4loXc7,Delimeat,https://open.spotify.com/playlist/2xS4YqyPEbwiwS7G4loXc7
funky little queer indie songs 🌿,4SiZL3A6pw44hDKpIlQuWO,elix ✶,https://open.spotify.com/playlist/4SiZL3A6pw44hDKpIlQuWO
queer and longing. yearning even,0zvwndgqEG3uFJ6UgF7nlg,🎷🐛,https://open.spotify.com/playlist/0zvwndgqEG3uFJ6UgF7nlg
QUEER PUNK/RIOT GRRRL,52fYMqFoYWMdw34ZQ9zkyL,jade,https://open.spotify.com/playlist/52fYMqFoYWMdw34ZQ9zkyL
Queer As Folk: the Playlist,5daZAnlFSoDcysEafzysLx,Thomas De Brouwer,https://open.spotify.com/playlist/5daZAnlFSoDcysEafzysLx
Omar Apollo — COMPLETE COLLECTION,5DgegTu2VekJz6RYpTjPSe,Omar Apollo,https://open.spotify.com/playlist/5DgegTu2VekJz6RYpTjPSe
Queer Guilt and internalized homophobia ,3j8n5McyOJVfSrogRpb7f9,Ren!! ♡,https://open.spotify.com/playlist/3j8n5McyOJVfSrogRpb7f9
Queer - Luca Guadagnino (Original Motion Picture Soundtrack),4ZE9iG4FasUMsGStxeULmX,Soundtracker UK,https://open.spotify.com/playlist/4ZE9iG4FasUMsGStxeULmX
Queer joy✨,0Q07dqu4Viurh91qTWHtnq,Miranda Isabelle,https://open.spotify.com/playlist/0Q07dqu4Viurh91qTWHtnq
Lesbian Rnb + Slow Jams ✂️,0lU5oEQfue4NzCvM0sZNj0,musicgeek2014,https://open.spotify.com/playlist/0lU5oEQfue4NzCvM0sZNj0
"“he is half my soul, as poets say” | patrochilles",3Kqx0uprrLLHEMO2m8MuON,lynxiscool,https://open.spotify.com/playlist/3Kqx0uprrLLHEMO2m8MuON
QUEER WAREHOUSE RAVE (SLUT),6luRYdUTUAm9PH5wujP4ud,🎱sean,https://open.spotify.com/playlist/6luRYdUTUAm9PH5wujP4ud
QUEER AS FOLK,7azOVgvwg599iVkpWAtSu0,Maiane Zanotto,https://open.spotify.com/playlist/7azOVgvwg599iVkpWAtSu0
Kara Zor El / Supergirl (2026),3U1sjEbShfZ1sQLBPschWc,Audrey,https://open.spotify.com/playlist/3U1sjEbShfZ1sQLBPschWc
Songs that are ACTUALLY like Ptolemaea ,38FtlM0duv2DHU7eCOfunB,T🖤,https://open.spotify.com/playlist/38FtlM0duv2DHU7eCOfunB
queerplatonic relationship vibes,0lwyLIxkPBYQcHDcuVV8sa,Jasper ☆,https://open.spotify.com/playlist/0lwyLIxkPBYQcHDcuVV8sa
queerplatonic love songs <33,728XoJVELA0zPp0Q9ByyUa,sage <3,https://open.spotify.com/playlist/728XoJVELA0zPp0Q9ByyUa
Queer Joy is Resistance,28UUg2P89MPuwUEKWjKFUN,Oh No It's Aaron,https://open.spotify.com/playlist/28UUg2P89MPuwUEKWjKFUN
"lesbian rock, grunge, and punk",5ndOSYiILqihqQuvVv0aHo,Daydreambeliever,https://open.spotify.com/playlist/5ndOSYiILqihqQuvVv0aHo
queer love songs,50HLi5xP11LVoOTQB39y7n,Woman enjoyer,https://open.spotify.com/playlist/50HLi5xP11LVoOTQB39y7n
Queer Dance Party✨🌈,69mw48STcOHiamPoochy69,jakesellis,https://open.spotify.com/playlist/69mw48STcOHiamPoochy69
cunty voguing music💋,3tLLDUmCMyd7EFz9rQ39lN,taylor624,https://open.spotify.com/playlist/3tLLDUmCMyd7EFz9rQ39lN
"I'll believe in anything, you'll believe in any. thing. ",1ykq0uPrWAVC6KZCVLdg4g,anaemely,https://open.spotify.com/playlist/1ykq0uPrWAVC6KZCVLdg4g
Nick & Norah's Infinite Playlist (2008) - OST Original Soundtrack Complete,7B3cmGPZ7IfL2wylHtbyns,Alena FILMGEEKMCGEE,https://open.spotify.com/playlist/7B3cmGPZ7IfL2wylHtbyns
"lesbiana, dyke folk, and queer country",7yumA5Umx8gEroZks5t4wl,liz sullivan,https://open.spotify.com/playlist/7yumA5Umx8gEroZks5t4wl
Queer As Folk - Season 1 complete soundtrack,6vJxZfXsOljyksKWEOT387,Feroni,https://open.spotify.com/playlist/6vJxZfXsOljyksKWEOT387
queer club bangers,1F6t8LnKX8xznby4AaqPWC,dolphinnoise,https://open.spotify.com/playlist/1F6t8LnKX8xznby4AaqPWC
"Get in loser, we’re going cryptid hunting.",6NfEZERAfRQgYOyzn422Bv,Raven pearl,https://open.spotify.com/playlist/6NfEZERAfRQgYOyzn422Bv
y’allternative ♱,3c2Z9VHZ3Mm1HzzLmy78Tv,kody  ^_^,https://open.spotify.com/playlist/3c2Z9VHZ3Mm1HzzLmy78Tv
Mulan vibes,2DWPKki8fMmtKkX2fnpUjO,Rontu,https://open.spotify.com/playlist/2DWPKki8fMmtKkX2fnpUjO
queerplatonic/alterous crush on someone,2DznAiawSXwKNibcSl6yLh,carbonated-olive-juice,https://open.spotify.com/playlist/2DznAiawSXwKNibcSl6yLh
i’ll pine away forevermore for andrew in drag,3cy39QRzoy292WAvo9qxan,eef,https://open.spotify.com/playlist/3cy39QRzoy292WAvo9qxan
joker playlist (vibes and kin) cuz im delulu for my queercoded bitchboy,6Z9kRiq0T4IuqehDJ2gp8d,suicide??! no be silly:3,https://open.spotify.com/playlist/6Z9kRiq0T4IuqehDJ2gp8d
queer religious guilt complex ,0sileE5P3XhxMeVPQ4DxWz,trinapintar,https://open.spotify.com/playlist/0sileE5P3XhxMeVPQ4DxWz
queer platonic relationship supremacy,6UTldfKZhdR9pRdXc2lbMw,soaps,https://open.spotify.com/playlist/6UTldfKZhdR9pRdXc2lbMw
DandyJoey's Big Slay POOL Party Mix 💦,7qp2VDNw7RBnbKDFAu2VxT,dandyjoey,https://open.spotify.com/playlist/7qp2VDNw7RBnbKDFAu2VxT
Unproblematic Riot Grrrl,4reTUu4ZIzYHzFnHDKbXhS,DipShitGuac,https://open.spotify.com/playlist/4reTUu4ZIzYHzFnHDKbXhS
klezmer punk for yiddish queers,5v1tXQguBAUitKYpCNQwXr,juno🪻,https://open.spotify.com/playlist/5v1tXQguBAUitKYpCNQwXr
There are QUEERS in CAMELOT,3CLr0Oi98Wm6t9tNG5lARN,haiba_lev,https://open.spotify.com/playlist/3CLr0Oi98Wm6t9tNG5lARN
whimsyfolk,5D5t1YJgNcEfnb1etNj2Rr,pikachu,https://open.spotify.com/playlist/5D5t1YJgNcEfnb1etNj2Rr
Queer Indigenous Artists Playlist,0UXRtNngKbw6ikzYwTbzpf,Them,https://open.spotify.com/playlist/0UXRtNngKbw6ikzYwTbzpf
🪽⌣ 𓏲 LOL it must be! ──── brandonworks . ·♱,2UDqUU2gUy1rgS7hsDyVnI,598,https://open.spotify.com/playlist/2UDqUU2gUy1rgS7hsDyVnI
Hulu's Fire Island - Official Playlist,3PYD6Wt9MKN5fBZPINlzcz,Hulu,https://open.spotify.com/playlist/3PYD6Wt9MKN5fBZPINlzcz
Anti-Fascist Punk and Metal,22EMrg3jO8G5cYDlEA4MTM,Damascus,https://open.spotify.com/playlist/22EMrg3jO8G5cYDlEA4MTM
progressive country music ,2oAmtefDgLxUDGAk1iuSxg,jlynn,https://open.spotify.com/playlist/2oAmtefDgLxUDGAk1iuSxg
but it lends itself too well to aimless driving,3ZEIYxjQ7C8Ng9U9ZkqlhZ,Olive's Playlists!,https://open.spotify.com/playlist/3ZEIYxjQ7C8Ng9U9ZkqlhZ
Queer&Indie,2mUWioj3DLr6o0jixi6E65,Bryce Bowyn,https://open.spotify.com/playlist/2mUWioj3DLr6o0jixi6E65
Queer music/Voguing,5GlATdvoX5peM7aWjPq4j4,dariush-s,https://open.spotify.com/playlist/5GlATdvoX5peM7aWjPq4j4
POV: you don’t feel loved{ a vent playlist },3JVamoakWVmN196kKgjpVe,Im_dead_lol,https://open.spotify.com/playlist/3JVamoakWVmN196kKgjpVe
Lesbian Love Songs,2FamloNHlbkCQj6GsHMcWr,Zahra Deljoui,https://open.spotify.com/playlist/2FamloNHlbkCQj6GsHMcWr
the queer mad scientist spiraling into insanity,5zEKKln1mlcB9F3OKBim4b,callum !!,https://open.spotify.com/playlist/5zEKKln1mlcB9F3OKBim4b
Indie folk but make it queer…,1GlZOdUrfNr3pZi50om6ZZ,@asiafaith,https://open.spotify.com/playlist/1GlZOdUrfNr3pZi50om6ZZ
wlw friends to lovers tension,5fuUVrAwtE8sutkP50CS8H,dags,https://open.spotify.com/playlist/5fuUVrAwtE8sutkP50CS8H
since rookie season (hollanov),5oO76B7p1qdrCBfymwLb3Q,ky,https://open.spotify.com/playlist/5oO76B7p1qdrCBfymwLb3Q
Queer indie,6oVZ3II6QkvFEz9NfJoCqX,laughjenna,https://open.spotify.com/playlist/6oVZ3II6QkvFEz9NfJoCqX
Queer disco,2HAuychwLbDbOSAb1ZrNQS,Tash💋,https://open.spotify.com/playlist/2HAuychwLbDbOSAb1ZrNQS
soft queer vibes,6pUyQl99UWUoAN8OTXF8bJ,care🐦‍⬛,https://open.spotify.com/playlist/6pUyQl99UWUoAN8OTXF8bJ
songs harley quinn would scream to in her (stolen) car,0SilSc2jEttoi3spIFA8cK,lakey wakey,https://open.spotify.com/playlist/0SilSc2jEttoi3spIFA8cK
Songs for goth lesbians,5sfj65h1AqK20qiaeWxT7M,Vivian,https://open.spotify.com/playlist/5sfj65h1AqK20qiaeWxT7M
Queer Latin Bangers,1jTz9icFHltqoqxVwpZ9M9,Queerty,https://open.spotify.com/playlist/1jTz9icFHltqoqxVwpZ9M9
Sensual artsy lesbian makeout tracks,1xnpsnew5bfUeSBLrJOo7h,iheartpugs89,https://open.spotify.com/playlist/1xnpsnew5bfUeSBLrJOo7h
luke skywalker coded songs,6ifaUnfJ1K0jNlBDLxOF75,buttercupthebard,https://open.spotify.com/playlist/6ifaUnfJ1K0jNlBDLxOF75
Sapphic Dance Party ,3RvVJSn4Y7POCedPjAhCMZ,rendezhous,https://open.spotify.com/playlist/3RvVJSn4Y7POCedPjAhCMZ
Queer Indie Pop 🏳️‍🌈👭,0y62OAPL5XUgsls5KEy0PA,Emma Ward,https://open.spotify.com/playlist/0y62OAPL5XUgsls5KEy0PA
Queer Folk Punk,0fZlgfltaMZk6yYtw0gpz8,Karolyn Campbell,https://open.spotify.com/playlist/0fZlgfltaMZk6yYtw0gpz8
Droppin gears gappin queers🚕💨,7qx3RA2wQzV30bhUCNtZgt,THE johnny higginbottom,https://open.spotify.com/playlist/7qx3RA2wQzV30bhUCNtZgt
Queer Gym Rat,4660XNxP1OlpA551ZKwtOV,Mathew Fedorek,https://open.spotify.com/playlist/4660XNxP1OlpA551ZKwtOV
"15% Straight, Queer Pop Playlist",35C8J5rNe6ASAoUKTACJdc,Callie,https://open.spotify.com/playlist/35C8J5rNe6ASAoUKTACJdc
i watched rupaul watch a man drown!,1VJSmZxJt3sOZlmurmtWqa,itsmaddiec,https://open.spotify.com/playlist/1VJSmZxJt3sOZlmurmtWqa
🩷Sapphic Summer '25🩷,5ahEb86MRqewJeCd094dN9,SweetSyd96,https://open.spotify.com/playlist/5ahEb86MRqewJeCd094dN9
RIOT GRRRL'S NOT DEAD,7CimrwcXk17IFa9fZA3bjc,bubbleteagrunge,https://open.spotify.com/playlist/7CimrwcXk17IFa9fZA3bjc
queer folk music playlist,0uqRBm0YApSItPBRmqF0ON,wildfluorescent,https://open.spotify.com/playlist/0uqRBm0YApSItPBRmqF0ON
Sleepy Queers,5Oj6DPdOu34ouLepdgFXOx,Rune,https://open.spotify.com/playlist/5Oj6DPdOu34ouLepdgFXOx
Queens with queers,0hpB9IQH0hkCmYjV7vXbXP,Noradalisay,https://open.spotify.com/playlist/0hpB9IQH0hkCmYjV7vXbXP
The Queers iPod,2PxepspogTCAdRL5Jm0z3g,Andrea Kathman,https://open.spotify.com/playlist/2PxepspogTCAdRL5Jm0z3g
Jesco White the Dancing Outlaw Queer Appalachia Playlist ,4X3YUHVGudzWvFOpQ9vgjb,Queer Appalachia,https://open.spotify.com/playlist/4X3YUHVGudzWvFOpQ9vgjb
Simon lotf ,49K50Aj3KaEBHxYG4mdsT0,🦢🏹Remnant 🏹🦢,https://open.spotify.com/playlist/49K50Aj3KaEBHxYG4mdsT0
FEMALE RAGE/RIOT GRRRL ROCK,7LQ41SCJiKUZ1ejVxEQfGc,aelizabetth,https://open.spotify.com/playlist/7LQ41SCJiKUZ1ejVxEQfGc
I’ll believe in anything!,4A9fa7sFS5tgg5lXhkvTr5,abby!,https://open.spotify.com/playlist/4A9fa7sFS5tgg5lXhkvTr5
queer catholic guilt but weird,0Z4HhAPxsECmpmJ8gBBewA,defrostedbagel,https://open.spotify.com/playlist/0Z4HhAPxsECmpmJ8gBBewA
A Queer Queer Summer,5zMopmBrwJWP5vYYcRw5UK,Alexis Williams-Kerkhoven,https://open.spotify.com/playlist/5zMopmBrwJWP5vYYcRw5UK
Queer Country,40DJYxDoDcBKOCuhanJhv0,Brandan Skinnieri,https://open.spotify.com/playlist/40DJYxDoDcBKOCuhanJhv0
Nashville Queer Roots,2qIW8ZEYrcsCodR89myEQJ,Adam Mac,https://open.spotify.com/playlist/2qIW8ZEYrcsCodR89myEQJ
the queer ideology,0qa2AygNnHPtftqi9GYgZY,sophia!,https://open.spotify.com/playlist/0qa2AygNnHPtftqi9GYgZY
Drop a gear pass a queer ,65jxcJvU24Y1BeviVjs7qd,Dominick,https://open.spotify.com/playlist/65jxcJvU24Y1BeviVjs7qd
Thirsty Sword Queers at the Faire,3XmuDAM3ODfELo11H3HPiP,Ander,https://open.spotify.com/playlist/3XmuDAM3ODfELo11H3HPiP
💅🏿Black Queer Rappers,5gvONLs6L6BBwRJHamQwQ1,Syd The Kyd,https://open.spotify.com/playlist/5gvONLs6L6BBwRJHamQwQ1
queers🥹👌,00NfikTEtkkGq1VPWZlFgv,𝔐ꨄ🦍,https://open.spotify.com/playlist/00NfikTEtkkGq1VPWZlFgv
Q-Pop: Queer K-Pop Vibes  🌈,1Nn2zgaUfQQprsDr1inc2A,Reisu Jhalaren,https://open.spotify.com/playlist/1Nn2zgaUfQQprsDr1inc2A
queens & queers only 👑🏳️‍🌈⚧️,0OVLN1r4StpRj0ao6EAqDY,Travis Houston,https://open.spotify.com/playlist/0OVLN1r4StpRj0ao6EAqDY
"2 Heros, a Time god, a lava monster, and a queer... man? ",3JmudebtLMl2u3DQrBapAU,Omega,https://open.spotify.com/playlist/3JmudebtLMl2u3DQrBapAU
This will turn you queer,0rLijbslJJ9MP6hzKOL4MG,Megan McGlothin,https://open.spotify.com/playlist/0rLijbslJJ9MP6hzKOL4MG
Queer Jams,2yaOnvSzbnAUTlDS558TPR,Mlorts14,https://open.spotify.com/playlist/2yaOnvSzbnAUTlDS558TPR
Queer-ducation,4CX8Er63UkVhJggzziZTng,Carissa Juengst,https://open.spotify.com/playlist/4CX8Er63UkVhJggzziZTng
The songs that queer bitches listen to,2jK2wWptQXXby81y8ZidAf,Piper,https://open.spotify.com/playlist/2jK2wWptQXXby81y8ZidAf
Dancefloor Drama,7614QBpHXd2xCrzOjlblO4,Michael Cignarale,https://open.spotify.com/playlist/7614QBpHXd2xCrzOjlblO4
Finn's playlist of queer horrors,1dKadYudJLKsXdlGaGHBfR,RomanticLoverBoy,https://open.spotify.com/playlist/1dKadYudJLKsXdlGaGHBfR
queer time,2FMwnre6aWxng3HJiHhRUS,kylie,https://open.spotify.com/playlist/2FMwnre6aWxng3HJiHhRUS
SEX but make it QUEER,3dK3fAT5nYoW8k3gPWAqpt,MariahCountsMgmt,https://open.spotify.com/playlist/3dK3fAT5nYoW8k3gPWAqpt
Queer Pool Party,3zurcCRX8gRxZPD2ct6BNZ,Kristen Goché,https://open.spotify.com/playlist/3zurcCRX8gRxZPD2ct6BNZ
queer and depressed swamp witch that listens to divorced dad rock,4EGYDybPWs9vMmg4mi11CR,bashful.exe,https://open.spotify.com/playlist/4EGYDybPWs9vMmg4mi11CR
Queering and Moiding,4KevQKxkUalTKO6rFBXgDg,eatcokeocola,https://open.spotify.com/playlist/4KevQKxkUalTKO6rFBXgDg
Slammin Beers And Shooting Queers🫡,5EFQPbnXCEw9e5c3cwblnq,💯wÿátt💯,https://open.spotify.com/playlist/5EFQPbnXCEw9e5c3cwblnq
Drinkin beer and slapping queers,01OP24vYvrFos3ojAvltrB,Elijah,https://open.spotify.com/playlist/01OP24vYvrFos3ojAvltrB
Best Lesbian and Queer Women Singers,09LRzqN5YKbiMZrJ29tB4r,Yohomo,https://open.spotify.com/playlist/09LRzqN5YKbiMZrJ29tB4r
radical n working-class country n folk,73HFL2CuyHew6nl0oFTaWK,a3.diNunzio,https://open.spotify.com/playlist/73HFL2CuyHew6nl0oFTaWK
Queer Lofi music 🎵🏳️‍🌈,2x92zJcjpN59FNGLOBwh5r,Lion,https://open.spotify.com/playlist/2x92zJcjpN59FNGLOBwh5r
Queer (2024) – soundtrack,0OGiHlAAqlBISJaDcbGazj,Aerofilms,https://open.spotify.com/playlist/0OGiHlAAqlBISJaDcbGazj
Femmy Queery Queers,6BsS7Q6E5jtPf4cHZHaPtN,staceyb.smith,https://open.spotify.com/playlist/6BsS7Q6E5jtPf4cHZHaPtN
one of them QUEERS🏳️‍🌈,2uh621Igu04Q0YUSL10JkE,eviebreezy,https://open.spotify.com/playlist/2uh621Igu04Q0YUSL10JkE
Queer Country Dream Pop,426Zj63c3GTh2Hea3lj4XA,Michael Huff,https://open.spotify.com/playlist/426Zj63c3GTh2Hea3lj4XA
My Favorite Queers,5pMowOcASqoZwjq3Nglo5K,Olivia Heator,https://open.spotify.com/playlist/5pMowOcASqoZwjq3Nglo5K
🎨 time accurate will byers 💛,6D12wQnr5oq5tcBsMRBUAW,ab,https://open.spotify.com/playlist/6D12wQnr5oq5tcBsMRBUAW
Queer Bops,2E5JaBzZKiGY43ZLqOYqZv,Catelyn Morris,https://open.spotify.com/playlist/2E5JaBzZKiGY43ZLqOYqZv
Queer Pop Mix,6NUZY9xXqQZYugpJ4ZrjCv,glenn,https://open.spotify.com/playlist/6NUZY9xXqQZYugpJ4ZrjCv
Big Queer Dance Party,56W6FGdajlVOxHI0mS6k4b,Micharelle,https://open.spotify.com/playlist/56W6FGdajlVOxHI0mS6k4b
Gambler’s Queery,7hDqBn4DKKxCubBKIVHxS4,Ethan Hoch,https://open.spotify.com/playlist/7hDqBn4DKKxCubBKIVHxS4
Shifting Gears and Passing Queers,1BB1zJOsTnvD8Ln2edekU5,Tubby 55,https://open.spotify.com/playlist/1BB1zJOsTnvD8Ln2edekU5
steers and queers,6epysZklilFdQx91AWZiL8,Coles Manning,https://open.spotify.com/playlist/6epysZklilFdQx91AWZiL8
Nicki 🩸queer catholic spite 🩸,1ErUYZuw2v3fQq53XER206,bidie,https://open.spotify.com/playlist/1ErUYZuw2v3fQq53XER206
Music for sick queers 21,0Te8J2QJ8HLCeqt0NOnZD6,gang.stalk,https://open.spotify.com/playlist/0Te8J2QJ8HLCeqt0NOnZD6
roadtrip with the gang,27TIM7QS489h4Vf9rVxE1V,ㅤ,https://open.spotify.com/playlist/27TIM7QS489h4Vf9rVxE1V
QUEER HOUSE,3tBekffiZH3TXdh2x2Ln7r,S,https://open.spotify.com/playlist/3tBekffiZH3TXdh2x2Ln7r
I ❤️ Queers,6gjRNQyMQZcuIICnEo9x2e,SharkFin,https://open.spotify.com/playlist/6gjRNQyMQZcuIICnEo9x2e
Fully Automated Luxery Queer Space Communism,7h3QYQa8NMpW0yrQUYEBCu,Bearly_Alive,https://open.spotify.com/playlist/7h3QYQa8NMpW0yrQUYEBCu
Filthy Queer ,0bSB0bnP46FjOmkO5vWu4C,Sean-Charles,https://open.spotify.com/playlist/0bSB0bnP46FjOmkO5vWu4C
chaotic and queer,5UJu8m5vOQDPAENQvBn8X3,kat,https://open.spotify.com/playlist/5UJu8m5vOQDPAENQvBn8X3
Sleepy queers,5koQ4orlTUTG8NEvlpaEP4,Noelia,https://open.spotify.com/playlist/5koQ4orlTUTG8NEvlpaEP4
Halloween Punk Rock Party,5GxDB2hxFjNuannmBDCIPe,Fernando Crow,https://open.spotify.com/playlist/5GxDB2hxFjNuannmBDCIPe
Queer Folk,2PylJ353k8goO8yApIC47F,Small Fools,https://open.spotify.com/playlist/2PylJ353k8goO8yApIC47F
queer & iconic ,1xTCVRLPClcIxVWAxI1T93,jules,https://open.spotify.com/playlist/1xTCVRLPClcIxVWAxI1T93
Queer Country,55vwkyraSFV2XB3fBwUcvd,mwarren88,https://open.spotify.com/playlist/55vwkyraSFV2XB3fBwUcvd
queer barber shop experience,3z8h3HNZmnEVXdJQujSki3,kyhowell,https://open.spotify.com/playlist/3z8h3HNZmnEVXdJQujSki3
QUEERHAMPTON,6dtMr3rGZ3l2KNtcj07qqa,TUTYIO,https://open.spotify.com/playlist/6dtMr3rGZ3l2KNtcj07qqa
Little Queer Off White Boy,0juqdOpAm9v8bieHODAtk2,Kiwi747#6204,https://open.spotify.com/playlist/0juqdOpAm9v8bieHODAtk2
Byler for 20+ hours straiGHT🤪,7bmuFaiv8yqeeJdgz2AJWl,Preppy girl 🪩🩷🫶🏼🛼,https://open.spotify.com/playlist/7bmuFaiv8yqeeJdgz2AJWl
songs for the summer,6Vr19TLSsXeEEFslN30d6S,radie.ance,https://open.spotify.com/playlist/6Vr19TLSsXeEEFslN30d6S
Angry transboy punk,0HhU2BDLzw1L5isegGscIQ,PondPebbles (´ω｀),https://open.spotify.com/playlist/0HhU2BDLzw1L5isegGscIQ
What I listen to 24/7,1VZmpn1DaD0S62qiTaFvhH,Ionlylovefictionalcharacters,https://open.spotify.com/playlist/1VZmpn1DaD0S62qiTaFvhH
Black Queer Artists,6tO0lA3rJ6xoky9caJoELn,panethan18,https://open.spotify.com/playlist/6tO0lA3rJ6xoky9caJoELn
Queer Vibes & Girly Pop <3,46PnZOQXitVgT310tbmPjM,Madi P,https://open.spotify.com/playlist/46PnZOQXitVgT310tbmPjM
shiftin gears & passin queers,4WRrsv1Ur5D01Ko3YFzhfr,Rosebud,https://open.spotify.com/playlist/4WRrsv1Ur5D01Ko3YFzhfr
Queer Femme Artists,1u9JAT6S54a435lDgeKTja,Gryzelda,https://open.spotify.com/playlist/1u9JAT6S54a435lDgeKTja
Queer_Ballzin,0bYU8X1TQ68CTWxdw7ndsT,kellerthekellor,https://open.spotify.com/playlist/0bYU8X1TQ68CTWxdw7ndsT
Queer 70’s ✌️,2dkgrhtRsPKwXCpt3oLQ34,b3nt0,https://open.spotify.com/playlist/2dkgrhtRsPKwXCpt3oLQ34
Daylight Radio,0R2IZjeaxSirfi6BTncQwP,For the Record,https://open.spotify.com/playlist/0R2IZjeaxSirfi6BTncQwP
queer bbs in love 🐯🌋❤️‍🔥 ,6t7iGDAuyIVgmVCg7G3BkZ,Jordana,https://open.spotify.com/playlist/6t7iGDAuyIVgmVCg7G3BkZ
Queer Girl Pop,2AsoG6qax8n3yohJNVVnOf,Sierra Peace,https://open.spotify.com/playlist/2AsoG6qax8n3yohJNVVnOf
Telliers a queer,2OqxuVMPvUCnB3Tc62qlNz,Ackerfann,https://open.spotify.com/playlist/2OqxuVMPvUCnB3Tc62qlNz
definitely queer!,3C0pkOHuDU6zKL3ofHSl88,danni,https://open.spotify.com/playlist/3C0pkOHuDU6zKL3ofHSl88
Religious trauma for sad queer ppl,1r5UfspqFPiZh331V0gaDH,c0ttagefr0g,https://open.spotify.com/playlist/1r5UfspqFPiZh331V0gaDH
Queer Cryptid Hunters,43JGmGlpfMet55A0DQI2Qt,Legit.,https://open.spotify.com/playlist/43JGmGlpfMet55A0DQI2Qt
"im queer, sadly im here, and that's your problem now",7oRWbSHVXpnm26crTuxxa1,deviri13,https://open.spotify.com/playlist/7oRWbSHVXpnm26crTuxxa1
mentally ill & queer,3bcdwgY1qnKlJZrKFfcCPW,mar,https://open.spotify.com/playlist/3bcdwgY1qnKlJZrKFfcCPW
Queer feminine rage ,3YQ2TYPlpgwCgmrkdSqnq5,Erin Mortimer,https://open.spotify.com/playlist/3YQ2TYPlpgwCgmrkdSqnq5
stupid queer😸,1hoYJQdCJ0nDYzwv2ve4P1,dorothy,https://open.spotify.com/playlist/1hoYJQdCJ0nDYzwv2ve4P1
queer coded background music,0MFojclbEk5xVSA5Kzfxhf,aaron daggett,https://open.spotify.com/playlist/0MFojclbEk5xVSA5Kzfxhf
Queer punk,3oBp8RTfht9huXxeapAifk,Harleyforjustice,https://open.spotify.com/playlist/3oBp8RTfht9huXxeapAifk
Stupid shit for stupid queers ,5jGU1Fw7WenDg3VofGGIRm,Ratlikeram,https://open.spotify.com/playlist/5jGU1Fw7WenDg3VofGGIRm
Your local 🌈queer’s🌈 vibe playlist,7yq8XOFhql6OOfQdnClduK,gamerdragon240,https://open.spotify.com/playlist/7yq8XOFhql6OOfQdnClduK
Adrienne Maree Brown's Queer Appalachia Playlist ,4kv607Q3YyDCrdmsVIUl7A,Queer Appalachia,https://open.spotify.com/playlist/4kv607Q3YyDCrdmsVIUl7A
[Personal] Carefully Crafted Hell for a Galactic Queer,5PvO2FayneowxWYCI8bwUJ,UnKnown_Moon,https://open.spotify.com/playlist/5PvO2FayneowxWYCI8bwUJ
Not beating the queer allegations.,0MDrDZQWWk9hNXT1xmjIbG,GraysonXD,https://open.spotify.com/playlist/0MDrDZQWWk9hNXT1xmjIbG
Queer Rage,1JJwJpDP4V3O9Txr0hqBem,Benny,https://open.spotify.com/playlist/1JJwJpDP4V3O9Txr0hqBem
unrequited queer longing,4ejDOm25cd7zQtAOnAgQyZ,Melissa Pritsis,https://open.spotify.com/playlist/4ejDOm25cd7zQtAOnAgQyZ
queers on the road,3zSH53Pk9Sb1XsgLiQl8fe,ough,https://open.spotify.com/playlist/3zSH53Pk9Sb1XsgLiQl8fe
The Queerstone Cowboys,3BacBHo2iuO24yY1K1aC10,Carson Workman,https://open.spotify.com/playlist/3BacBHo2iuO24yY1K1aC10
vibin queers café intercom,6xiarsYjb0qY9sq5rKQl5K,adeline,https://open.spotify.com/playlist/6xiarsYjb0qY9sq5rKQl5K
Queer Americana,4p3ac0onCMdHGlezVEOy2Z,Brittany Ann Tranbaugh,https://open.spotify.com/playlist/4p3ac0onCMdHGlezVEOy2Z
Stayin Alive best queer life,53Ql52W1q7NFelezYhO6sP,LU KE,https://open.spotify.com/playlist/53Ql52W1q7NFelezYhO6sP
✨𝒬𝓊𝑒𝑒𝓇  𝒶𝓈  𝒹𝒶𝓎🌈,2AVsyC7y1PbXHCtZeaTLPD,TheRealZjW,https://open.spotify.com/playlist/2AVsyC7y1PbXHCtZeaTLPD
meow,2qRZLWszgkQQ1aoM9B3umA,skittlesyims,https://open.spotify.com/playlist/2qRZLWszgkQQ1aoM9B3umA
Queer,4jI8n3iX9alOZVo6YH9L4C,Anthony Michael Wagner,https://open.spotify.com/playlist/4jI8n3iX9alOZVo6YH9L4C
Queer.,1sxqigXoz9YtKDcHuawGQv,Andrew 🪬💫,https://open.spotify.com/playlist/1sxqigXoz9YtKDcHuawGQv
Queer Workout 🌈💪🏼,0iqRZnjAer4JAlvom35u9M,Madeline Laguaite,https://open.spotify.com/playlist/0iqRZnjAer4JAlvom35u9M
"queer, neurodivergent, and mentally ill",2DohXVxKtMvPF8Y29bxono,akido,https://open.spotify.com/playlist/2DohXVxKtMvPF8Y29bxono
🔥shifting gears and passing queers🔥,5aXFqIJYxpBvPg0d7Owhod,Keaton Sadler,https://open.spotify.com/playlist/5aXFqIJYxpBvPg0d7Owhod
pov: ur queer,2Y1A4QJgPIK7XvY4BoRqky,Frogu,https://open.spotify.com/playlist/2Y1A4QJgPIK7XvY4BoRqky
Forever a Queer Scene Kid,1hm5NyvovVnSNLtHDRErPS,Masontowle,https://open.spotify.com/playlist/1hm5NyvovVnSNLtHDRErPS
this one’s for the queers,0D44nZZTCIhrIUJl7xkq2d,Howdy,https://open.spotify.com/playlist/0D44nZZTCIhrIUJl7xkq2d
Karaoke Gems of Juno Tempest,3YK87aVCUwD6FdGr0hgIrN,Juno Tempest,https://open.spotify.com/playlist/3YK87aVCUwD6FdGr0hgIrN
Queer,6lL7UUBVuJ40qrbu5aEw7H,kdog,https://open.spotify.com/playlist/6lL7UUBVuJ40qrbu5aEw7H
Why so queerious,7FMFoHhuq1jHTFv4T9TESw,The woker,https://open.spotify.com/playlist/7FMFoHhuq1jHTFv4T9TESw
Queer little morning,2zHxWb1tcYa6ZdVnkVasde,Cameronjacksonbassbaritone,https://open.spotify.com/playlist/2zHxWb1tcYa6ZdVnkVasde
The queer kid and their lifeline,4K0XH9guYs0elnJJOAMiEb,Me🏳️‍🌈🏳️‍🌈❤️,https://open.spotify.com/playlist/4K0XH9guYs0elnJJOAMiEb
TO BE RAD IS 2 B QUEER,6jwwv7iGUIwE94bHGQiV0y,Max-Meow!,https://open.spotify.com/playlist/6jwwv7iGUIwE94bHGQiV0y
"cold beers, no queers❌",1O8w7Us5l6MrRwUPwUvtYD,Riley Perkins,https://open.spotify.com/playlist/1O8w7Us5l6MrRwUPwUvtYD
Unrequited Queer Love,7iXPfKKmQ09c76CFjdJus5,isaiahhh,https://open.spotify.com/playlist/7iXPfKKmQ09c76CFjdJus5
Racin… I Mean Drivin Vibz,59Uu3V3pzfoAQSxDxFDHc2,Brendan Wirth,https://open.spotify.com/playlist/59Uu3V3pzfoAQSxDxFDHc2
queer country 🌈 ,3jouT0SZWLgqj9W0t63OkR,cassandrackcity,https://open.spotify.com/playlist/3jouT0SZWLgqj9W0t63OkR
Queerious,2TTgQIlc6zAdYC0Z0oTB2v,El,https://open.spotify.com/playlist/2TTgQIlc6zAdYC0Z0oTB2v
My Queer Agenda,5c1eiWMK6OOsMlY5y8n9pO,Cy,https://open.spotify.com/playlist/5c1eiWMK6OOsMlY5y8n9pO
Why so queerious???,0SF0ldiaczarTEGOZzD07a,Jane,https://open.spotify.com/playlist/0SF0ldiaczarTEGOZzD07a
"A Kinky, Bipolar Queer",196wwNi6nwfpqFEGg2LK7a,WhiteNoise,https://open.spotify.com/playlist/196wwNi6nwfpqFEGg2LK7a
Affirming/ Queer Christian Artists <3,2s6otm7V9DJ5NH9iEkVLSW,Katie Spencer,https://open.spotify.com/playlist/2s6otm7V9DJ5NH9iEkVLSW
🏳️‍🌈Queermobile Jams🏳️‍🌈,1pO7ykumEfT4WqjHYhhjne,NetworkError,https://open.spotify.com/playlist/1pO7ykumEfT4WqjHYhhjne
queers should die,03xmhPaY3EXr326oIkaHMH,☆,https://open.spotify.com/playlist/03xmhPaY3EXr326oIkaHMH
𐔌   .  ⋮ mitsukou  .ᐟ  ֹ   ₊ ꒱,5wkFuUZnxlk64I4HkWQt3R,P U N I ♥︎,https://open.spotify.com/playlist/5wkFuUZnxlk64I4HkWQt3R
robin,7GL3lzFCAdYJ9ZcV1llS9e,nicolas!,https://open.spotify.com/playlist/7GL3lzFCAdYJ9ZcV1llS9e
The Queer Agenda,4NMA1Q04LsiTUZxIKKxys0,Rat,https://open.spotify.com/playlist/4NMA1Q04LsiTUZxIKKxys0
the queer athiest kids in catholic school,14hpZXzQLmuCwMhtYVnJ7I,funky enderman :)),https://open.spotify.com/playlist/14hpZXzQLmuCwMhtYVnJ7I
Might be a little queer 😉,5Pon7690Ypv8CjP8m6T2sJ,Shashelley,https://open.spotify.com/playlist/5Pon7690Ypv8CjP8m6T2sJ
Queer Eye Official Playlist,1D7G8HY7UXW5BnIjYoFD3O,Netflix,https://open.spotify.com/playlist/1D7G8HY7UXW5BnIjYoFD3O
queerballs ,37fFuaRYsalMi2RRsWuhQx,me,https://open.spotify.com/playlist/37fFuaRYsalMi2RRsWuhQx
Queer✨,3BunMacpuaBGWrjscoRsCv,Selena Pendegayosh,https://open.spotify.com/playlist/3BunMacpuaBGWrjscoRsCv
Queer Boy Summer,3DxuOrVjVc732lCia4yx53,Theo Newhall,https://open.spotify.com/playlist/3DxuOrVjVc732lCia4yx53
How Queerious ,45XeS098m4J4OF6PDmP0lD,ac,https://open.spotify.com/playlist/45XeS098m4J4OF6PDmP0lD
𝑄𝑢𝑒𝑒𝑟,5IrUmbC4NmrsqEHrJwglFN,SammyandDean,https://open.spotify.com/playlist/5IrUmbC4NmrsqEHrJwglFN
Queer Shit,1W8IttLPyFniyFeH4t5nJf,Caleb White,https://open.spotify.com/playlist/1W8IttLPyFniyFeH4t5nJf
Queer women popish,15QhR0ysdjpGhek3crvBKs,Noah Cherry,https://open.spotify.com/playlist/15QhR0ysdjpGhek3crvBKs
Grown ups but queer,5wIyPhXnOvjVLqyruqDtjd,Shelby,https://open.spotify.com/playlist/5wIyPhXnOvjVLqyruqDtjd
🪩 Queer Confessions 🪩,5DWFZayvskCO24IqZ4INSW,Dark Angel,https://open.spotify.com/playlist/5DWFZayvskCO24IqZ4INSW
Kill a queer drink a beer,589MbO3UDayYaS2xWEAz2y,Bryan,https://open.spotify.com/playlist/589MbO3UDayYaS2xWEAz2y
Soft Queer Sleepy Time Music,6mgA6jiaHYZMdIVrI7xJ98,Natalia L Cruz,https://open.spotify.com/playlist/6mgA6jiaHYZMdIVrI7xJ98
QuëzEvøŅ,2z3T9Nwl6FpersJ0RCc1bh,LYX!0N,https://open.spotify.com/playlist/2z3T9Nwl6FpersJ0RCc1bh
Slaypop yas,3dpgBVVwJdpzfUSnSJR3K1,Carlos x,https://open.spotify.com/playlist/3dpgBVVwJdpzfUSnSJR3K1
Dagr8,4IHp1dypzSBDbgo4YvPBTo,Prud_317,https://open.spotify.com/playlist/4IHp1dypzSBDbgo4YvPBTo
Queer,4PX6FKeki90c2vbJ9XJU90,Donna,https://open.spotify.com/playlist/4PX6FKeki90c2vbJ9XJU90
Queer Eye for the Straight Guy,3BZiePH1x0DfokHGssLkWs,🌈bRían ☘️,https://open.spotify.com/playlist/3BZiePH1x0DfokHGssLkWs
Playlist for a queer traumatized teen,09rZu4JQyd9ntgw2SSiXee,MisterBone~🦷🦌,https://open.spotify.com/playlist/09rZu4JQyd9ntgw2SSiXee
beers & queers,4gwFD9bjzjfVTQyUb3dR6P,swaggypanda04,https://open.spotify.com/playlist/4gwFD9bjzjfVTQyUb3dR6P
Queergasm,4hx30GxjMwqCJY8H6rYTUK,TrevorMonkey,https://open.spotify.com/playlist/4hx30GxjMwqCJY8H6rYTUK
The queers,0Ilqkd6WhcWxMIok26f1Si,quinn🤓,https://open.spotify.com/playlist/0Ilqkd6WhcWxMIok26f1Si
Void is queer,2A6ttDYmt5L62sARjH330x,GoonvyNoovy,https://open.spotify.com/playlist/2A6ttDYmt5L62sARjH330x
2026 EDCGAYS OFFICIAL PLAYLIST,6wE1udfjsKIutdmT6XX7iQ,Raveboyusa,https://open.spotify.com/playlist/6wE1udfjsKIutdmT6XX7iQ
Queer,0k5KVoc3BMerCttBMBKCm9,Nyla,https://open.spotify.com/playlist/0k5KVoc3BMerCttBMBKCm9
fem/queer metal,7uX4GXzMSmxYMnC623ILg4,Elpida,https://open.spotify.com/playlist/7uX4GXzMSmxYMnC623ILg4
Oh to be queer,1ZX8jJS9YKFrSfqeDUHTqO,Kalia Martinez,https://open.spotify.com/playlist/1ZX8jJS9YKFrSfqeDUHTqO
"A Queer Little Creature, and Gay to be Certain Too!",0zhaAK39bCl0QsoD6cPzIA,Eion Lee,https://open.spotify.com/playlist/0zhaAK39bCl0QsoD6cPzIA
"I’m queer, depressed, and mad at the government",31GBlW8vOO7KmOCTulpPtO,An existence,https://open.spotify.com/playlist/31GBlW8vOO7KmOCTulpPtO
pov: I own a queer bar and it’s Disney throwback night,56r8rkaz7voD0DQlxS0qxZ,Breanna Stone,https://open.spotify.com/playlist/56r8rkaz7voD0DQlxS0qxZ
ur queer & present dangers ,2TJmrJ77TCGOlUENl5UcSe,hana,https://open.spotify.com/playlist/2TJmrJ77TCGOlUENl5UcSe
Choir of the strange,5YhPgOaUf1OhnqP3T9ZNCo,Lucas Annala,https://open.spotify.com/playlist/5YhPgOaUf1OhnqP3T9ZNCo
Queer Arts,4HiZiKD1cXkqRNN7hSdEhN,Crisp,https://open.spotify.com/playlist/4HiZiKD1cXkqRNN7hSdEhN
queerplatonic yearning.,26REULt577IlPOyWFRWMLI,rickfucker,https://open.spotify.com/playlist/26REULt577IlPOyWFRWMLI
Queerly beloved we are gathered here togay,5lMebk1SYFO90hJksBVATO,Topaz,https://open.spotify.com/playlist/5lMebk1SYFO90hJksBVATO
campy queer horror,1w7LHGP33hrrET3Ta91wsC,bugs,https://open.spotify.com/playlist/1w7LHGP33hrrET3Ta91wsC
🏳️‍⚧️👩‍🌾👢Queer Cowgirl Music,2SlqA1aO7q8P80fYDWBf0h,Valeria,https://open.spotify.com/playlist/2SlqA1aO7q8P80fYDWBf0h
"“Kept you waiting, Huh?”",0rLJnpjSpnOFPepaZaCk2f,Tav,https://open.spotify.com/playlist/0rLJnpjSpnOFPepaZaCk2f
Playlist to torture Queen with,2ajzvXDKjeZ4mk2rK48uJj,Dented Can of Spaghetti-Os,https://open.spotify.com/playlist/2ajzvXDKjeZ4mk2rK48uJj
Bangers,5AmqZHO6AbR5bHjGJWQy6W,Carter Evans,https://open.spotify.com/playlist/5AmqZHO6AbR5bHjGJWQy6W
Queer,1JfPLmyFzrKRqLG71HIXKt,Allison Johnson,https://open.spotify.com/playlist/1JfPLmyFzrKRqLG71HIXKt
🥳UR A QUEER LITTLE LESBIAN WHO LIKES WOMEN,7knvML8inNZijygdD39ap2,rozierdesiree,https://open.spotify.com/playlist/7knvML8inNZijygdD39ap2
Queer vibes,6MaDo4GzI4p6Fx53TTLFjz,Ryon ,https://open.spotify.com/playlist/6MaDo4GzI4p6Fx53TTLFjz
greek mythology made me queer,27uFg3uI6OtIpBoLEKwibz,KJ,https://open.spotify.com/playlist/27uFg3uI6OtIpBoLEKwibz
Queer tunes for work gloom,6DM09SsagAnd0XC6lAaBTp,Anja Rose,https://open.spotify.com/playlist/6DM09SsagAnd0XC6lAaBTp
bubblegrunge queerxcore summer ,5EZaZDf7HD2yP1R758lUWc,Lkwhatever,https://open.spotify.com/playlist/5EZaZDf7HD2yP1R758lUWc
Queer Cuntry,2xW2dPKPgmKBZ4VGlO2Msd,Simona/Simon,https://open.spotify.com/playlist/2xW2dPKPgmKBZ4VGlO2Msd
🔥 Music 🔥,0UJhXNggWsbE7yIWl8R6zh,Ash <3,https://open.spotify.com/playlist/0UJhXNggWsbE7yIWl8R6zh
Awkward queer teens haven,6Qxf4TYCJtx6nTEPWXDGMt,Gojo lover<3,https://open.spotify.com/playlist/6Qxf4TYCJtx6nTEPWXDGMt
queering,1jDeN0pLWIadyhHZc57Tvo,jasmine,https://open.spotify.com/playlist/1jDeN0pLWIadyhHZc57Tvo
Queer,4KzMvQmcYq5MMGAKq9ezOr,Matthew,https://open.spotify.com/playlist/4KzMvQmcYq5MMGAKq9ezOr
Queer Time!,3xARgsAHh6JDEuaSurK79Z,Fran Xavier,https://open.spotify.com/playlist/3xARgsAHh6JDEuaSurK79Z
Queer Incarnate ,30blTPfYFb5VHm58iKQDp7,Faeryn✨,https://open.spotify.com/playlist/30blTPfYFb5VHm58iKQDp7
Ol’ Sar’s Aging Queer Playlist,7FUhiNkGILXV6E5ODrMTrW,sarahlynngoeth,https://open.spotify.com/playlist/7FUhiNkGILXV6E5ODrMTrW
a little queer new englander,33qrT46XEjJruPRiBYmkD3,AJ Dobrosielski,https://open.spotify.com/playlist/33qrT46XEjJruPRiBYmkD3
i’m here i’m queer and i’m mentally fucking ill,5u8s3CU0PtUqBjPibXjwAM,Lii Whitaker,https://open.spotify.com/playlist/5u8s3CU0PtUqBjPibXjwAM
hit the function like a fucking queer,2rOilMIRQaHebmWHk9pYJG,Allie,https://open.spotify.com/playlist/2rOilMIRQaHebmWHk9pYJG
My Bi/Queer Playlist,3u1iCG4Q1cyNwRhTt7okFD,Small Bumble Bee,https://open.spotify.com/playlist/3u1iCG4Q1cyNwRhTt7okFD
QUEER AF IDGAF,447iErPETPd23KqTp8s8O5,Mikey Veyna,https://open.spotify.com/playlist/447iErPETPd23KqTp8s8O5
queer(ish),6Gl5qorwyrxr4DkE19eVss,marvelboy72,https://open.spotify.com/playlist/6Gl5qorwyrxr4DkE19eVss
my funeral playlist (I swear to hades I'm too queer for this),6ElAgUics8LFRsBvRR3YXB,Lizzy Noble,https://open.spotify.com/playlist/6ElAgUics8LFRsBvRR3YXB
being queer ,06ZtyDQqrfwRfZzqEVgrvy,coralisdabest,https://open.spotify.com/playlist/06ZtyDQqrfwRfZzqEVgrvy
"¿¡Queer, What Da Truck!? July 2026 🏳️‍🌈🇺🇸🏳️‍⚧️",4im7xiok3LWvjErnPJN6e8,Nick Pagliochini,https://open.spotify.com/playlist/4im7xiok3LWvjErnPJN6e8
Queer Country,3p1MtB0PrWBLSABLX9ulEP,Alix Jago,https://open.spotify.com/playlist/3p1MtB0PrWBLSABLX9ulEP
Skateboarding,4QRx5MGdZDjWU6ggx5QG8s,David Calomeni,https://open.spotify.com/playlist/4QRx5MGdZDjWU6ggx5QG8s
My salty exmormon playlist ,2iQoUfHKo0Rw83wDhOkRGP,kays.broken.record,https://open.spotify.com/playlist/2iQoUfHKo0Rw83wDhOkRGP
S17 Trans Paramilitary Dirty War Battlegrounds,0Z9lLpY0zvsymYUjc3HOlD,Saame Cauter,https://open.spotify.com/playlist/0Z9lLpY0zvsymYUjc3HOlD
Queer Classics For Your Favorite Bi-romantic,7bItnvmvY3FgP4jBOTvvgg,bara_no_seidou,https://open.spotify.com/playlist/7bItnvmvY3FgP4jBOTvvgg
queeR&Be🏳️‍🌈,444XsOmTV4tcIPljGhQ0gm,MoonGoon ✨🚀🌕🥷🏾,https://open.spotify.com/playlist/444XsOmTV4tcIPljGhQ0gm
Queer,4aaYM7oRzueqvAkmfr92iJ,UhIdc,https://open.spotify.com/playlist/4aaYM7oRzueqvAkmfr92iJ
the queer broadcast,7lZGvEdXPlsa0XbszFxtwi,Bulowe,https://open.spotify.com/playlist/7lZGvEdXPlsa0XbszFxtwi
Beers &  Queers,01gTL52KFu3lx3GfUWiCoc,Jaybird,https://open.spotify.com/playlist/01gTL52KFu3lx3GfUWiCoc
In “HOW QUEER?!”- Dominated Fields,32cZvdx12p9Fe0nZFl0ekb,Thymeseed,https://open.spotify.com/playlist/32cZvdx12p9Fe0nZFl0ekb
Can you tell I’m queer,73egNeWUR7xEAchJR0DjGf,SmileDogg,https://open.spotify.com/playlist/73egNeWUR7xEAchJR0DjGf
Asahi Pentax,0hqn67Oo6Lu8rZCiBelvdU,ama.keikei,https://open.spotify.com/playlist/0hqn67Oo6Lu8rZCiBelvdU
To:                 From:                                ,6R0efVcswcm4yyDvGgjqe9,Matt Moyer,https://open.spotify.com/playlist/6R0efVcswcm4yyDvGgjqe9
QUEER 🏳️‍🌈 ,5kc4oEZo0NxZdpFPVr7omw,Brayan Valencia Vazquez,https://open.spotify.com/playlist/5kc4oEZo0NxZdpFPVr7omw
Queer coded songs <33,5X1xSgtBb6f1PkVXJOSO6S,Rea,https://open.spotify.com/playlist/5X1xSgtBb6f1PkVXJOSO6S
Queer shit,4YY5an1HwHrenHsRUedzjK,Lisous,https://open.spotify.com/playlist/4YY5an1HwHrenHsRUedzjK
Shifting gears and passing queers,6ilA7UQeVvq2NIeYzYrk1U,bubuwolf02,https://open.spotify.com/playlist/6ilA7UQeVvq2NIeYzYrk1U
Queerbos,0eLWZm8CAAQkVJeJqMmOu4,AvidCarEnjoyer,https://open.spotify.com/playlist/0eLWZm8CAAQkVJeJqMmOu4
The queer's,3W1ihTWtFuEGNgtsA9i7HO,Hydra,https://open.spotify.com/playlist/3W1ihTWtFuEGNgtsA9i7HO
Family Playlist (for the queers),2vGSSHQZhklxSlBRCsWVBR,Lynn Freeman,https://open.spotify.com/playlist/2vGSSHQZhklxSlBRCsWVBR
Tai Queer Dao,50z2dqp1ZZYvv6zFNBxFHa,Onebigtoe,https://open.spotify.com/playlist/50z2dqp1ZZYvv6zFNBxFHa
Hmmm yes!😲😲😲,166DegEyoJXhBOSkUzvCyz,~✦Veron ✦~},https://open.spotify.com/playlist/166DegEyoJXhBOSkUzvCyz
raland playlist,1nNhHKTtAxdFisXyINvDxT,CrowNeko🏳‍🌈🎸⚡,https://open.spotify.com/playlist/1nNhHKTtAxdFisXyINvDxT
Queer Queens!,03HnNQf7aWBeQLAYSkvI34,hbrisby21,https://open.spotify.com/playlist/03HnNQf7aWBeQLAYSkvI34
Queer vibes fr,34sSkdcDOfXF9T0SErK5Yd,☆Remi the arsonator☆,https://open.spotify.com/playlist/34sSkdcDOfXF9T0SErK5Yd
"oh no, i’m so queer",0tmMi9H07DeB1VIIF1k5dH,JAX !!!!,https://open.spotify.com/playlist/0tmMi9H07DeB1VIIF1k5dH
✨Sad Queer Hours✨,5XYu270Q9VcnnynOFXl5Ot,Ava,https://open.spotify.com/playlist/5XYu270Q9VcnnynOFXl5Ot
i’m that one queer in love with musical theater,3sLDNZTHMaTLBuCJO2wvyj,rowan,https://open.spotify.com/playlist/3sLDNZTHMaTLBuCJO2wvyj
 Oldest Queer Daughter,4QAFomNjZCY6Un0sqQKb9h,Kae,https://open.spotify.com/playlist/4QAFomNjZCY6Un0sqQKb9h
💕🏳️‍🌈✨🧚🏾‍♀️Queerdos🧚🏾‍♀️✨🏳️‍🌈💕,5ZwvAp8MNW6WL0LqziJvu4,Raymond A D. Samuels,https://open.spotify.com/playlist/5ZwvAp8MNW6WL0LqziJvu4
So...what now?,6Gs7QWuH55IfrKSGjVa1ZZ,Izzi<3,https://open.spotify.com/playlist/6Gs7QWuH55IfrKSGjVa1ZZ
Cuntry,5tSjeClVmx0NYukQxGz0bN,Schoopie,https://open.spotify.com/playlist/5tSjeClVmx0NYukQxGz0bN
Queer playlist,4086KzV4n2YHfgSgjhzQ0s,Andrea,https://open.spotify.com/playlist/4086KzV4n2YHfgSgjhzQ0s
Mid stuff that I like bc Im queer,3BeRsnIvD160RHEd5fFGFv,Jake,https://open.spotify.com/playlist/3BeRsnIvD160RHEd5fFGFv
QUEER u,1pwRlGm4UQLhaqHjbgfIax,joodavid,https://open.spotify.com/playlist/1pwRlGm4UQLhaqHjbgfIax
My Favorite Queer Fxcks🏳️‍🌈✨,45L7edU7ROzZplHFhhEg8b,Indie Hale,https://open.spotify.com/playlist/45L7edU7ROzZplHFhhEg8b
Queer 90s: Ultimate Gay Dance Party,4t1GIaydc7iBaAY8oUo1yr,Jukebox Joints,https://open.spotify.com/playlist/4t1GIaydc7iBaAY8oUo1yr
Shifting gears and passing queers,2C4egkuiC2BODaYRaxdSyi,Colemuhme,https://open.spotify.com/playlist/2C4egkuiC2BODaYRaxdSyi
daydreamzzzz,0b9GiwWPzC12IGVWNquGuZ,p1nkiez9ie,https://open.spotify.com/playlist/0b9GiwWPzC12IGVWNquGuZ
aux at the gay club,3PhDNOmRBDIUGxq073iLy9,em,https://open.spotify.com/playlist/3PhDNOmRBDIUGxq073iLy9
Queer Men Supremacy 👨‍❤️‍💋‍👨🏳️‍🌈,3ausq2M76TkoyxRAGaPXlM,Isa 💟,https://open.spotify.com/playlist/3ausq2M76TkoyxRAGaPXlM
Queers and beers,6HX1kl60K4Xw62uRJ1NotD,Jake,https://open.spotify.com/playlist/6HX1kl60K4Xw62uRJ1NotD
Queer Sad Tism playlist ,6Ij6I3dWfWCCtjiod1bMsN,Dylan,https://open.spotify.com/playlist/6Ij6I3dWfWCCtjiod1bMsN
The queer cousins' club ,38nvFBTIQh1W7rROD4EcLz,EDWARD SCISSORSHANDS 😞✂️,https://open.spotify.com/playlist/38nvFBTIQh1W7rROD4EcLz
Emo queer cult anthems,6e2CDBG15aX5QTILAXQY61,Abi Rios,https://open.spotify.com/playlist/6e2CDBG15aX5QTILAXQY61
How queer…,1zrYd0y1DpHpiYvIbm30iy,Gabag gaba,https://open.spotify.com/playlist/1zrYd0y1DpHpiYvIbm30iy
Dancing On The Wall - Summer 2026,4DoXKS6whzcFjib9Ug0ufo,Julia Schaible Velez,https://open.spotify.com/playlist/4DoXKS6whzcFjib9Ug0ufo
Tony stark kinnie,6D4ZXMasfX35UAHqulugpi,Mike,https://open.spotify.com/playlist/6D4ZXMasfX35UAHqulugpi
Currently Obsessed,25kErTrqGOqtvFJhCqOy6g,Septimus,https://open.spotify.com/playlist/25kErTrqGOqtvFJhCqOy6g
soft farm gay.,6OTMFFEmIPTk2ylhBGZGSJ,jackie 👾,https://open.spotify.com/playlist/6OTMFFEmIPTk2ylhBGZGSJ
i hope im queer in every life,6aMt8otlsH8VtlKv4mNovj,WOLF!,https://open.spotify.com/playlist/6aMt8otlsH8VtlKv4mNovj
Why So Queerious,4X5gEQ7E4sVS1MKeJONm9P,Eliot,https://open.spotify.com/playlist/4X5gEQ7E4sVS1MKeJONm9P
be queer have no fear,1domI8z6UXeyqXxuPKG6Vc,Eli,https://open.spotify.com/playlist/1domI8z6UXeyqXxuPKG6Vc
Queer AF,1EZ0raLwRdZRmyOr4us1so,Chase Compton,https://open.spotify.com/playlist/1EZ0raLwRdZRmyOr4us1so
What would I do without you? - A queerplatonic/qpr playlist,5ELfORa3Lfha3Q97A2PPTm,CleverPuff,https://open.spotify.com/playlist/5ELfORa3Lfha3Q97A2PPTm
Not gay as in happy but queer as in fuck you,7vCjSJV9Mx9w6Ak4nLyaPW,kyfaha,https://open.spotify.com/playlist/7vCjSJV9Mx9w6Ak4nLyaPW
im queer and mentally ill what else do you need to know?,3nCc00wYR3yMab25PaSk9u,Icarus,https://open.spotify.com/playlist/3nCc00wYR3yMab25PaSk9u
industrial for the queer folk,3tpCjQ8KYsGtMRBnlPcNFp,duende,https://open.spotify.com/playlist/3tpCjQ8KYsGtMRBnlPcNFp
Brandon Starter Pack,1kO4xdO6LITjyodsTX1e1W,Brandon ✦⋆☽✩☆✩☽⋆✦,https://open.spotify.com/playlist/1kO4xdO6LITjyodsTX1e1W
Queer AF,1qwhkjQQQUdqtqYy2UtiKk,Ki Lynn,https://open.spotify.com/playlist/1qwhkjQQQUdqtqYy2UtiKk
It's Queer Coded,3nJSJ2gyEwFtzLLGf9fQXq,Cameron Olsen-Roth,https://open.spotify.com/playlist/3nJSJ2gyEwFtzLLGf9fQXq
F.A.N. Queer Workout,2IxQCZBgwmsYXqCGlpJaYp,Lucchie,https://open.spotify.com/playlist/2IxQCZBgwmsYXqCGlpJaYp
Mike Queerler my son 🌀☀️,214WjgLki5U64WqqJsnSoG,Vinnyboii,https://open.spotify.com/playlist/214WjgLki5U64WqqJsnSoG
Gay Hip-Hop,5WT8lXZgXND007KrWLT7tE,your own kind of music,https://open.spotify.com/playlist/5WT8lXZgXND007KrWLT7tE
BRAWL STARS AU POCO PLAYLIST,7LsASyvh9fU0kf55BPwLIF,NEONLEON!!,https://open.spotify.com/playlist/7LsASyvh9fU0kf55BPwLIF
Balls ima,7wVDUSN2Clc8CUDM0weNAf,inzane_4yuu,https://open.spotify.com/playlist/7wVDUSN2Clc8CUDM0weNAf
yearning gay cowboys in love,1gM8JMwV08BN6cxrTrOEHx,amarilloboots,https://open.spotify.com/playlist/1gM8JMwV08BN6cxrTrOEHx
queer misery,3HWKV8QHxoPU4oXrfSxCa9,Helios,https://open.spotify.com/playlist/3HWKV8QHxoPU4oXrfSxCa9
Queer Artists for Dan,5JYuwrznSbA6Nt2nSROeq0,draonin,https://open.spotify.com/playlist/5JYuwrznSbA6Nt2nSROeq0
"queer country, again ",5woMEeBOwR0LRh3n9d5zxX,mikey,https://open.spotify.com/playlist/5woMEeBOwR0LRh3n9d5zxX
Dee's Queer Soundtrack,120VXRlvQyRfTeXwHvsJ72,dcarter1126,https://open.spotify.com/playlist/120VXRlvQyRfTeXwHvsJ72
 Queerbait ,2lioxUx2H4d8XgjwVLAdpa,pwadland34,https://open.spotify.com/playlist/2lioxUx2H4d8XgjwVLAdpa
Woke queers kill the straights,6l5fCtiKHceUGbUPWiIH5y,skephalo wow,https://open.spotify.com/playlist/6l5fCtiKHceUGbUPWiIH5y
Queers of New York,17Rec553hpkZRHtfpqejAk,swayzee,https://open.spotify.com/playlist/17Rec553hpkZRHtfpqejAk
"“;,.,spot conlon,.,;” {[king of Brooklyn]}",6QSUjsC8OU9G8eVsOSYgBP,_-~.*+•••🐞🦢🇦🇺🎸~h a m m y - ifb !!,https://open.spotify.com/playlist/6QSUjsC8OU9G8eVsOSYgBP
mr todd,4Hp1G9a2LDzIRao4Fr2LFP,logan,https://open.spotify.com/playlist/4Hp1G9a2LDzIRao4Fr2LFP
boygenius and the individual boys,1DQSjMvDd9oGybyIUy0kjH,christisnlpryor,https://open.spotify.com/playlist/1DQSjMvDd9oGybyIUy0kjH
Queer & Mental Illness,142a2mbmOuemUJjziVq6N8,Ender,https://open.spotify.com/playlist/142a2mbmOuemUJjziVq6N8
Queer. Here. Need I Say More?,7KIQmIB9ZtDrhHea3xZA5d,Rose,https://open.spotify.com/playlist/7KIQmIB9ZtDrhHea3xZA5d
Queer with qualms,0YKaI3pfjk20ykVAjF5dFR,eneffable,https://open.spotify.com/playlist/0YKaI3pfjk20ykVAjF5dFR
Feeling a little queer? ~,2GO8g8iOK80rYbcfw2INOR,aylacelinegarcia,https://open.spotify.com/playlist/2GO8g8iOK80rYbcfw2INOR
🏳‍🌈 Queer Pot Smoking Witch 🏳‍🌈,4ECccMs6Y0ZRo21JEvVgDp,Bloomskull 💀🌸,https://open.spotify.com/playlist/4ECccMs6Y0ZRo21JEvVgDp
Gender Queer and Proud,3WeEewrm1yRyP58LJSiEhl,The Fav Daughter,https://open.spotify.com/playlist/3WeEewrm1yRyP58LJSiEhl
💜Queer Catalog💜,0h1tdQmQXMOp0IKEteosc3,Abigail Lee,https://open.spotify.com/playlist/0h1tdQmQXMOp0IKEteosc3
sunflowers blooming under the moon,4ySOxFGBRh6cZZPSF7meZn,missmenotwaf,https://open.spotify.com/playlist/4ySOxFGBRh6cZZPSF7meZn
music for losers with too much free time,2VjR7AMK8pEjtgNZjELjAn,honk <3,https://open.spotify.com/playlist/2VjR7AMK8pEjtgNZjELjAn
PNP101: You're at the Gay Club Now,0keoEknwZbvZF6ckNGoApV,paullouis.biondi,https://open.spotify.com/playlist/0keoEknwZbvZF6ckNGoApV
Queer intentions,3glamuOYQswFCDoUaiYLme,tunalunad,https://open.spotify.com/playlist/3glamuOYQswFCDoUaiYLme
Queer-corridos,6P7rld4XiJfsEesNB1vtTU,Mau Spn,https://open.spotify.com/playlist/6P7rld4XiJfsEesNB1vtTU
fifi queerly,3wcZ77R945qkcGuOmak1in,FIFI,https://open.spotify.com/playlist/3wcZ77R945qkcGuOmak1in
Queer,7bYgfLG5OtZRQjF4xQSgqN,𝘊𝘢𝘮𝘦𝘳𝘰𝘯𐂂,https://open.spotify.com/playlist/7bYgfLG5OtZRQjF4xQSgqN
You're one of them queers? 🚩 *grandpa voice*,5t1jbGE5as1nc2iyUapajQ,Leo T-T,https://open.spotify.com/playlist/5t1jbGE5as1nc2iyUapajQ
Songs for my queer self,0YTf14IdN83oJD3nC7XHRk,Upsetto,https://open.spotify.com/playlist/0YTf14IdN83oJD3nC7XHRk
winona queerdo,5E1nWBLPiMmKCGJf0TZWiE,Kaywhoff,https://open.spotify.com/playlist/5E1nWBLPiMmKCGJf0TZWiE
Graduation for Queers,7uGr8fBnpVoSVHOgWQOWjq,Cpostiguy,https://open.spotify.com/playlist/7uGr8fBnpVoSVHOgWQOWjq
polyamory life,3xVWddeoLLh9xLouz5lpR8,ZEV,https://open.spotify.com/playlist/3xVWddeoLLh9xLouz5lpR8
QueerSaSOMA🔆,3B7TDBtFCV4RO1BrkKzLna,andrewth3third,https://open.spotify.com/playlist/3B7TDBtFCV4RO1BrkKzLna
Queerly Beloved,1HSbqqnjsdpWyF8YayBiar,Nik Norris,https://open.spotify.com/playlist/1HSbqqnjsdpWyF8YayBiar
QueerJoy26,0AdBd5R2tJ49NkTwOxjPRr,Mitch,https://open.spotify.com/playlist/0AdBd5R2tJ49NkTwOxjPRr
For the queer-o-sexuals,5K4k9YYEVvxUewi8ldhASh,Icarus5563,https://open.spotify.com/playlist/5K4k9YYEVvxUewi8ldhASh
Ur Queer,2T0LcDW7g0FIPyYbCtD6Xh,THE Keith P,https://open.spotify.com/playlist/2T0LcDW7g0FIPyYbCtD6Xh
shake ass in a queer bar,6BybTusZfBDwc4PfI2r5um,Taryn Landis,https://open.spotify.com/playlist/6BybTusZfBDwc4PfI2r5um
Middle School Theater Kid  X Traumatized Queer X Undiagnosed  Mental Illness ,4MUjTmHKm9VBy7PrupzxCi,EJ LANG,https://open.spotify.com/playlist/4MUjTmHKm9VBy7PrupzxCi
Revisionist queer,7GwbpR6aHRBJmfXsfnkmGZ,Mobfey,https://open.spotify.com/playlist/7GwbpR6aHRBJmfXsfnkmGZ
hozier covers by women,1oqQdQqWiuABx9uupdlOuJ,laura <3,https://open.spotify.com/playlist/1oqQdQqWiuABx9uupdlOuJ
Summer on Repeat 06/26 - 07/26 (last 4 weeks),3AQqBazi5qc3n5jUhTDlUd,b.kelsay01,https://open.spotify.com/playlist/3AQqBazi5qc3n5jUhTDlUd
Queer AF Girlies,288OwTdNlnJ2RruFYXPRuK,Claire,https://open.spotify.com/playlist/288OwTdNlnJ2RruFYXPRuK
Ur 1 of them queers,64407UFjVcK6amGllixY5v,Yaoi_but_doomed?????😨,https://open.spotify.com/playlist/64407UFjVcK6amGllixY5v
Queer Cowabunga🌱,3jKGhCM3op5v6GObH7ZxVS,Mars 🌱,https://open.spotify.com/playlist/3jKGhCM3op5v6GObH7ZxVS
Queer as a three dollar bill,3PDYq3nFpFzux3nRNKtq7V,greetomatic,https://open.spotify.com/playlist/3PDYq3nFpFzux3nRNKtq7V
Depressed queer kid,0T3WvZkNq9X5komw78f6aj,Levi,https://open.spotify.com/playlist/0T3WvZkNq9X5komw78f6aj
✨🌈Queer Crafting 💕🎨,3coJUFuLzz8wNb8tm35MK2,Morgan Rain,https://open.spotify.com/playlist/3coJUFuLzz8wNb8tm35MK2
Neuro-Queer Rage,5jSajrkjhCQHmcwxkx3vgE,"Delana, the Disaster",https://open.spotify.com/playlist/5jSajrkjhCQHmcwxkx3vgE
🔹Blue Country 🔹Giddy Up  🔹 ,5aKBxT4vtVS84Tx24I2PAv,Blue Country Line Dance,https://open.spotify.com/playlist/5aKBxT4vtVS84Tx24I2PAv
queer songs for the sad queer,4eIkbxTIFEgItudGvinsnQ,LillyBugg,https://open.spotify.com/playlist/4eIkbxTIFEgItudGvinsnQ
Queer girl summer,4COJ3u6T7koYjAH4E0Imeb,Henna Silvennoinen,https://open.spotify.com/playlist/4COJ3u6T7koYjAH4E0Imeb
Queer Country,1YDu9j3Iw11bB2V0d4NYCZ,CarrissaF,https://open.spotify.com/playlist/1YDu9j3Iw11bB2V0d4NYCZ
*screams in queer whimsy*,2bS75q8S7FeQWmr4QBXHMn,tototl<3,https://open.spotify.com/playlist/2bS75q8S7FeQWmr4QBXHMn
I can smell the queer from here,6NOsTuH8rCY5Iv8iodX9pF,THEORRRRRRRR,https://open.spotify.com/playlist/6NOsTuH8rCY5Iv8iodX9pF
2000s lesbian ANTHEMS,7CQSwzk8KMq2wHLzwKpOq3,cytharia,https://open.spotify.com/playlist/7CQSwzk8KMq2wHLzwKpOq3
Gay songs,6s3SdsxVRVIKvAQDY7fFBM,Riley_tha_worm,https://open.spotify.com/playlist/6s3SdsxVRVIKvAQDY7fFBM
Women ,21y7QnrbqK9nOYXa4ce9RF,Michele,https://open.spotify.com/playlist/21y7QnrbqK9nOYXa4ce9RF
Queer Trash Diaries,2hHk5XZJPA0cR60Y6kXmSJ,TheGoodJush,https://open.spotify.com/playlist/2hHk5XZJPA0cR60Y6kXmSJ
Queer Disney ✨🤷,5tBXd4Yk1r0TlGqaEtCZHi,Emmett 🦕,https://open.spotify.com/playlist/5tBXd4Yk1r0TlGqaEtCZHi
Queer Folk Queer Me,4VBknFuGVwoSlK4Smg7S18,Ryn Dockter,https://open.spotify.com/playlist/4VBknFuGVwoSlK4Smg7S18
Queer shit,6oNPlQCfCofz6B9np8SZn7,Gonzo,https://open.spotify.com/playlist/6oNPlQCfCofz6B9np8SZn7
"If You Stay Queer, You Don’t Have to Get Queer!",5y4ApMYk62xtnRfk4FV92G,cespinosa777,https://open.spotify.com/playlist/5y4ApMYk62xtnRfk4FV92G
The queer playlist,0R7UQfVUfbsGZt37gphsQS,Toby117,https://open.spotify.com/playlist/0R7UQfVUfbsGZt37gphsQS
Steers & Queers,2O229Ln3lRjDVlu0qPKFXd,hurtlocker123,https://open.spotify.com/playlist/2O229Ln3lRjDVlu0qPKFXd
i <3 queers,771OfdWKh6cZvtGRhzGH1B,marisxo,https://open.spotify.com/playlist/771OfdWKh6cZvtGRhzGH1B
Lil Dancy Dance,6dWTTyg6xrvRzoV6UrkJGA,Deano,https://open.spotify.com/playlist/6dWTTyg6xrvRzoV6UrkJGA
Queer Playlist,2cAtIOlLP8mO4QNhAwT8di,Clayton LaBrecque,https://open.spotify.com/playlist/2cAtIOlLP8mO4QNhAwT8di
queer summer,47cKUi4DbsZfEoSUM3wrC3,noahreid,https://open.spotify.com/playlist/47cKUi4DbsZfEoSUM3wrC3
Ur a Queer,5L05kcAmlzl1xwUeEBDlLM,Clover,https://open.spotify.com/playlist/5L05kcAmlzl1xwUeEBDlLM
Queer lady dance party!,5e5wOopGXuvrTFPrtuFXPn,Lyska Mondor,https://open.spotify.com/playlist/5e5wOopGXuvrTFPrtuFXPn
Queer Antifascist Marauder Vibes,7rmCcThId0q9QMwc4p0KHC,Kora-Lang Straub,https://open.spotify.com/playlist/7rmCcThId0q9QMwc4p0KHC
Songs for dumb queers: the squeak-quel (I'm still the dumb queer),37Vh173q72zGyu6dKEhGUU,Sam,https://open.spotify.com/playlist/37Vh173q72zGyu6dKEhGUU
Hot Queer Sluts,51djiAHipnCcaL4dfRyule,SpikeShroom,https://open.spotify.com/playlist/51djiAHipnCcaL4dfRyule
femcel autistic sub5 bpd doomer gooner tcc teeceecee academy maniacs queer chronically online incel ,3XDcRxUMxMfIMF5pD0Kmap,jocelyn,https://open.spotify.com/playlist/3XDcRxUMxMfIMF5pD0Kmap
i like everybody ,2cOVotOMIem1G7FDHX94Gq,JAKEY,https://open.spotify.com/playlist/2cOVotOMIem1G7FDHX94Gq
Nayeli Castillo-Ramirez is ALWAYS Right,0NzSo7MmigDfyzS1LSXJ9i,antonia,https://open.spotify.com/playlist/0NzSo7MmigDfyzS1LSXJ9i
queer music,6KsqZbziOL9m4yDylCLW6q,Luke hauser,https://open.spotify.com/playlist/6KsqZbziOL9m4yDylCLW6q
2026 queerpocalypse,4c72qoC543ScNnUFrKSbKD,David,https://open.spotify.com/playlist/4c72qoC543ScNnUFrKSbKD
Queerly You,3n304JEFhhdJqmP3CLawFP,Alena🏳️‍🌈,https://open.spotify.com/playlist/3n304JEFhhdJqmP3CLawFP
Queer As Folk - Season 3 complete soundtrack,1l8jLuUYR7jB1LCZ3N5rlL,Feroni,https://open.spotify.com/playlist/1l8jLuUYR7jB1LCZ3N5rlL
"Witchy, Feminist, Queer, and/or Rage Music",5tY6ehsgi4X21dQKEyC8aB,Jen,https://open.spotify.com/playlist/5tY6ehsgi4X21dQKEyC8aB
smoothbrain queer jams,4beUyHSx9XLbPIz0Tl8C2t,bipolarbard,https://open.spotify.com/playlist/4beUyHSx9XLbPIz0Tl8C2t
Qᴜɪɴɴꜱ ᴄᴏᴍᴘᴇɴᴅɪᴜᴍ,61doz3tTjm8l6zaYHTj9k2,𝙌𝙪𝙞𝙡𝙡  🦇 🍀,https://open.spotify.com/playlist/61doz3tTjm8l6zaYHTj9k2
im listening to music,1tP8VnzfZlRiqsojW7MGKo,dee,https://open.spotify.com/playlist/1tP8VnzfZlRiqsojW7MGKo
the noise machine,4g8k3Xma0g7MJj1qMnc7qj,laz.fm,https://open.spotify.com/playlist/4g8k3Xma0g7MJj1qMnc7qj
"Por su brillo me dejé llevar pensé que, Era un diamante pero nah, resultó ser Farsante y no fue solo",1WZ33YkcuklhojzDVb5VEG,LO MEJOR EN MUSICA 01,https://open.spotify.com/playlist/1WZ33YkcuklhojzDVb5VEG
Queer space (my oc's band) ,2AhIE2Iminy4a48reWkTf7,☀️Staryyyyy☀️,https://open.spotify.com/playlist/2AhIE2Iminy4a48reWkTf7
Bops for a queer disaster,7Jjss9empUOSVz5tWboRBg,queenvenesa,https://open.spotify.com/playlist/7Jjss9empUOSVz5tWboRBg
Queer Party 🌈💥,5biIXp8dbZrgAGs8EHgs3p,PupTroublePDX,https://open.spotify.com/playlist/5biIXp8dbZrgAGs8EHgs3p
bipoc queers ONLY,4kxbihqpSEomjCE7MItiY5,Bianca Robles,https://open.spotify.com/playlist/4kxbihqpSEomjCE7MItiY5
"Black, Queer, Tenured Mingle",3Fa9baohokMru4DoqHUVCL,mcolemantobias,https://open.spotify.com/playlist/3Fa9baohokMru4DoqHUVCL
Dumb Queer Vibes,74M8Yq7HcJAdjB4UqRoWi7,Queen Suni,https://open.spotify.com/playlist/74M8Yq7HcJAdjB4UqRoWi7
donna bob queer ❤️,42YY27MV6LZLn9b9zjt9uX,kend07bresler,https://open.spotify.com/playlist/42YY27MV6LZLn9b9zjt9uX
to be a black sapphic in love ,0vVMoPChnE4Cd8M5iKIvbh,goose factory,https://open.spotify.com/playlist/0vVMoPChnE4Cd8M5iKIvbh
Really gay things,4u0EGaGL23xegrSUhZAyPV,Kassie Wassie 👰‍♂️,https://open.spotify.com/playlist/4u0EGaGL23xegrSUhZAyPV
Queer reggaeton,1tHI0VXDx08g0FjINJB9RK,AndrewDP,https://open.spotify.com/playlist/1tHI0VXDx08g0FjINJB9RK
black queer femme tunes,1MUVEGz5EmXx3rn2Vnvyql,Aya ⚡️,https://open.spotify.com/playlist/1MUVEGz5EmXx3rn2Vnvyql
AGGRESSIVELY QUEER MIX 🪩🪲,3yPd7AGJszIc7e4leL7YLl,Ab Salico,https://open.spotify.com/playlist/3yPd7AGJszIc7e4leL7YLl
Shift Gears and Punch Queers,1hXH0M1ct8YhP7zRO7MlNU,hunterbjorgaard,https://open.spotify.com/playlist/1hXH0M1ct8YhP7zRO7MlNU
Queerily  odd mix,2a2yIX7ekC0AJhTiUTlWmN,kjk.278,https://open.spotify.com/playlist/2a2yIX7ekC0AJhTiUTlWmN
Stay queerious,7513IJMaoskP9HmFIzTqEi,Ghoul,https://open.spotify.com/playlist/7513IJMaoskP9HmFIzTqEi
Currently Devouring Plastic,5O6N7SZ0z4jbkijZUV28rC,ssᴄʀʀᴇᴀᴍs ⋆,https://open.spotify.com/playlist/5O6N7SZ0z4jbkijZUV28rC
My music taste could beat up your music taste,2v77Qsd2CR8Rnu6I6uxgHi,overover,https://open.spotify.com/playlist/2v77Qsd2CR8Rnu6I6uxgHi
My Mental Illness,161LsstWipfuF0DVNWwOZd,Strange Nautilus,https://open.spotify.com/playlist/161LsstWipfuF0DVNWwOZd
Queer summer,1QkltCbSDnIjlH2u14U0KS,Elizabethsmart,https://open.spotify.com/playlist/1QkltCbSDnIjlH2u14U0KS
Queer millenial music,2QrPE2sXdxkptTYbpE07aI,TrinityGermer,https://open.spotify.com/playlist/2QrPE2sXdxkptTYbpE07aI
PROTECT QUEER ART,77ZHLj2cKau9u3U6lBH8RS,saikisbutylickr,https://open.spotify.com/playlist/77ZHLj2cKau9u3U6lBH8RS
Protect queer art ,72freyIERjPn7bt60zuKyL,Viv,https://open.spotify.com/playlist/72freyIERjPn7bt60zuKyL
✨Queer🌈,1GFwhM8OW07AqLvqtUAz81,Lucy,https://open.spotify.com/playlist/1GFwhM8OW07AqLvqtUAz81
JULY | 26,1dE6ujEOcyTzGFitIv5Nww,☁️,https://open.spotify.com/playlist/1dE6ujEOcyTzGFitIv5Nww
🦧,1cfAJnQRI82ammt3hqUFst,Xtyrantix,https://open.spotify.com/playlist/1cfAJnQRI82ammt3hqUFst
kiki,1lMS8ChV7CoEKgG6UvbmeL,lani  (。-∀-),https://open.spotify.com/playlist/1lMS8ChV7CoEKgG6UvbmeL
Racism ,37S3npX5so6fv91AYtlT0I,Ilikegames,https://open.spotify.com/playlist/37S3npX5so6fv91AYtlT0I
Queer House ,5wkMicCTByD7RAEPXjd2CA,Hollywood Tramp,https://open.spotify.com/playlist/5wkMicCTByD7RAEPXjd2CA
Queer loser,2V4ByrPwGQd0DAc2ehd7H4,Syn🦞,https://open.spotify.com/playlist/2V4ByrPwGQd0DAc2ehd7H4
The Queer Awakening ,5b4jK7m0SVGSn4zpBui9Ib,Jon,https://open.spotify.com/playlist/5b4jK7m0SVGSn4zpBui9Ib
Pine City Queer Club ™,3BaXi0s22S6pxUIsDXhrfp,Fern and Flask,https://open.spotify.com/playlist/3BaXi0s22S6pxUIsDXhrfp
Ultra mega queer,6uVmsOIFv18b2c02CsQhrF,Mel!!,https://open.spotify.com/playlist/6uVmsOIFv18b2c02CsQhrF
Skunk ape circus trans queer folk brewery,6KR4k89MLPk62ASsqxOCrP,bindlebop,https://open.spotify.com/playlist/6KR4k89MLPk62ASsqxOCrP
Songs picked out by a mentally ill queer person ,3gUvYYOeamwH7ojSzjWYpP,Queerio,https://open.spotify.com/playlist/3gUvYYOeamwH7ojSzjWYpP
2010s Joshua Wilderness Institute Trauma (aka Hume Lake queer vibes),3AcJaPcTQrb5rrBz8LumRi,Mae H,https://open.spotify.com/playlist/3AcJaPcTQrb5rrBz8LumRi
mcr songs ranked from least to most queer coded,72AzoLrqMcoZJxuxNuC4pl,OwenLee,https://open.spotify.com/playlist/72AzoLrqMcoZJxuxNuC4pl
"Shes, Theys, Gays & Baes",4fHt2p5yT0cbGlz0VMn9Qg,Em Kay,https://open.spotify.com/playlist/4fHt2p5yT0cbGlz0VMn9Qg
queer ,40RlK6HEBIf1v7V68atNv1,emiliana :p,https://open.spotify.com/playlist/40RlK6HEBIf1v7V68atNv1
Queer and ect,3MKkxm2IT44INjs2Nj8xof,Saxplayer,https://open.spotify.com/playlist/3MKkxm2IT44INjs2Nj8xof
Queerlist,47igy9tFzgZwICfaK60lVV,Tom Bradley,https://open.spotify.com/playlist/47igy9tFzgZwICfaK60lVV
Queerbaiting (Emo Edition),0FuHWnRD8PXDsZr4L40n0d,Gavioy,https://open.spotify.com/playlist/0FuHWnRD8PXDsZr4L40n0d
queer punk/metal,4B82gJOfmxsXHaBAlYTUoL,marian,https://open.spotify.com/playlist/4B82gJOfmxsXHaBAlYTUoL
✨queer coded villain vibes✨,1mfHBzpdsfywI3nKY19IqP,LiteralGh0st,https://open.spotify.com/playlist/1mfHBzpdsfywI3nKY19IqP
Let’s get Queerd,2FW6cDBw3bXQyKiJZTOjkL,Jacob Marcus Hemphill,https://open.spotify.com/playlist/2FW6cDBw3bXQyKiJZTOjkL
drinkin beers slappin queers,5kjQAS7y38dx3ZO2iHP2bY,803.-.gabe,https://open.spotify.com/playlist/5kjQAS7y38dx3ZO2iHP2bY
Queer AND a fucking furry,0YOQb18hKXDwRuCliljaIl,MarkaxFive,https://open.spotify.com/playlist/0YOQb18hKXDwRuCliljaIl
Race day,6nmsW7TFgZk64mknXnzjkV,Kellan Ingram,https://open.spotify.com/playlist/6nmsW7TFgZk64mknXnzjkV
Queer Contours,7FUh0DtVdvYlvWlQccbzef,Nora,https://open.spotify.com/playlist/7FUh0DtVdvYlvWlQccbzef
Queer queefing ,1cx1dblb5htWNZ42SvkJwx,Charlotte M,https://open.spotify.com/playlist/1cx1dblb5htWNZ42SvkJwx
Qpop(Queer Pop),2JpngOhOe84ZBio2j1L9Fb,Mifune OZukaze!,https://open.spotify.com/playlist/2JpngOhOe84ZBio2j1L9Fb
Queer ass ninjA ,1UiOHVKhCzOXnov6I2DxCI,Stephen Henderson,https://open.spotify.com/playlist/1UiOHVKhCzOXnov6I2DxCI
Very Queerious,6MfbBK8KyUCxpmc7HREUSZ,JAX !!!!,https://open.spotify.com/playlist/6MfbBK8KyUCxpmc7HREUSZ
Queer platonic mergwaine my beloved,38zaceMAESS9ULKEQRaA0Q,Rain Cannon,https://open.spotify.com/playlist/38zaceMAESS9ULKEQRaA0Q
seriously slutty cunty queer pregame 2.0,7zPQt7ohEMKCKk4V62PLj4,Jackie Jean,https://open.spotify.com/playlist/7zPQt7ohEMKCKk4V62PLj4
I'm a dj at a queer club in bushwick,4An8DXHamuAautjzqzUfm8,Aiden,https://open.spotify.com/playlist/4An8DXHamuAautjzqzUfm8
all of my music taste 💫🍥,2lPL8ZMFD8fcHKBk7ZrCsH,I want to eat a slice of toast,https://open.spotify.com/playlist/2lPL8ZMFD8fcHKBk7ZrCsH
rat jams 2: RELOADED,5fSzRqnAeacxpDkuBQdmx0,cabbage,https://open.spotify.com/playlist/5fSzRqnAeacxpDkuBQdmx0
queer,2mj3Xe7y4WIMTWUDdLPZ1z,Haydenjackson287,https://open.spotify.com/playlist/2mj3Xe7y4WIMTWUDdLPZ1z
Queercenera,0Wu2qKkqBsMzKHH6kH1ele,PeachyKeen,https://open.spotify.com/playlist/0Wu2qKkqBsMzKHH6kH1ele
Queer Sounds Dos,7tu9klynklXgHeMwvGSmt6,LCAA,https://open.spotify.com/playlist/7tu9klynklXgHeMwvGSmt6
Queer political rage (fuck the government) ,6JIfclv5wtTP6xJTlZNNVI,Red,https://open.spotify.com/playlist/6JIfclv5wtTP6xJTlZNNVI
Quintessential Queer Queens Question the Queue at Quiznos,2TTZsNKu6laXcF3s4N2bSY,dillpickle0077,https://open.spotify.com/playlist/2TTZsNKu6laXcF3s4N2bSY
Queer on Gear,0qTgMEz70tpZsgBcVYaz5j,Jack Grover,https://open.spotify.com/playlist/0qTgMEz70tpZsgBcVYaz5j
Too queer to be quiet 🙂‍↔️,4shvzNNFLaR8i7xxqaYlp8,pepagonzalez98,https://open.spotify.com/playlist/4shvzNNFLaR8i7xxqaYlp8
Queer ppl final boss,3CmDlPySOWDJXJtJ4gl4M8,Ashley.oberhaus,https://open.spotify.com/playlist/3CmDlPySOWDJXJtJ4gl4M8
nonbinary lesbian trans nonbinary bisexual aroace,2TAh507WGvFDJezl39nKKi,GOODoct,https://open.spotify.com/playlist/2TAh507WGvFDJezl39nKKi
Queer Beach Party,0Wa0DhZ5Ct1EBaoHheJsxN,Them,https://open.spotify.com/playlist/0Wa0DhZ5Ct1EBaoHheJsxN
100% mentally ill/queer💅,1dWsN5YdPryfI37clmfxqR,Idk tbh °-°,https://open.spotify.com/playlist/1dWsN5YdPryfI37clmfxqR
Queer for my Rear,3wgQaRMyeMXBkCUl8pHEUo,Christian Lampkin,https://open.spotify.com/playlist/3wgQaRMyeMXBkCUl8pHEUo
Queer Queue ,4pRxniKHkPh9tx2wPp0zNg,mancini5,https://open.spotify.com/playlist/4pRxniKHkPh9tx2wPp0zNg
Why so… queerious?,2wze2fGJupLNdgv0Svbkkt,EmiWemi030,https://open.spotify.com/playlist/2wze2fGJupLNdgv0Svbkkt
soft and queer,3B4g8BHxWSuiphwqMieDdg,Ayla,https://open.spotify.com/playlist/3B4g8BHxWSuiphwqMieDdg
I hate these QUEERS (zosan),1zdwFcGSO4TDvGTBklsba8,Crimson Sailor,https://open.spotify.com/playlist/1zdwFcGSO4TDvGTBklsba8
i hate queers (especially you),6MBINtL3DH98sNtGyer02X,jay,https://open.spotify.com/playlist/6MBINtL3DH98sNtGyer02X
July 26,3I4EcYReBBucuK4hP5KTOM,soph,https://open.spotify.com/playlist/3I4EcYReBBucuK4hP5KTOM
my queer hits,0tVYMOuwmBpqmVhszik6Ft,noot,https://open.spotify.com/playlist/0tVYMOuwmBpqmVhszik6Ft
Queer Media is…,2jvCzwGxL9ovwFt4zdKHTE,Eyelash Bug,https://open.spotify.com/playlist/2jvCzwGxL9ovwFt4zdKHTE
Queer Bops,61AE36g6i0VHXhxM1h2NQz,/Solidus/,https://open.spotify.com/playlist/61AE36g6i0VHXhxM1h2NQz
Lé Mauls Summer of Queer ‘26,1RNd63rqJDIeSVCmEQFqQ4,Cee Maul,https://open.spotify.com/playlist/1RNd63rqJDIeSVCmEQFqQ4
WLW Queer Radio,0eFfTYmG0Gfkk8FwtTHdUG,Melyni Elise,https://open.spotify.com/playlist/0eFfTYmG0Gfkk8FwtTHdUG
Country music except I’m queer,1orGUBGztZwgduvw7WuFIM,Brianna🍓🥛,https://open.spotify.com/playlist/1orGUBGztZwgduvw7WuFIM
you're sam winchester coded,4oh4pRBdxIkHqWX04BSyY9,Mayhem⛓️🩶,https://open.spotify.com/playlist/4oh4pRBdxIkHqWX04BSyY9
It’s a Sin: the soundtrack,2yzoqt7fSK6PVWrbZBsceV,Ant Babajee,https://open.spotify.com/playlist/2yzoqt7fSK6PVWrbZBsceV
Kitty | 07.26,6ZLmJ1IO513BCbTb4pTlBG,Kitty Music,https://open.spotify.com/playlist/6ZLmJ1IO513BCbTb4pTlBG
there is still time,11tHVWrbneZwcp97t23KyC,mitzi,https://open.spotify.com/playlist/11tHVWrbneZwcp97t23KyC
Queer as Folk US,3S4Cvjkdf4HNZKTZHtrDPz,Tess Elation,https://open.spotify.com/playlist/3S4Cvjkdf4HNZKTZHtrDPz
queer boy,7ePnBfcO8ZjaXWYspq1qnB,SHADOW9571,https://open.spotify.com/playlist/7ePnBfcO8ZjaXWYspq1qnB
Queer As In Fuck You,2oF8syPS4oDfIhfZ7UnIFQ,Jessica Quaintrelle,https://open.spotify.com/playlist/2oF8syPS4oDfIhfZ7UnIFQ
Droppin gears &passing queers ,07estSndrFB5aZZIhf8nzs,Ryan.frades_,https://open.spotify.com/playlist/07estSndrFB5aZZIhf8nzs
Gay Pop,0JQJNliOqvHCpq5pxgFwtI,DreamMachine,https://open.spotify.com/playlist/0JQJNliOqvHCpq5pxgFwtI
"For a feminist, I'm pretty misandrist",6ahVkpAV0jqqB2vvLaPuuf,brenna,https://open.spotify.com/playlist/6ahVkpAV0jqqB2vvLaPuuf
The Cave,54b4QIO0VNCOhVaWvoMeFD,Jacqueline Renee Smoak,https://open.spotify.com/playlist/54b4QIO0VNCOhVaWvoMeFD
Joy & Whimsy,6s7DlXaQXvs5hJnGPYjLQ3,Ginger Bread,https://open.spotify.com/playlist/6s7DlXaQXvs5hJnGPYjLQ3
Balls fart ,4DG3ieMIACtTywfaQZVvDY,Approved Lego,https://open.spotify.com/playlist/4DG3ieMIACtTywfaQZVvDY
Queer Queue,0IQccwFUaz3KHdOGQYG3iY,Aster Meadows,https://open.spotify.com/playlist/0IQccwFUaz3KHdOGQYG3iY
polite young queer ,1eEbL7e8JHd4AK03qysXNB,davan,https://open.spotify.com/playlist/1eEbL7e8JHd4AK03qysXNB
Cheers Queers,4NXRKAvxqbqBoxFuxqV2Sp,Ollie Taylor,https://open.spotify.com/playlist/4NXRKAvxqbqBoxFuxqV2Sp
queer punk add list,5klSDz32eK7C3YhYiaitJ7,Aidan London,https://open.spotify.com/playlist/5klSDz32eK7C3YhYiaitJ7
you're one of them queers ,5kPUUOx6RIQ8IOUjw2P7Ei,Tjmannn,https://open.spotify.com/playlist/5kPUUOx6RIQ8IOUjw2P7Ei
Queer people pt. 2,2d31q82KP2yfAPPRWyrJCB,magic_unikorn,https://open.spotify.com/playlist/2d31q82KP2yfAPPRWyrJCB
Queer Autist Music 2: The Reckoning,4OWgpbMeHTegUhrKlNF8T2,Izzac,https://open.spotify.com/playlist/4OWgpbMeHTegUhrKlNF8T2
queersos,7nyD4mwlWbd6awF7KaBV2B,ky ☆,https://open.spotify.com/playlist/7nyD4mwlWbd6awF7KaBV2B
July 2026 - Summer Dance,3M6VZ05l7OyVY2SiM30Q1R,neverbeenkrissed,https://open.spotify.com/playlist/3M6VZ05l7OyVY2SiM30Q1R
Queerness in all its GLORY 🏳️‍🌈🏳️‍⚧️,0QoppTbvOtCk4sAV7suXuQ,Lucy Loop,https://open.spotify.com/playlist/0QoppTbvOtCk4sAV7suXuQ
We're All Queer Here,30F0yF4OLcER4hrZCHUxB5,Taylre P.,https://open.spotify.com/playlist/30F0yF4OLcER4hrZCHUxB5
Foggy flow,605C9Zukjgy8P3qG2AtZKd,Maeday,https://open.spotify.com/playlist/605C9Zukjgy8P3qG2AtZKd
A queer anthem,3SVFvqdZAAgd7ITldKIdr1,Kayla🇬🇧🐞🐛🕷️,https://open.spotify.com/playlist/3SVFvqdZAAgd7ITldKIdr1
old (actual) queer songs ,61IxiIMCMX73M4NTlRweT2,p ☆,https://open.spotify.com/playlist/61IxiIMCMX73M4NTlRweT2
WUH LUH WUH 2.0,5LyiLfY5F0WpSuAS6ozfyT,Breah <3,https://open.spotify.com/playlist/5LyiLfY5F0WpSuAS6ozfyT
"R&B, But Make It 💅🏾✨",4RwzpH0QOvyKjqtC4oEQ45,thatweirdgirrl,https://open.spotify.com/playlist/4RwzpH0QOvyKjqtC4oEQ45
Gaybian Girlboy night,0VbD79U7zhPk0i9wQjzF6E,Idek (:,https://open.spotify.com/playlist/0VbD79U7zhPk0i9wQjzF6E
Binx’s Vivacious Vehicular Jams,0cYzRz5nHX4pnMViGXRKbF,Binx !! ☔️,https://open.spotify.com/playlist/0cYzRz5nHX4pnMViGXRKbF
Hyper and Experimental Pop,70xNTS7JeX4DBqQe2QiDnw,Joe Brennan,https://open.spotify.com/playlist/70xNTS7JeX4DBqQe2QiDnw
Queers and fags 2.0,6NtZtKecXWa1X7WbI4R1qS,Kalewhite,https://open.spotify.com/playlist/6NtZtKecXWa1X7WbI4R1qS
❤️🧡💛QUEERCHELLA 💚💙💜,7fdYdHfDbOR0PLWbWUn7V6,Jewell Ann,https://open.spotify.com/playlist/7fdYdHfDbOR0PLWbWUn7V6
Sad Queer ,2GtfaKTzbPpMk2QLytO45A,Elijah,https://open.spotify.com/playlist/2GtfaKTzbPpMk2QLytO45A
Forbidden queer love,6V0kJgZCdZFNvK2kZPnG4A,🎧💿𝚌𝚛𝚘𝚠🪐🌀🪲,https://open.spotify.com/playlist/6V0kJgZCdZFNvK2kZPnG4A
SALVAGED/QUEERDESIRE,4Y657JFI62qJjj6epRJ6Q8,berkeleybred,https://open.spotify.com/playlist/4Y657JFI62qJjj6epRJ6Q8
messy queer whore,2SnBpxoh63GzVyw5sc4A3k,Kaylena Heresco,https://open.spotify.com/playlist/2SnBpxoh63GzVyw5sc4A3k
Steers and Queers,4QUSe5MRdEq48NIxGRhVtD,Samuelmorehead,https://open.spotify.com/playlist/4QUSe5MRdEq48NIxGRhVtD
for the girls and the gays,3C6rlo5pT0UQOsK3uqKsxT,lannfoxworthy,https://open.spotify.com/playlist/3C6rlo5pT0UQOsK3uqKsxT
#1 AMC Classics,3BXddposmWfOpiBe2UMMPz,King,https://open.spotify.com/playlist/3BXddposmWfOpiBe2UMMPz
Wholesome comfort ,7lVTYLDloBIbEHvzkx12Gg,Queen Bubbles,https://open.spotify.com/playlist/7lVTYLDloBIbEHvzkx12Gg
for the queens and queers,0wyiwVj9ISQS3r8DAjN8R0,Spandhana,https://open.spotify.com/playlist/0wyiwVj9ISQS3r8DAjN8R0
Drinkin beers and passing queers ,6NDtMwRQeQffBk9fCePuBj,Tyler McCormick,https://open.spotify.com/playlist/6NDtMwRQeQffBk9fCePuBj
Queer WTNB Volleyball ,4priqitCYGNEIXTeQqFabr,Claude,https://open.spotify.com/playlist/4priqitCYGNEIXTeQqFabr
Queers FAV,4RcUpjBO8PZKkaHfXQ3EAZ,Lowerj,https://open.spotify.com/playlist/4RcUpjBO8PZKkaHfXQ3EAZ
Queer af 🌈,0iGngOog0zkvTS2f77tnN6,Malus,https://open.spotify.com/playlist/0iGngOog0zkvTS2f77tnN6
Queer  Pride Summer Camp Dance Party,0Dl0hlzbfj2rLelhrAlXmS,Jonathan Darr (Johnny SPRKLZ),https://open.spotify.com/playlist/0Dl0hlzbfj2rLelhrAlXmS
"look, mom! the depressed angsty queer kid made another playlist!",2YAWpNQok1FBHaCCb2j1gu,RaccoonBard,https://open.spotify.com/playlist/2YAWpNQok1FBHaCCb2j1gu
challengers x heated rivalry,0UnBMDqaYOxX5VInyWW6Bt,Chloe ⋆｡°✩,https://open.spotify.com/playlist/0UnBMDqaYOxX5VInyWW6Bt
escaping my hometown,4B3K8bjLljZqur1MbWpoUG,noah,https://open.spotify.com/playlist/4B3K8bjLljZqur1MbWpoUG
**Cruising in Emo,25v36imhHkCatF3u50K1jW,BlastedSages,https://open.spotify.com/playlist/25v36imhHkCatF3u50K1jW
Queer As Folk Babylon Club,0lRQqip06wRDbPOWg69KQ4,Ricardo Soto J,https://open.spotify.com/playlist/0lRQqip06wRDbPOWg69KQ4
Queer and hot ,1hMirSVWYC6kytODiopjO6,Karissa Tobey,https://open.spotify.com/playlist/1hMirSVWYC6kytODiopjO6
queer yearning,4RRWpBVpfzOt8W3BsxH37k,Julia,https://open.spotify.com/playlist/4RRWpBVpfzOt8W3BsxH37k
Queer boy Summer,2bgYggk6gWQM20JGKfhHFw,regwaldoswrld,https://open.spotify.com/playlist/2bgYggk6gWQM20JGKfhHFw
Queer tops,0ZeXQV3WKUuwPx92UapYhV,Natev92,https://open.spotify.com/playlist/0ZeXQV3WKUuwPx92UapYhV
Queer folk punk,375SNnaWLaILUF6rBouQ8i,Moth,https://open.spotify.com/playlist/375SNnaWLaILUF6rBouQ8i
positivity but queer,6dJ9DoJ3h8KnRiNa9CmEPW,Uhohcam,https://open.spotify.com/playlist/6dJ9DoJ3h8KnRiNa9CmEPW
sunny and a little queer 🌞,3iXnYoqZ4qNEFoKBMsplM4,Charlotte,https://open.spotify.com/playlist/3iXnYoqZ4qNEFoKBMsplM4
WEAF,4mMWjs9oAr9PrkIoGAIrmO,Omori,https://open.spotify.com/playlist/4mMWjs9oAr9PrkIoGAIrmO
Queer 🌈🏳️‍🌈🏳️‍⚧️✨💕🌞,2AkJ8s1dBr7BlB1oO8TaT3,EBBNFLOW,https://open.spotify.com/playlist/2AkJ8s1dBr7BlB1oO8TaT3
Queer Vibes,5OhLqP2q44JKw4rGqWBSHy,Michelleinanutshelle,https://open.spotify.com/playlist/5OhLqP2q44JKw4rGqWBSHy
Typical queer girl,2jBiPx9RrHQBDmejDLR8V2,PRETERNATURAL,https://open.spotify.com/playlist/2jBiPx9RrHQBDmejDLR8V2
Queer.,0g6c66J69qjB3ULaWOD6a4,Jon Binary,https://open.spotify.com/playlist/0g6c66J69qjB3ULaWOD6a4
Queer AF,4IEq0s8RFlcot562Bniel2,Dani,https://open.spotify.com/playlist/4IEq0s8RFlcot562Bniel2
Five musty queers (thanks carsun and coal),1K2XpRtT6mkoFkzQwF8wsc,mfcoal,https://open.spotify.com/playlist/1K2XpRtT6mkoFkzQwF8wsc
rubbing1outwhiletearsfall ,3qpMWyqJFKjCQWTslWxyCB,yazdaballa,https://open.spotify.com/playlist/3qpMWyqJFKjCQWTslWxyCB
HARDCORE METAL PLAYLIST,7aKQ9bpEJsqJDTBCQKz7s0,lei,https://open.spotify.com/playlist/7aKQ9bpEJsqJDTBCQKz7s0
✨mossy🐸✨,6d2OHZOffOzBqLaVXGsQwh,Moon Suehead-Flynn,https://open.spotify.com/playlist/6d2OHZOffOzBqLaVXGsQwh
I Was Special,27i3F0V4GQ4StcT2u24k2K,Shawn v. the vampire 🩸💀,https://open.spotify.com/playlist/27i3F0V4GQ4StcT2u24k2K
Queer Yoga,7a06UaJ7Qmeq7s0xuTyXA5,Andy Chen,https://open.spotify.com/playlist/7a06UaJ7Qmeq7s0xuTyXA5
Queer ,4WDiDVmJpGhm0UK47OK7hi,Brooklyn-Jade Torres,https://open.spotify.com/playlist/4WDiDVmJpGhm0UK47OK7hi
queer-ious george ,7kEMq2CX22ZRajswgvzjRd,MARZ!,https://open.spotify.com/playlist/7kEMq2CX22ZRajswgvzjRd
That queer shit,7y1LtEBoZJBXrGcErKKXiv,PastelGalaxiez,https://open.spotify.com/playlist/7y1LtEBoZJBXrGcErKKXiv
Queer stuff,1K3WbWZ4TGn4gUk6bqDBpI,Dean,https://open.spotify.com/playlist/1K3WbWZ4TGn4gUk6bqDBpI
the queerlist,7w9OkCg0UpduD2qugv8UDn,Virgil/Vergil,https://open.spotify.com/playlist/7w9OkCg0UpduD2qugv8UDn
"What a Queer, Vol. II",3NnUx6Gy77dqndtBqHEaav,Neil,https://open.spotify.com/playlist/3NnUx6Gy77dqndtBqHEaav
Hab keine Lust es zu riskieren😐,7gjZqOT6J3INyCm47M8QSB,lsd-wd,https://open.spotify.com/playlist/7gjZqOT6J3INyCm47M8QSB
my current music taste,0cjfsNGEbgQXxBIhRYgCfc,Marg,https://open.spotify.com/playlist/0cjfsNGEbgQXxBIhRYgCfc
Queer As Folk - complete soundtrack,4vwhhKurLCD4LqrHliythP,Feroni,https://open.spotify.com/playlist/4vwhhKurLCD4LqrHliythP
queer,3wSDKdu2wut3SepwQPrexr,river !,https://open.spotify.com/playlist/3wSDKdu2wut3SepwQPrexr
Queer Shit,1TrqFYkJVGL3um90RwzONa,Mitchel Vosejpka,https://open.spotify.com/playlist/1TrqFYkJVGL3um90RwzONa
Sapphic Queer Chill…turned techno (how to survive fascism),6QFrjtFVvg8lsNuvxhsRbV,Chloe Hultman,https://open.spotify.com/playlist/6QFrjtFVvg8lsNuvxhsRbV
The three muska queers🌈,6qGNPsabmblrBos3VsVgy9,Jenna.McCoy,https://open.spotify.com/playlist/6qGNPsabmblrBos3VsVgy9
Cheers Queers,3eqO9aYefw6lDlYMX20vd8,Jac Clark,https://open.spotify.com/playlist/3eqO9aYefw6lDlYMX20vd8
Manic Depressive Queer Kid,5wHCH9gZ4JK5isRglo0ztk,Ginette Montoya,https://open.spotify.com/playlist/5wHCH9gZ4JK5isRglo0ztk
early queercore  ,3HUWEcBCapjuzbTjHSRukK,mlbingb,https://open.spotify.com/playlist/3HUWEcBCapjuzbTjHSRukK
Songs for the queers and girly pops,1PFz9GuK4OQpAx35u6uIp2,Shobaroo,https://open.spotify.com/playlist/1PFz9GuK4OQpAx35u6uIp2
Terminally Ill Hyperphonk,4SMPIlrLgNWFdJnHnLOSvY,your.valentine,https://open.spotify.com/playlist/4SMPIlrLgNWFdJnHnLOSvY
queer constellations,18qVCWWcpLQ3v6uYrtXwYa,Morgan Kubischta,https://open.spotify.com/playlist/18qVCWWcpLQ3v6uYrtXwYa
Pop/Queer Sheit,6uzZcovV1Ar1CHEvGyDsKf,shay.escalera,https://open.spotify.com/playlist/6uzZcovV1Ar1CHEvGyDsKf
"Queer, Slutty, and Burnt Out",15hrgxBqh1NI8MpOXAq9EB,AteValve,https://open.spotify.com/playlist/15hrgxBqh1NI8MpOXAq9EB
Music Enjoyed by my Queer Ass,1wo0THSEWBpxxjtvFKQZGq,Analog Charlotte,https://open.spotify.com/playlist/1wo0THSEWBpxxjtvFKQZGq
𝚂𝚘𝚏𝚝 𝚚𝚞𝚎𝚎𝚛 𝚖𝚞𝚜𝚒𝚌,00aV9D55UsFasziqFxatCO,simplyaspotifykid,https://open.spotify.com/playlist/00aV9D55UsFasziqFxatCO
GWO N SHWUMP,4VbK7nchbw3adhdbWz0FHC,nessa,https://open.spotify.com/playlist/4VbK7nchbw3adhdbWz0FHC
Here Come the Witches,7DD0FV92gPqik1DfzH6dxw,Bardolus,https://open.spotify.com/playlist/7DD0FV92gPqik1DfzH6dxw
 Affect Roulette ✨,6wSMKmI6IrYEz7LWpxQtNa,Emry ✨,https://open.spotify.com/playlist/6wSMKmI6IrYEz7LWpxQtNa
Punk again,4q3wY1S3A88UsYZyrwsuSY,TinyTaterT0T,https://open.spotify.com/playlist/4q3wY1S3A88UsYZyrwsuSY
Queerly Beloved 🩵,2lGtSnbXvkyjLoQEuYYfbT,Nick,https://open.spotify.com/playlist/2lGtSnbXvkyjLoQEuYYfbT
queer vibes,627akVvrMDRlbpYJpSTSO5,vicsta,https://open.spotify.com/playlist/627akVvrMDRlbpYJpSTSO5
Queer As Folk Roadtrip ,0ABnKE7TtzHGLuuhYFPiSV,Mike Consalvo,https://open.spotify.com/playlist/0ABnKE7TtzHGLuuhYFPiSV
Queers R Us 🏳️‍🌈🏳️‍⚧️,1G6Hw3Mvp5QgWQpMdgNr4V,ty_lerb,https://open.spotify.com/playlist/1G6Hw3Mvp5QgWQpMdgNr4V
QUEERS ONLY,3ukmtUquZ7gYpzZOY5dBwP,Aly Johnson,https://open.spotify.com/playlist/3ukmtUquZ7gYpzZOY5dBwP
You Throw Like A Queer,7o3Yh3g3TNHtUnzmwakijO,DaniTheLlama,https://open.spotify.com/playlist/7o3Yh3g3TNHtUnzmwakijO
HAGS QUEERS ONLY,6LzfsMTqJKfuv4x8of9RTa,living_dead_grrrl,https://open.spotify.com/playlist/6LzfsMTqJKfuv4x8of9RTa
Angry Women/Queer Punk,7AlhItzeqkEQ1mnJXhLXak,Gray,https://open.spotify.com/playlist/7AlhItzeqkEQ1mnJXhLXak
Trash Tuesday - Canvas Nashville ,6pe5NRFhWe9O1yIfJjAe2e,isaiahgarefino,https://open.spotify.com/playlist/6pe5NRFhWe9O1yIfJjAe2e
Be Vigilant. I Love You.,6sV5xiMAtrjGdUHB8Ni1Qf,Savay,https://open.spotify.com/playlist/6sV5xiMAtrjGdUHB8Ni1Qf
why so queerious,6K8OtfK2W3C6U50lJz1jpp,Skzzz,https://open.spotify.com/playlist/6K8OtfK2W3C6U50lJz1jpp
Big Queer Party ,34MBxVGFatcr5VfAepAbjx,JuliefromHJ,https://open.spotify.com/playlist/34MBxVGFatcr5VfAepAbjx
My Queer Anthem,6CIIX8dFQoHwifa64WVxn9,Tristan,https://open.spotify.com/playlist/6CIIX8dFQoHwifa64WVxn9
Queer at the Disco,6yLTa0057CJFC4Z7xaSQqd,Queer Goblin,https://open.spotify.com/playlist/6yLTa0057CJFC4Z7xaSQqd
Queercore Punk,68h2K6D0uCc685aKNkBJqB,Joy Rickard,https://open.spotify.com/playlist/68h2K6D0uCc685aKNkBJqB
"Queerness, depression, politics and Satan",4qj0nCLB6urBPiYgEL5Baa,Finian,https://open.spotify.com/playlist/4qj0nCLB6urBPiYgEL5Baa
hot topic queers,3jd2GluPtPYtkMY9bYOB1Z,redisawkward,https://open.spotify.com/playlist/3jd2GluPtPYtkMY9bYOB1Z
Switching gears and passing queers,0FdgpAXoZ7YoOgxyi2Xy9u,Tony Amato,https://open.spotify.com/playlist/0FdgpAXoZ7YoOgxyi2Xy9u
HOT DOG SUNDAYS,39zIvgf12PDQ2PtF9ubJkY,Fiasco! Wine & Spirits,https://open.spotify.com/playlist/39zIvgf12PDQ2PtF9ubJkY
2026 ,23KJkgmugBOzsSj7rF93PP,niks,https://open.spotify.com/playlist/23KJkgmugBOzsSj7rF93PP
queer me out 🦄,7MLdGp3vyz7rm2o3PT1Knm,enaugs,https://open.spotify.com/playlist/7MLdGp3vyz7rm2o3PT1Knm
we’re queer,65Qg1cRN8HtJOhfXxZiWdX,Andrea Gilbert,https://open.spotify.com/playlist/65Qg1cRN8HtJOhfXxZiWdX
Queer AF 26,71XrIZlnQwlf8QKvRnQnhs,Anj.e.b,https://open.spotify.com/playlist/71XrIZlnQwlf8QKvRnQnhs
Queer yk?,3WNjdEAdgZgjYHPYXQmNQU,Lucie White,https://open.spotify.com/playlist/3WNjdEAdgZgjYHPYXQmNQU
Barnes Park Queer Version🏳️‍🌈,23lwIy0mPTIZ7aCHIIACwN,Caroline Elizabeth,https://open.spotify.com/playlist/23lwIy0mPTIZ7aCHIIACwN
🏳️‍🌈queers with guns 🦅,55nVeNB5MgPPgUUMIgJILa,hardhathoe,https://open.spotify.com/playlist/55nVeNB5MgPPgUUMIgJILa
Guitar Queer-O,1gTuMDHYh5LnsMjAVkOloW,Gavin,https://open.spotify.com/playlist/1gTuMDHYh5LnsMjAVkOloW
The songs from that queer game about a girl who does mountain climbing and dies a fuck ton of times,7JKml0RFr73PJ7jpOhCtt7,LixieZixie,https://open.spotify.com/playlist/7JKml0RFr73PJ7jpOhCtt7
slamming gears in the subuwu,1fGXRWJjxImy2Aea4UtqHQ,rhcm123,https://open.spotify.com/playlist/1fGXRWJjxImy2Aea4UtqHQ
Americana ,4dtxWPs9zYhb9hSe22ZHIs,Downwiththehippies,https://open.spotify.com/playlist/4dtxWPs9zYhb9hSe22ZHIs
I am a queer queen 👑,2THWaRkcWcc1GaHO8DWBWz,Frogmaster35 💚🐸,https://open.spotify.com/playlist/2THWaRkcWcc1GaHO8DWBWz
queer catholics,5jerS9zkliThqGXsbSpzVl,𝙾𝚞𝚛 𝚜𝚢𝚜𝚝𝚎𝚖 𝚒𝚜 𝚊𝚜𝚝𝚛𝚊𝚢,https://open.spotify.com/playlist/5jerS9zkliThqGXsbSpzVl
Queer pop,5YaoZbKOnttGtkqcZCMxZY,peter.fischerking,https://open.spotify.com/playlist/5YaoZbKOnttGtkqcZCMxZY
Queer Playlist,0tq5tRcGDxjRBTAQ39muud,Sage ❀,https://open.spotify.com/playlist/0tq5tRcGDxjRBTAQ39muud
Uncle Nat’s tender queer shoegaze 4 the new millennia,6guKCjEyPd2s9kU8XItxfr,Uncle Nat’s,https://open.spotify.com/playlist/6guKCjEyPd2s9kU8XItxfr
religious trauma ~ your resident queer asshole,7CZMJaxRIIteP2r9CFQoKP,ℂ𝕒𝕤 (𝕥𝕙𝕖𝕪/𝕚𝕥),https://open.spotify.com/playlist/7CZMJaxRIIteP2r9CFQoKP
that one questionably queer friendship you had with that girl,4hkMMifjKvxlCb3JRnhfco,spaghetti,https://open.spotify.com/playlist/4hkMMifjKvxlCb3JRnhfco
Women Loving Women #wlw,2WV73cS2yL34YqVD2ebNQh,NOON 22,https://open.spotify.com/playlist/2WV73cS2yL34YqVD2ebNQh
… ame !!,24396WNMTXoJ5ijXgwRE1c,⋯    valꫀn    𓂅,https://open.spotify.com/playlist/24396WNMTXoJ5ijXgwRE1c
the makings,5a22jZYoAnamp11fztIW5v,carlycharrlie,https://open.spotify.com/playlist/5a22jZYoAnamp11fztIW5v
Queer,2bdQF85TrCsBvT4e5IYx9Y,Mario,https://open.spotify.com/playlist/2bdQF85TrCsBvT4e5IYx9Y
Queer guilt,37wp1EqzKUbEKZugM8MuET,Tobitime.isgay,https://open.spotify.com/playlist/37wp1EqzKUbEKZugM8MuET
Pan-queer,7uyRK3aADzL7z1LGhpHBUZ,E Thao,https://open.spotify.com/playlist/7uyRK3aADzL7z1LGhpHBUZ
Queercore Salvage,16oDxqoeeT1JyL7mnZzcZx,CassandraTruth,https://open.spotify.com/playlist/16oDxqoeeT1JyL7mnZzcZx
Queer as Victor,0g3ujM9UoLpRCRN7LqF6Qv,Yo Soy SFVato,https://open.spotify.com/playlist/0g3ujM9UoLpRCRN7LqF6Qv
Chaotic and Queer,5ABWYEgZQYM2mh1MAimfIY,EmmaDilemma,https://open.spotify.com/playlist/5ABWYEgZQYM2mh1MAimfIY
fucking queers but music,3u1RsrxX9X3H68pv55281s,aspen,https://open.spotify.com/playlist/3u1RsrxX9X3H68pv55281s
Crisco Disco,6T8Dqg9JKL7uzNNrJB8Niu,DISCOTHÈQUE FRAGRANCES,https://open.spotify.com/playlist/6T8Dqg9JKL7uzNNrJB8Niu
healing,4RqktlOqjl2dQqUook91XC,piercethesir,https://open.spotify.com/playlist/4RqktlOqjl2dQqUook91XC
Queer Energy ,4kjdzNMFrejOJQh0RAWehV,Anna Revella Nichols,https://open.spotify.com/playlist/4kjdzNMFrejOJQh0RAWehV
Queer J new,47kH81gtsejbl8jqUSXT30,Null,https://open.spotify.com/playlist/47kH81gtsejbl8jqUSXT30
queer bash trax,0ilWn7x6OGdZaJWEDwkwS9,thecassreport,https://open.spotify.com/playlist/0ilWn7x6OGdZaJWEDwkwS9
i'm queer,7A4Gt3DxQ0gcEDudBjSpLR,calixress,https://open.spotify.com/playlist/7A4Gt3DxQ0gcEDudBjSpLR
summer of (queer) love,6gI7KU6J3YJ3gg1U1JYGoY,aprilshowersgirl,https://open.spotify.com/playlist/6gI7KU6J3YJ3gg1U1JYGoY
some queer's playlist ,5hDXQWKCPoYoz07jJdxL3F,willow,https://open.spotify.com/playlist/5hDXQWKCPoYoz07jJdxL3F
🏳️‍⚧️☀️queer summer☀️🏳️‍⚧️,7MgFBY6tGMdUfuIFffxm49,dee…..,https://open.spotify.com/playlist/7MgFBY6tGMdUfuIFffxm49
The Animus Guild ,7xq0CDNL1zxCF087XigBdS,shikigami,https://open.spotify.com/playlist/7xq0CDNL1zxCF087XigBdS
This N’ That Indie,1GPvkGPJ5kWCFgvK1aWoxv,Blanton DePalma,https://open.spotify.com/playlist/1GPvkGPJ5kWCFgvK1aWoxv
gay indie barista playlist ,1fKsvEC11NouusvoRXWUip,ray,https://open.spotify.com/playlist/1fKsvEC11NouusvoRXWUip
QUEER DEPRESSION MIXED WITH A GOD COMPLEX,17HM6nw3Hlp9E3AGyKo4TX,vHopsfy,https://open.spotify.com/playlist/17HM6nw3Hlp9E3AGyKo4TX
queer yearning,6uuWquPoeALWSO1PvL68OB,Gail,https://open.spotify.com/playlist/6uuWquPoeALWSO1PvL68OB
Queer Cooking,3oR7VHjexXPe42hERZFB0C,Mo,https://open.spotify.com/playlist/3oR7VHjexXPe42hERZFB0C
"Breath Easy, Breath Queer",1NSM6eGVbZhFxK3kGxtSUE,Mavis,https://open.spotify.com/playlist/1NSM6eGVbZhFxK3kGxtSUE
"Grindin Gears, Passing Queers",6Ja5GglrqGGvkImrJgIBdh,Zbubb03,https://open.spotify.com/playlist/6Ja5GglrqGGvkImrJgIBdh
SORRY you don’t have childlike whimsy (big queer roadtrip),3ujFpHUHDw0g8cmADICLq9,Izzy,https://open.spotify.com/playlist/3ujFpHUHDw0g8cmADICLq9
💚KIN SONGS💜,5B5mLRzn3uwI5r94w11Sxv,haikyuu_fan25,https://open.spotify.com/playlist/5B5mLRzn3uwI5r94w11Sxv
playing dress up,34qcvBzFexyN3Q04zmtmWR,chlo,https://open.spotify.com/playlist/34qcvBzFexyN3Q04zmtmWR
TOXIC YURI,5aEJzZ6nZf2ybyhrFXjIjq,pillowspALT,https://open.spotify.com/playlist/5aEJzZ6nZf2ybyhrFXjIjq
Queer Mix,01y9RWRvw7zw6MXOjDidGW,Asher Luttinen,https://open.spotify.com/playlist/01y9RWRvw7zw6MXOjDidGW
Pov: Queer College Student,4TCSQpfzRt6oH0XINuZUIu,Starlight,https://open.spotify.com/playlist/4TCSQpfzRt6oH0XINuZUIu
🏳️‍🌈Queer as Folk Music😉,5pznrAWY9f0sRQ8rhBYG98,Hell_Ryder,https://open.spotify.com/playlist/5pznrAWY9f0sRQ8rhBYG98
angsty queer catholic guilt complex,4FG5UaV4TAwN8EnOjRh1UU,b,https://open.spotify.com/playlist/4FG5UaV4TAwN8EnOjRh1UU
⊂ 🪳 ⊃  ＇ EVERYONE'S A LITTLE QUEER... ＇ ┄  roach cod playlist,3Dj78NJ0W86IQqjFYE7Hr9,﹒ 🎲 ✦ ﹒ lucky . ☆,https://open.spotify.com/playlist/3Dj78NJ0W86IQqjFYE7Hr9
Less Queers More Beers,4zjfeJabB83uPyCz82MV5L,Levi Spaulding,https://open.spotify.com/playlist/4zjfeJabB83uPyCz82MV5L
#QueersWithoutLabels,0To3fIBWNL6U2DstBL7pkm,Ben Rew,https://open.spotify.com/playlist/0To3fIBWNL6U2DstBL7pkm
this isnt the 2000s queermo,66pEHJPwypw5xwldhebCLj,frnkthewurld,https://open.spotify.com/playlist/66pEHJPwypw5xwldhebCLj
you need sunshine,5gXvsCtNLmbBNdF1b33b1Q,(っ◔◡◔)っ ♥ datonefemboy ♥,https://open.spotify.com/playlist/5gXvsCtNLmbBNdF1b33b1Q
angry women are hot (gay),0Bxgfti4hnv3aapn8pqfH4,graffitithesky,https://open.spotify.com/playlist/0Bxgfti4hnv3aapn8pqfH4
"Black, Queer, & Proud (3)",7fc5lAne6DxtR1QTj8qt8W,affirmations,https://open.spotify.com/playlist/7fc5lAne6DxtR1QTj8qt8W
The Queer Kingdom ,5WYJZd2D768pgRj3yYlktf,The Prophet Juno,https://open.spotify.com/playlist/5WYJZd2D768pgRj3yYlktf
Queer Road Trip,3IJi88fx4RVH2Bq5WJUbtg,Sakata Ri,https://open.spotify.com/playlist/3IJi88fx4RVH2Bq5WJUbtg
A depressed queer badass,2svsYbYEGhRzwbBdyaEUY4,Midnight,https://open.spotify.com/playlist/2svsYbYEGhRzwbBdyaEUY4
IDEAL QUEER CLUB,3JNoIbltmRpjyAmhKgk0SZ,luna.,https://open.spotify.com/playlist/3JNoIbltmRpjyAmhKgk0SZ
DJ_Girlie Queer Pop,6roA5yAHTehjeQuBFPNirz,Kelly Fin,https://open.spotify.com/playlist/6roA5yAHTehjeQuBFPNirz
bangers but im queer and severely mentally ill,3IUChi16z68mtu0pfgZSzU,Subtle hints at cannibalism,https://open.spotify.com/playlist/3IUChi16z68mtu0pfgZSzU
Deconstructing Christianity for the queer kid,7c8lOngaYLurNqb33PUu9Y,Emily Berry,https://open.spotify.com/playlist/7c8lOngaYLurNqb33PUu9Y
"Gay Love Songs, Boys About Boys - Vol. 2",1fPiic7CjgCxmWaUs9G8Rz,your own kind of music,https://open.spotify.com/playlist/1fPiic7CjgCxmWaUs9G8Rz
ASYLUM.,6HRizyCjDY4ZT5FbUhdN1t,Marcellus Turnage,https://open.spotify.com/playlist/6HRizyCjDY4ZT5FbUhdN1t
Queer vocaloid songs,2fzlgHj0yMGuJw0sv5HTni,Carterfabmill,https://open.spotify.com/playlist/2fzlgHj0yMGuJw0sv5HTni
Queer,5PP5ghf5zWuqmnMPIlzBbN,Trevor Beliveau,https://open.spotify.com/playlist/5PP5ghf5zWuqmnMPIlzBbN
Queer Summer,16eHPSRjHPnqA9CxXOgY1e,ixchor,https://open.spotify.com/playlist/16eHPSRjHPnqA9CxXOgY1e
Queer Summer,0F4vw7vYw4bVPuhYj6MLcH,Rob Reynolds,https://open.spotify.com/playlist/0F4vw7vYw4bVPuhYj6MLcH
queer country and folk ,2AzY2htRGzO9cwRTfY3Rac,Naekita,https://open.spotify.com/playlist/2AzY2htRGzO9cwRTfY3Rac
Pov: you're a queer coded villain,5S2mhSkj3ucTMeQuMIbGf4,Gemma Gallardo,https://open.spotify.com/playlist/5S2mhSkj3ucTMeQuMIbGf4
The Family Queers,0MTIt71Hvwme6yRpKhWQLU,acartfullofmilk,https://open.spotify.com/playlist/0MTIt71Hvwme6yRpKhWQLU
queer identity crisis summer,1rWZC9I9ZDnKXH48NVHd2j,MAKY ⭐️,https://open.spotify.com/playlist/1rWZC9I9ZDnKXH48NVHd2j
queer limerance ,3YNWYSmPIC1ZVIjR4PFQXy,jaological,https://open.spotify.com/playlist/3YNWYSmPIC1ZVIjR4PFQXy
"WELCOME, ONE AND ALL, TO QUEERMAGEDDON!!!",2ldH9wruIRIZoB5zAnupAK,Adelyn,https://open.spotify.com/playlist/2ldH9wruIRIZoB5zAnupAK
A Queer Love Vibe ✨🏳️‍🌈💋🏳️‍⚧️💘,2F6r1UM1HjV6ALgGv1C984,alavermon,https://open.spotify.com/playlist/2F6r1UM1HjV6ALgGv1C984
Queer jams for summer 2026,5spqfnbO9s0iHVJXizPTd2,Steve Malick,https://open.spotify.com/playlist/5spqfnbO9s0iHVJXizPTd2
Oh look a queer,0YfPLgYpldGKzGT5mgL1Gk,Rameno,https://open.spotify.com/playlist/0YfPLgYpldGKzGT5mgL1Gk
Queer Spirituality,5YPfLepjMN4Beo9Kd7PTkD,Theo,https://open.spotify.com/playlist/5YPfLepjMN4Beo9Kd7PTkD
#streamqueer,6haCvDrB3Scho2hbUsg5n7,Chauncey Dandridge,https://open.spotify.com/playlist/6haCvDrB3Scho2hbUsg5n7
Modern Queer Millennial,5wlv0u43FnzudmYNPt0Rio,Heather Gelabert,https://open.spotify.com/playlist/5wlv0u43FnzudmYNPt0Rio
Gut wrenching queer music🫂,74tUJttRME5rSOaz4FIqhB,ShallowRivrLesbian,https://open.spotify.com/playlist/74tUJttRME5rSOaz4FIqhB
queer tingles ,6WLaYaksVIBeALSw7sRjSk,godofsmallthings,https://open.spotify.com/playlist/6WLaYaksVIBeALSw7sRjSk
The Best Of Queer As Folk,4sIiqCkZpw43GruL65WYTI,Feroni,https://open.spotify.com/playlist/4sIiqCkZpw43GruL65WYTI
Fungus....,4Et9KJwobQKDi4MPK9Gidb,CLAYTON!,https://open.spotify.com/playlist/4Et9KJwobQKDi4MPK9Gidb
QUEER HIP HOP,3ATQXRlYGeVSvkfA7p3QFB,NAL/Q,https://open.spotify.com/playlist/3ATQXRlYGeVSvkfA7p3QFB
🏳️‍🌈💜🧂🐰the queer😼🍓🩵🏳️‍🌈,4KiH8HpQhjS9iN52hRIBNJ,🫐🪊alligator🪊🫐,https://open.spotify.com/playlist/4KiH8HpQhjS9iN52hRIBNJ
protect queer art 🌈☮️,5p8pbz4NbDq3CK4k2U0JuD,sophi :),https://open.spotify.com/playlist/5p8pbz4NbDq3CK4k2U0JuD
Queer faves ,6ckRFrfmK1CibURBsmaw9K,Hannah Wilczewski,https://open.spotify.com/playlist/6ckRFrfmK1CibURBsmaw9K
Queer Punk ,5Wq3ziwINNly9yoNCmgHWY,Amy V. Chavez,https://open.spotify.com/playlist/5Wq3ziwINNly9yoNCmgHWY
My Queer Brain,5ZS5hZRHAfPbMk9QV0qZo4,MadSquishyPanda,https://open.spotify.com/playlist/5ZS5hZRHAfPbMk9QV0qZo4
🫦✨Qualified Queer✨🫦,1kfEMoscTUcsqvCtrb5366,MysteriousMalfunction45,https://open.spotify.com/playlist/1kfEMoscTUcsqvCtrb5366
Queer bops,5az70Sj4qnUlHrRyXL3AgX,jordan Rogers,https://open.spotify.com/playlist/5az70Sj4qnUlHrRyXL3AgX
fruit fly ,0vmct0hrsYKIF8gVebCBDi,clownonmarz,https://open.spotify.com/playlist/0vmct0hrsYKIF8gVebCBDi
queer club vibes,5ql6Kjg8VOfO5khMH5OPxn,seohbin,https://open.spotify.com/playlist/5ql6Kjg8VOfO5khMH5OPxn
Queer As Folk [1999] British - UK Soundtrack,7lRBqTk6GJMu7P5lx8zxRs,Dr Buckaroo Banzai,https://open.spotify.com/playlist/7lRBqTk6GJMu7P5lx8zxRs
QUEERS JAMS,1rRl3ZuPCmcdCt5QxJ8wpo,aris,https://open.spotify.com/playlist/1rRl3ZuPCmcdCt5QxJ8wpo
So queer,50lXrfaVXBINproMwjlH6R,Lily,https://open.spotify.com/playlist/50lXrfaVXBINproMwjlH6R
Queer intentions 🌙🌷🩵,4ybL0EqB6imWwuVWgn65V6,Emily🐵💛✨,https://open.spotify.com/playlist/4ybL0EqB6imWwuVWgn65V6
queer stuff???,14g1VvONSOFfztJvhFUzFw,⁺‧₊˚ ཐི⋆♱⋆ཋྀ ˚₊‧⁺,https://open.spotify.com/playlist/14g1VvONSOFfztJvhFUzFw
'60s '70s '80s Queer Anthems,1bJReEntajt8yLI2n9yJUn,Kevin R Tengesdal,https://open.spotify.com/playlist/1bJReEntajt8yLI2n9yJUn
<3 girls girls girls <3,73hHQZGzkLjkrz7XL0TovR,trin,https://open.spotify.com/playlist/73hHQZGzkLjkrz7XL0TovR
🐌🔫 ,29A4Yw4gyHDxS2dmU35k6e,Ollie,https://open.spotify.com/playlist/29A4Yw4gyHDxS2dmU35k6e
✨ QUEERCORE,35kaiqB2MRyWSTs9fZfxIE,Fleezy X ✨,https://open.spotify.com/playlist/35kaiqB2MRyWSTs9fZfxIE
queer techno rave electropop lesbianas,3A3xuwmaVjxWaybhr6doIL,🍓asra,https://open.spotify.com/playlist/3A3xuwmaVjxWaybhr6doIL
Queer Pregame,1RqgqOKVzITHIBgeXZjR7P,cnbazex3,https://open.spotify.com/playlist/1RqgqOKVzITHIBgeXZjR7P
Hot Queer Summer,2DQTh58ui9yHDXwmzzBLck,Sam Carlin,https://open.spotify.com/playlist/2DQTh58ui9yHDXwmzzBLck
Queer Coffee Shop Vibes,7hoQ5iOdsuOTG7HGF9gIM6,✨THEO✨,https://open.spotify.com/playlist/7hoQ5iOdsuOTG7HGF9gIM6
I’m a Queer again 😭,6TZMnB55rj3mpc1yr5uelU,🌼🍯Beez🍯🌼,https://open.spotify.com/playlist/6TZMnB55rj3mpc1yr5uelU
Super Queer Summer ‘23,1pIa4lUleXVGo2swY64qy0,cherishardinger,https://open.spotify.com/playlist/1pIa4lUleXVGo2swY64qy0
THE GOON ZONE FOR QUEERS AND PEOPLE WHO LIKE PIANOS,0y5mP1w7r90eDJQugDg6at,Whatpure,https://open.spotify.com/playlist/0y5mP1w7r90eDJQugDg6at
Qveer Modern Witch hip hop,2vGyYoDHGrIlTLoVjTM3cO,Liam Lobotomy,https://open.spotify.com/playlist/2vGyYoDHGrIlTLoVjTM3cO
DBDBAQ,2esHEitNIFiBfJzDzlTc6V,Łőğäñ,https://open.spotify.com/playlist/2esHEitNIFiBfJzDzlTc6V
Club Babylon - Queer As Folk,71JjhDEgPET0xuF4IYaA7R,Gabriele Librando,https://open.spotify.com/playlist/71JjhDEgPET0xuF4IYaA7R
Queer Joy,7uWScrCoLCWLWAoMi6kep4,KK 💞,https://open.spotify.com/playlist/7uWScrCoLCWLWAoMi6kep4
90s  queer club mix,2UXzQMibeBbuySndZt3auX,ettndb,https://open.spotify.com/playlist/2UXzQMibeBbuySndZt3auX
the toxic queers ever,6U3pEVIYEm2V2PtekSZqji,scribbles.out.ur.name,https://open.spotify.com/playlist/6U3pEVIYEm2V2PtekSZqji
THERES STILL TIME. | a queer experience ,6rUx5xcvJOitzCN2LA0pJ4,Gravity,https://open.spotify.com/playlist/6rUx5xcvJOitzCN2LA0pJ4
everyone's a little queer,4lBWYTLxnHxYfLGWbbP3Zt,xiben.,https://open.spotify.com/playlist/4lBWYTLxnHxYfLGWbbP3Zt
Super Graphic Ultra Modern  Playlist for Queers,43B8CdwKYvQ6DndXr4bE33,Elle,https://open.spotify.com/playlist/43B8CdwKYvQ6DndXr4bE33
1789 (..2) 250ani23,514T9y2i3FuQyPqZVXfJL7,stellabellablue,https://open.spotify.com/playlist/514T9y2i3FuQyPqZVXfJL7
theon greyjoy & sansa stark,5dy77jmcdpjnDaQI8vX73s,lexie,https://open.spotify.com/playlist/5dy77jmcdpjnDaQI8vX73s
me (real),43m87QkqDhQm2ira41p4gf,terry,https://open.spotify.com/playlist/43m87QkqDhQm2ira41p4gf
Queer Shows 🎵,0RyypgRMTnXHjJHVt0b9vI,Humberto S.,https://open.spotify.com/playlist/0RyypgRMTnXHjJHVt0b9vI
2025 Queer Pop with Gay Lyrics,5ejTnMMnKoUVerDVCaj8JH,David Jesch,https://open.spotify.com/playlist/5ejTnMMnKoUVerDVCaj8JH
"Queer,Angry, and Ready to Fight God ",3fK3V4RfXMTi7B2rTow66W,Elizabeth Withington,https://open.spotify.com/playlist/3fK3V4RfXMTi7B2rTow66W
🪩 Solid Queer Disco 🪩,3Sft9L9XNXyGYZcIwH63kq,smtaffy,https://open.spotify.com/playlist/3Sft9L9XNXyGYZcIwH63kq
QUEER COUNTRY LINE DANCING ,4MSEdRbf5aToFcKm08gRot,mia!,https://open.spotify.com/playlist/4MSEdRbf5aToFcKm08gRot
QueerAF,0r91APYMGJtTpMs1iMjjZP,Finn Zavier Lott,https://open.spotify.com/playlist/0r91APYMGJtTpMs1iMjjZP
Depressed ✅ Queer✅ Nerd✅ Enjoying life 🤷,4c5PgBm1dNBZyKGF9hU0We,Helen Johnson,https://open.spotify.com/playlist/4c5PgBm1dNBZyKGF9hU0We
Musical expresso for this queer's depresso,3YQ9PJXKHCknwxHTx1hLZ6,Paige Brescol,https://open.spotify.com/playlist/3YQ9PJXKHCknwxHTx1hLZ6
"Drinkin Beers, Shootin Queers",6bxKcGe2OcAE4a18nk128B,Salinator,https://open.spotify.com/playlist/6bxKcGe2OcAE4a18nk128B
Q redneck side,79tDNOxsOvtXAH6zk2xWMH,Lilquil,https://open.spotify.com/playlist/79tDNOxsOvtXAH6zk2xWMH
. + Queer playlist ,4pLPd2GqxHvWeGaH0wOtXL,Goreykitten,https://open.spotify.com/playlist/4pLPd2GqxHvWeGaH0wOtXL
Queerlist,6urE7FksxLKVcm2Mo3r7af,U,https://open.spotify.com/playlist/6urE7FksxLKVcm2Mo3r7af
Queer love,2ZLgAhVRXDmIPjdg8PyR7S,Laura Fetter,https://open.spotify.com/playlist/2ZLgAhVRXDmIPjdg8PyR7S
Love Beer Fuck Queer,4bM5YIwNJ29z8SJmrvwBc3,Peyton,https://open.spotify.com/playlist/4bM5YIwNJ29z8SJmrvwBc3
Ahoy ya Queer,4sG47N58XkTKojzrTC7bnC,Ben Birdwell,https://open.spotify.com/playlist/4sG47N58XkTKojzrTC7bnC
Uh Oh They’re Letting the Queer Drive,5QHbfFtpMisVsurqSrkN2X,Grace,https://open.spotify.com/playlist/5QHbfFtpMisVsurqSrkN2X
tuesgayz at barbarella’s,3Nw1YZBwmoGpQrIazJGXIK,lenny vo,https://open.spotify.com/playlist/3Nw1YZBwmoGpQrIazJGXIK
This Ain’t Rock n Roll,0wAsrXgcWl9puPxA4hHK0x,O. Long,https://open.spotify.com/playlist/0wAsrXgcWl9puPxA4hHK0x
"theylist 🖤 (non-binary, trans, & gender non-conforming artists)",4zL855dPTE5Np2scg0mOtj,Whit Lindeman,https://open.spotify.com/playlist/4zL855dPTE5Np2scg0mOtj
Queer with existential fear,39HuQv0c4gqCEg60wyufiA,ajeckle2,https://open.spotify.com/playlist/39HuQv0c4gqCEg60wyufiA
queer teenage romance ,1DMZwkiIDPOI9gNS72cdVl,«•Kage•»,https://open.spotify.com/playlist/1DMZwkiIDPOI9gNS72cdVl
QUEER WHORE-CORE,7xJHQQqaVOfQbV67MYrrIt,IHateTom,https://open.spotify.com/playlist/7xJHQQqaVOfQbV67MYrrIt
Queer Grief Club Volume I,4WhX7qjaQMJwsITneP5BAe,jamiethrower,https://open.spotify.com/playlist/4WhX7qjaQMJwsITneP5BAe
🕸Queer flavored angst🕸,1lNb3ZeWCQpnboT49J7mwm,alliecupcakes,https://open.spotify.com/playlist/1lNb3ZeWCQpnboT49J7mwm
queerlist,5WeuR3GKeaJf0tm63mDfdw,vi,https://open.spotify.com/playlist/5WeuR3GKeaJf0tm63mDfdw
htdc thinker 💭,6nmd2P98hHlmqIpOss9gJl,jaide ˙⋆✮,https://open.spotify.com/playlist/6nmd2P98hHlmqIpOss9gJl
Favs,0rplAHllwxnlAGWi420iMZ,Babbling,https://open.spotify.com/playlist/0rplAHllwxnlAGWi420iMZ
I AM A RAGING BISEXUAL ,4C9Lzb5Zwwzy2vjuIajayS,Kilroy,https://open.spotify.com/playlist/4C9Lzb5Zwwzy2vjuIajayS
Queer 106.9,25avTTzzrkgj87aFYN7ppu,trevaconda,https://open.spotify.com/playlist/25avTTzzrkgj87aFYN7ppu
Seemingly Queer,2GeSHz7VAzZX8wKyaRBUFG,Courtney Blank,https://open.spotify.com/playlist/2GeSHz7VAzZX8wKyaRBUFG
Feeling a bit queer,13MuOspIwkD55nDEiMQieN,Jessamy,https://open.spotify.com/playlist/13MuOspIwkD55nDEiMQieN
to the shame of queer theorists everywhere ,2jjtIr0vcZnJT1whHYnDHX,katmcquade3,https://open.spotify.com/playlist/2jjtIr0vcZnJT1whHYnDHX
soft wlw instrumentals ,7t5SfVHp2f55CM9uKT3D5S,molliewags,https://open.spotify.com/playlist/7t5SfVHp2f55CM9uKT3D5S
Silly lil' playlist,6LYTUxJIEafhQntcY6h85P,Rose Evergreen,https://open.spotify.com/playlist/6LYTUxJIEafhQntcY6h85P
Chill Gay Summer 6,2smhlo7kdXeRw23VP6l9MK,William McFadden,https://open.spotify.com/playlist/2smhlo7kdXeRw23VP6l9MK
sheepdog,39y0wKpE6uKFmTnzL5RoFu,marcell-y,https://open.spotify.com/playlist/39y0wKpE6uKFmTnzL5RoFu
Queer coated shit,6461jDGU2GZqE7ojqKURf4,Leo🏳️‍⚧️,https://open.spotify.com/playlist/6461jDGU2GZqE7ojqKURf4
Queer Dance Party ,1tEVRSsW4mCaJvVmBIEmzx,AriEl Danica Amaris,https://open.spotify.com/playlist/1tEVRSsW4mCaJvVmBIEmzx
queer little creatures and gay to be certain too! ,0vGbtTO7lq8vXJsUW0ZAD2,Rachel,https://open.spotify.com/playlist/0vGbtTO7lq8vXJsUW0ZAD2
Queer ,31wLcxkkPn6fxFt5oDYbbd,colon.swin,https://open.spotify.com/playlist/31wLcxkkPn6fxFt5oDYbbd
Queer Cafe,5TpjDP2yV7Cz2LjjD3yTt7,Savannah,https://open.spotify.com/playlist/5TpjDP2yV7Cz2LjjD3yTt7
Queerly Beloved,0cEmxwtCjhi9RwrzLrbFk6,HT,https://open.spotify.com/playlist/0cEmxwtCjhi9RwrzLrbFk6
queer STEM shit,2MkPcF6ONED30OYftij8hj,☆Leviathan☆,https://open.spotify.com/playlist/2MkPcF6ONED30OYftij8hj
Muse Paintbar: Queer Icons,4TV2XJIJpkVO3NwwkUrRT6,musepaintbar,https://open.spotify.com/playlist/4TV2XJIJpkVO3NwwkUrRT6
i wish you could know me,2kXulNQQcAfaIlwcVqfi0R,Julia Natoli,https://open.spotify.com/playlist/2kXulNQQcAfaIlwcVqfi0R
mayacore,2e8brDG1hR6WuoD9PWkTjB,maya,https://open.spotify.com/playlist/2e8brDG1hR6WuoD9PWkTjB
BIPOC & Queer Indie+,5qNbc2L2QIRKURLhpcgdmx,phillyfradet,https://open.spotify.com/playlist/5qNbc2L2QIRKURLhpcgdmx
Queer SA,22efPZHDW1AQ66Bi3Vvrcy,OkayAfrica,https://open.spotify.com/playlist/22efPZHDW1AQ66Bi3Vvrcy
Feeling Queer,7uw0YexaJttDViYJpq2uOv,kelvera,https://open.spotify.com/playlist/7uw0YexaJttDViYJpq2uOv
Johnny's Big Queer Pride Jukebox ,6mJ1d6AotD3o2N3exWhCOk,Jonathan Darr (Johnny SPRKLZ),https://open.spotify.com/playlist/6mJ1d6AotD3o2N3exWhCOk
smashin beers and bangin queers ,78zBH27HBweMcP96VZVUid,Sofia,https://open.spotify.com/playlist/78zBH27HBweMcP96VZVUid
How did you know I was queer?,4pknCStR2XMJeOTlfzfcig,Ashensparks,https://open.spotify.com/playlist/4pknCStR2XMJeOTlfzfcig
80’s - 90’s Queer Kid from Suburbia Los Angeles,63VZ3dW6J4UF3nI5bLmip3,Coach Bailie,https://open.spotify.com/playlist/63VZ3dW6J4UF3nI5bLmip3
Songs that make me feel like a WHimSIcAl  gAy FRoG ~,2FP1p2Te81x0Mo35M93aC2,Emu,https://open.spotify.com/playlist/2FP1p2Te81x0Mo35M93aC2
the life of a teenage boy,1GiDUVWHm8bx9U1iUi21qa,ollie!! :3,https://open.spotify.com/playlist/1GiDUVWHm8bx9U1iUi21qa
Queer As Folk,6AXGkwW5njB5zlXqjex2Yo,Rojoma,https://open.spotify.com/playlist/6AXGkwW5njB5zlXqjex2Yo
Queer Thoughts ,7tdx39cuGAqib0qTNm175u,Zaid!,https://open.spotify.com/playlist/7tdx39cuGAqib0qTNm175u
QUEER SPORTS JAMS,5tymyPVDonCnprBjLNKWak,Josh,https://open.spotify.com/playlist/5tymyPVDonCnprBjLNKWak
Queer Joy,3kEkL4Uwc4BTxdTtnn6zrQ,Archie,https://open.spotify.com/playlist/3kEkL4Uwc4BTxdTtnn6zrQ
QueEresRockera?,3MdtWi2wU4tTL8J4BgQNCR,gaby,https://open.spotify.com/playlist/3MdtWi2wU4tTL8J4BgQNCR
Queerly Wonderful ,0O50wgkUeR6ecxFHaoi5vX,Willow,https://open.spotify.com/playlist/0O50wgkUeR6ecxFHaoi5vX
The Queer AFAB Lounge List,3wfP19tMeTJNhKmRbKCYk5,Julie Summer,https://open.spotify.com/playlist/3wfP19tMeTJNhKmRbKCYk5
JAMMIN GEARS N RUNNIN OVER QUEERS,0dUS42uxBEYhhzu4exMjK1,DANIEL ARMSTRONG,https://open.spotify.com/playlist/0dUS42uxBEYhhzu4exMjK1
At  Queer Peace,2nkVzBC1FDcs6c8pprt3Td,Brooke Foster,https://open.spotify.com/playlist/2nkVzBC1FDcs6c8pprt3Td
PERS.  mel,4dDwG2gkAHISsvysV0xR3X,mel,https://open.spotify.com/playlist/4dDwG2gkAHISsvysV0xR3X
Queer Femme Daddy,2D7gI4IVLfgbUq4Y1HmG8a,diva.darling,https://open.spotify.com/playlist/2D7gI4IVLfgbUq4Y1HmG8a
2026 queera,3jGoKXZKshjS0vOnRpvEO4,Jdlangbe,https://open.spotify.com/playlist/3jGoKXZKshjS0vOnRpvEO4
Upbeat Queer  And Queer Adjacent Bops,3BZz8YqtgcEd1AMgX9b3be,tiffanyvictoriaz,https://open.spotify.com/playlist/3BZz8YqtgcEd1AMgX9b3be
Queercore,3Ea9DcOER6inocMW8QXQDN,aids,https://open.spotify.com/playlist/3Ea9DcOER6inocMW8QXQDN
one of them queers,2X5k1MRxzYLdpyvAmTiUcQ,madlars00,https://open.spotify.com/playlist/2X5k1MRxzYLdpyvAmTiUcQ
G’morning it’s longing hours 🌈💖,4xxp0vTRwFAqYvVBvMWZIf,Gwen,https://open.spotify.com/playlist/4xxp0vTRwFAqYvVBvMWZIf
GAYEST PLAYLIST ,5S23AmRqcHagxQrQChSvD7,Alexx the gayest of gays,https://open.spotify.com/playlist/5S23AmRqcHagxQrQChSvD7
I am the woker,0p83sRe17E6ot6hrtUvlF4,Katherine?,https://open.spotify.com/playlist/0p83sRe17E6ot6hrtUvlF4
Y'allternative,6TYzTHimlJg5U9o1Y1Tayq,Daniel Nolan,https://open.spotify.com/playlist/6TYzTHimlJg5U9o1Y1Tayq
QUEER ASF,7k0xzKs7cI3CU54JoCrXCH,ZESTYKING76🏳️‍🌈💅🏾,https://open.spotify.com/playlist/7k0xzKs7cI3CU54JoCrXCH
Queer Pop/Rock,7eWt5R6Vk17faKbQHzY1yD,Katie McNamara,https://open.spotify.com/playlist/7eWt5R6Vk17faKbQHzY1yD
Queertronica,35lQzH1aQJglBkU6dyNqe6,chevelin_x,https://open.spotify.com/playlist/35lQzH1aQJglBkU6dyNqe6
queer-ness,3RubJuGdibLPVOjetz2fmn,Torrential,https://open.spotify.com/playlist/3RubJuGdibLPVOjetz2fmn
005/queer cheer,0fPcw0lzGCpvPM29xneDaX,kidfloat,https://open.spotify.com/playlist/0fPcw0lzGCpvPM29xneDaX
Drinkin beers hatin queers,2iDrE7VBvfW42CQW1frqRb,brz66,https://open.spotify.com/playlist/2iDrE7VBvfW42CQW1frqRb
Hank steel the real queer cowboy ,0NJsqRLK9AXjXHf7L1Tani,Coral<3,https://open.spotify.com/playlist/0NJsqRLK9AXjXHf7L1Tani
the marauders vibe,0VOk53FswAcDJe6OQD8SAa,꩜*ೃ  mízar,https://open.spotify.com/playlist/0VOk53FswAcDJe6OQD8SAa
oh to be a warrior nun,6t4GQtAfp2BsviounrYcjg,grace,https://open.spotify.com/playlist/6t4GQtAfp2BsviounrYcjg
𖥔˖⋆⁺₊M☾☾ny⁺₊Tunes⋆⁺˖✧,6g2rsJJyyJjRwQa2owW9qL,AugustBird,https://open.spotify.com/playlist/6g2rsJJyyJjRwQa2owW9qL
